"","SPECIES","BETA0","BETA1"
"1","TANNER",-2.97077894912307,1.25597683431944
"2","SNOW",-2.36057480582352,1.17657713673398
