"","SPECIES","REGION","DISTRICT","YEAR","SIZE_BIN","NUM_IMMATURE","NUM_MATURE","TOTAL_CRAB","PROP_MATURE","PROP_MATURE_SD","LOGIT","LOGIT_SD","N_CHELA"
"1","TANNER","EBS","ALL",1990,17.5,2.9975510751563,0.00244892484369966,3,0.000816308281233219,0.00360173514672776,-8.77808075700576,1.70231600334668,2
"2","TANNER","EBS","ALL",1990,22.5,11.9890816633027,0.010918336697268,12,0.000909861391439004,0.00244733823988256,-8.14555315431325,1.5008828983194,1
"3","TANNER","EBS","ALL",1990,27.5,49.8031378186625,0.0649621813375186,49.8681,0.00130268009684585,0.00255978858867251,-7.47261257712681,1.28400272213224,9
"4","TANNER","EBS","ALL",1990,32.5,209.497840340388,0.481159659611548,209.979,0.0022914656209028,0.0031384237739385,-6.64903068723082,1.07245170839114,42
"5","TANNER","EBS","ALL",1990,37.5,368.037294215775,1.10210578422459,369.1394,0.00298560864601447,0.00311960066239898,-6.19338622847546,0.878565245670352,63
"6","TANNER","EBS","ALL",1990,42.5,700.128875366545,3.36042463345533,703.4893,0.00477679565766718,0.0038132246289527,-5.58717544007029,0.71118135415191,106
"7","TANNER","EBS","ALL",1990,47.5,543.981892422307,4.51210757769328,548.494,0.00822635722121533,0.00505295108629556,-4.95130711824781,0.57262570054931,55
"8","TANNER","EBS","ALL",1990,52.5,433.355500329094,5.46779967090607,438.8233,0.0124601398123255,0.00524408909813402,-4.45285743597711,0.405744682707938,28
"9","TANNER","EBS","ALL",1990,57.5,755.484014936042,13.6771850639576,769.1612,0.0177819487825927,0.00472756642539445,-4.04641358549216,0.269814318516396,59
"10","TANNER","EBS","ALL",1990,62.5,703.45148679975,16.6082132002498,720.0597,0.0230650503010372,0.00541694305400324,-3.77269553642072,0.235422860302564,68
"11","TANNER","EBS","ALL",1990,67.5,525.827235074597,17.2891649254028,543.1164,0.0318332588104553,0.00735043491272763,-3.44074224550727,0.234747405521377,54
"12","TANNER","EBS","ALL",1990,72.5,648.552936029226,31.6819639707736,680.2349,0.046575034551702,0.00957656917673022,-3.03936311809168,0.211279034523959,63
"13","TANNER","EBS","ALL",1990,77.5,629.134533605334,53.6151663946661,682.7497,0.0785282899350466,0.0130586750734996,-2.476225238667,0.180840899782475,78
"14","TANNER","EBS","ALL",1990,82.5,612.611137368657,98.5923626313432,711.2035,0.138627499205703,0.019249973438236,-1.83605239270682,0.16072712944261,76
"15","TANNER","EBS","ALL",1990,87.5,458.013575936506,155.986524063494,614.0001,0.254049672082291,0.0281632526162751,-1.08243084272328,0.147456224546299,102
"16","TANNER","EBS","ALL",1990,92.5,353.765410046838,172.711689953162,526.4771,0.328051666355787,0.0294217390997824,-0.720024689321466,0.133288753237326,95
"17","TANNER","EBS","ALL",1990,97.5,341.755384066212,180.492415933788,522.2478,0.345606847810155,0.0302117812937479,-0.641135105536145,0.133740975108046,86
"18","TANNER","EBS","ALL",1990,102.5,371.649595829452,215.424704170548,587.0743,0.366946235204894,0.0317261187300539,-0.547815248063168,0.137051164994837,90
"19","TANNER","EBS","ALL",1990,107.5,263.260491633796,205.246008366204,468.5065,0.438085722111014,0.0327713140643918,-0.250026979722924,0.133666596002462,63
"20","TANNER","EBS","ALL",1990,112.5,197.396153153504,219.108546846496,416.5047,0.526065004420109,0.0353150843972571,0.104871925293398,0.142352395539061,59
"21","TANNER","EBS","ALL",1990,117.5,157.03396655087,292.76603344913,449.8,0.650880465649467,0.0338570337000025,0.626264634991932,0.149568077834093,56
"22","TANNER","EBS","ALL",1990,122.5,123.881586739002,321.092913260998,444.9745,0.721598458475705,0.0297744595626507,0.95725609770379,0.148381456317648,73
"23","TANNER","EBS","ALL",1990,127.5,109.851474577688,359.337325422312,469.1888,0.765869358821677,0.0277382405054299,1.19151217767841,0.155189745343188,64
"24","TANNER","EBS","ALL",1990,132.5,92.5554513530718,367.431848646928,459.9873,0.798786941828455,0.0245292167553187,1.3856662023857,0.152637690252801,76
"25","TANNER","EBS","ALL",1990,137.5,54.2401201647166,384.590679835283,438.8308,0.876398556881795,0.0200367319015488,1.97134195083148,0.182847209069453,67
"26","TANNER","EBS","ALL",1990,142.5,16.9797066088218,251.172793391178,268.1525,0.936678917374174,0.013958907599209,2.71765699450837,0.232232762940579,61
"27","TANNER","EBS","ALL",1990,147.5,4.98465462375037,255.38394537625,260.3686,0.980855392609745,0.00838055424442904,4.02229172065536,0.421555349336415,39
"28","TANNER","EBS","ALL",1990,152.5,1.8615686856557,179.909131314344,181.7707,0.989758697712801,0.00522515422816258,4.76452253698367,0.633633343813569,40
"29","TANNER","EBS","ALL",1990,157.5,0.589471977123168,133.029328022877,133.6188,0.995588405395624,0.00225081357366112,5.80524707262547,0.88909807130041,50
"30","TANNER","EBS","ALL",1990,162.5,0.140630095611897,74.8032699043881,74.9439,0.998123528457794,0.000957383439900819,6.86260702951639,1.09587191699883,31
"31","TANNER","EBS","ALL",1990,167.5,0.0665996061764531,68.3138003938235,68.3804,0.99902604245988,0.000496917112306336,7.80853357927427,1.32630505208323,36
"32","TANNER","EBS","ALL",1990,172.5,0.0128297144354477,34.9573702855646,34.9702,0.999633124362015,0.000187181447951297,9.1473331508308,1.58367953949929,17
"33","TANNER","EBS","ALL",1990,177.5,0.00261578936750162,9.9973842106325,10,0.99973842106325,0.000133458641199062,9.893791202886,1.81045208525938,4
"34","TANNER","EBS","ALL",1990,182.5,0.00040639778235585,2.99959360221764,3,0.999864534072548,6.91152691081377e-05,10.6066635182569,1.85537052531227,2
"35","TANNER","EBS","ALL",1991,22.5,170.190313698394,0.353086301606333,170.5434,0.0020703603986219,0.00531824120742594,-7.50416256904738,1.60416946436776,1
"36","TANNER","EBS","ALL",1991,27.5,110.670400952603,0.220799047396841,110.8912,0.00199113227557138,0.00368687369112296,-7.09987060656263,1.31960296154478,8
"37","TANNER","EBS","ALL",1991,32.5,279.905873978769,0.60812602123096,280.514,0.00216789900408165,0.00319570324788253,-6.7662099952544,1.12250636266728,22
"38","TANNER","EBS","ALL",1991,37.5,139.856079752874,0.44322024712554,140.2993,0.00315910519243888,0.00357205621206157,-6.17635129428385,0.91868716955506,13
"39","TANNER","EBS","ALL",1991,42.5,437.709096509305,2.51160349069534,440.2207,0.00570532801091666,0.00519196401381599,-5.44879375496565,0.757965623238654,26
"40","TANNER","EBS","ALL",1991,47.5,862.879878749292,4.30442125070816,867.1843,0.00496367525416242,0.00308436009196437,-5.46332025019384,0.572279667376125,21
"41","TANNER","EBS","ALL",1991,52.5,606.572713581516,7.41048641848418,613.9832,0.0120695263624219,0.00508001238576943,-4.48684265947443,0.410125917308435,32
"42","TANNER","EBS","ALL",1991,57.5,377.502819656116,12.6707803438837,390.1736,0.0324747249529023,0.00992747775273915,-3.43846499001257,0.306399806539046,42
"43","TANNER","EBS","ALL",1991,62.5,291.168346639851,13.0173533601494,304.1857,0.0427941003148714,0.0113875902957199,-3.14091580670622,0.26825874861568,35
"44","TANNER","EBS","ALL",1991,67.5,317.574776894328,14.0851231056723,331.6599,0.0424685743005781,0.00843957598959634,-3.13499612129294,0.206009893818865,45
"45","TANNER","EBS","ALL",1991,72.5,442.643000312044,21.3445996879557,463.9876,0.0460025218086771,0.00772888790268117,-3.04586545568775,0.174996875349616,73
"46","TANNER","EBS","ALL",1991,77.5,594.023853082525,39.8223469174745,633.8462,0.0628265136202986,0.00916812815725997,-2.71301988664193,0.155343206304017,126
"47","TANNER","EBS","ALL",1991,82.5,630.970657339103,75.3234426608971,706.2941,0.106646002934043,0.0122679427459786,-2.1320041333619,0.129099708804167,131
"48","TANNER","EBS","ALL",1991,87.5,519.464817801168,138.493982198832,657.9588,0.210490356233296,0.0177656025401814,-1.32527611706606,0.106924234842796,140
"49","TANNER","EBS","ALL",1991,92.5,418.545912395984,163.105987604016,581.6519,0.280418558942241,0.020907345622627,-0.944746593479428,0.103785378317916,122
"50","TANNER","EBS","ALL",1991,97.5,352.75408420352,169.32911579648,522.0832,0.324333584755227,0.0230881928276064,-0.735887444414435,0.10568009408688,142
"51","TANNER","EBS","ALL",1991,102.5,418.686180126537,181.015419873463,599.7016,0.301842482783877,0.0199793322677347,-0.840332178571122,0.0951175009733631,164
"52","TANNER","EBS","ALL",1991,107.5,318.683141269621,158.808058730379,477.4912,0.332588451327227,0.0257985195904419,-0.698767729993079,0.116530521683647,94
"53","TANNER","EBS","ALL",1991,112.5,269.709103207485,206.629896792515,476.339,0.433787484947726,0.0295146031668269,-0.267384297943378,0.120643539674431,97
"54","TANNER","EBS","ALL",1991,117.5,242.69272436387,217.27237563613,459.9651,0.472367089668608,0.0329014550089412,-0.111138816490657,0.132625416235655,81
"55","TANNER","EBS","ALL",1991,122.5,244.247684521284,257.390315478716,501.638,0.513099716286876,0.0346705679963992,0.0526669855168571,0.139434666178493,68
"56","TANNER","EBS","ALL",1991,127.5,175.821095286713,306.739804713287,482.5609,0.635649934989112,0.03306793064464,0.559326008571583,0.143573132144616,75
"57","TANNER","EBS","ALL",1991,132.5,110.849200552967,282.667099447033,393.5163,0.718311031708299,0.0325665202627094,0.941767059160618,0.161598817838603,63
"58","TANNER","EBS","ALL",1991,137.5,47.4062819987414,246.468118001259,293.8744,0.838685227434777,0.0264057237063714,1.6612757560876,0.194910042026524,55
"59","TANNER","EBS","ALL",1991,142.5,23.206239879436,190.333160120564,213.5394,0.891325723124463,0.0260550460600317,2.13185941832733,0.265489946399091,32
"60","TANNER","EBS","ALL",1991,147.5,4.65756749900704,123.325732500993,127.9833,0.963608005896027,0.0160365298751724,3.3643371746185,0.434587199867411,32
"61","TANNER","EBS","ALL",1991,152.5,1.73767932693364,112.887720673066,114.6254,0.984840364117084,0.00773450810352875,4.39931283889912,0.686832898754804,29
"62","TANNER","EBS","ALL",1991,157.5,0.486301905962179,80.5790980940378,81.0654,0.994001116309027,0.00306065494437387,5.49621317099913,0.880921119276462,25
"63","TANNER","EBS","ALL",1991,162.5,0.218632043361652,53.2148679566383,53.4335,0.995908333847462,0.00208758477170316,6.12365118603096,1.13182456734855,19
"64","TANNER","EBS","ALL",1991,167.5,0.121391515296963,55.023108484703,55.1445,0.99779866504734,0.00112313007788779,7.02944758825252,1.35285567847718,25
"65","TANNER","EBS","ALL",1991,172.5,0.0276600891543701,22.9723399108456,23,0.998797387428071,0.000613577842820973,7.96110424025295,1.59300862008767,13
"66","TANNER","EBS","ALL",1991,177.5,0.00300779695640507,5.99699220304359,6,0.999498700507266,0.000255765047313338,9.25333251430654,1.84895297308509,4
"67","TANNER","EBS","ALL",1991,182.5,0.00058501273610978,1.99941498726389,2,0.999707493631945,0.000149237942885148,10.2041683710127,1.99639821129198,1
"68","TANNER","EBS","ALL",1992,22.5,108.931297349731,0.0641026502692631,108.9954,0.000588122528742158,0.00116909666875778,-8.43293834700012,1.44486990751763,4
"69","TANNER","EBS","ALL",1992,27.5,116.901831554552,0.0935684454477784,116.9954,0.00079976174659669,0.00129987484768005,-7.88480539531564,1.25490042150441,1
"70","TANNER","EBS","ALL",1992,32.5,202.144633752432,0.357966247568221,202.5026,0.00176771185934512,0.00234646073542679,-6.9289984055147,1.10319729704891,10
"71","TANNER","EBS","ALL",1992,37.5,113.932154923937,0.172045076062529,114.1042,0.00150778916168317,0.00152175581680175,-6.89071897201739,0.904756694393798,14
"72","TANNER","EBS","ALL",1992,42.5,246.21486958939,0.551330410609511,246.7662,0.00223422174758744,0.0016892113153275,-6.33620131456489,0.688996186949986,26
"73","TANNER","EBS","ALL",1992,47.5,206.926567427504,0.611032572495984,207.5376,0.0029442017855848,0.00180304879456089,-5.98220620108851,0.561789607729409,18
"74","TANNER","EBS","ALL",1992,52.5,162.850423071146,1.14957692885368,164,0.00700961541983954,0.00398664695582041,-5.08694368351544,0.512764386418143,18
"75","TANNER","EBS","ALL",1992,57.5,244.384166849291,2.94933315070918,247.3335,0.0119245195281237,0.00445057267466916,-4.47929921847693,0.352759870967869,46
"76","TANNER","EBS","ALL",1992,62.5,202.469791160661,4.68330883933902,207.1531,0.022607959230825,0.00624521118601864,-3.80485765581697,0.286123384158155,43
"77","TANNER","EBS","ALL",1992,67.5,192.898790382563,6.33520961743665,199.234,0.0317978337906012,0.00832110098734772,-3.45035436519379,0.27284556263598,18
"78","TANNER","EBS","ALL",1992,72.5,235.606623159319,11.5751768406814,247.1818,0.0468285967683762,0.0102014028573948,-3.03741606604723,0.232883430927827,42
"79","TANNER","EBS","ALL",1992,77.5,208.744718429609,16.8054815703911,225.5502,0.0745088302754381,0.0142791111791157,-2.53788200380756,0.209889945222338,42
"80","TANNER","EBS","ALL",1992,82.5,209.799723589014,33.0451764109859,242.8449,0.136075233249642,0.0205318302906831,-1.85954102022604,0.176687045066914,42
"81","TANNER","EBS","ALL",1992,87.5,166.30037156349,55.0187284365097,221.3191,0.248594578762112,0.0286452189835265,-1.11220960093965,0.155699904267609,43
"82","TANNER","EBS","ALL",1992,92.5,192.172320634501,83.3697793654991,275.5421,0.302566393177301,0.0280540104880012,-0.838695932929316,0.134495521207364,55
"83","TANNER","EBS","ALL",1992,97.5,210.781425286018,94.3965747139822,305.178,0.309316447168479,0.0334310392374416,-0.808077091069684,0.157940098388625,58
"84","TANNER","EBS","ALL",1992,102.5,239.79702658066,103.72497341934,343.522,0.301945649534352,0.0368474569300354,-0.844135242017486,0.175832731436885,51
"85","TANNER","EBS","ALL",1992,107.5,203.886725735724,115.247574264276,319.1343,0.361125627249331,0.0475843807675637,-0.576432832734093,0.208042339338188,38
"86","TANNER","EBS","ALL",1992,112.5,201.169510358856,143.203589641144,344.3731,0.415838489246528,0.0572974668765674,-0.344649482968495,0.238855206327249,37
"87","TANNER","EBS","ALL",1992,117.5,145.438312606406,137.309087393594,282.7474,0.485624580079582,0.0645138761315035,-0.0584764292175018,0.262039694334548,20
"88","TANNER","EBS","ALL",1992,122.5,156.991734218693,262.172265781307,419.164,0.625464652931327,0.0630371836862241,0.522393165565507,0.27481674608208,45
"89","TANNER","EBS","ALL",1992,127.5,130.444662205322,277.802037794678,408.2467,0.68047589311727,0.0620682169806512,0.771214759560299,0.291389994496131,30
"90","TANNER","EBS","ALL",1992,132.5,84.9685057533355,244.977594246664,329.9461,0.742477617546213,0.0639307278155783,1.08667031398825,0.340917695661663,21
"91","TANNER","EBS","ALL",1992,137.5,32.5186466363494,204.848053363651,237.3667,0.863002490929227,0.0426180452077347,1.88724608947451,0.361260868572747,12
"92","TANNER","EBS","ALL",1992,142.5,17.205271589901,197.018728410099,214.224,0.919685602033848,0.0358059193918007,2.5343063369412,0.483902707024737,9
"93","TANNER","EBS","ALL",1992,147.5,5.97644341257217,192.487956587428,198.4644,0.969886572037241,0.0153639938585504,3.67989995033224,0.67363306461419,8
"94","TANNER","EBS","ALL",1992,152.5,2.15793877468136,157.731161225319,159.8891,0.986503527916028,0.00688595514488349,4.6474118628011,0.865207344148391,5
"95","TANNER","EBS","ALL",1992,157.5,0.424398206989949,70.6283017930101,71.0527,0.994026993949703,0.00304745206647814,5.66918420274581,1.06842807815069,1
"96","TANNER","EBS","ALL",1992,162.5,0.0273670938662178,17.2102329061338,17.2376,0.998412360545191,0.000810020130004647,7.23099908402234,1.24028159551244,1
"97","TANNER","EBS","ALL",1992,167.5,0.00393963872705783,5.99606036127294,6,0.99934339354549,0.000335003293117143,8.46443975796324,1.46915893313321,1
"98","TANNER","EBS","ALL",1993,27.5,63.6953409586627,0.0505590413373075,63.7459,0.000793134010772576,0.00148083603989579,-8.01793351845634,1.32697437778622,1
"99","TANNER","EBS","ALL",1993,32.5,102.565903856692,0.144896143308436,102.7108,0.00141071964494908,0.00209680385921501,-7.22063058375595,1.14605126391168,9
"100","TANNER","EBS","ALL",1993,37.5,81.3191119661628,0.369288033837229,81.6884,0.00452069123446204,0.00476973799515015,-5.81660226660853,0.934273307403291,10
"101","TANNER","EBS","ALL",1993,42.5,126.958478439419,0.567421560580497,127.5259,0.0044494613296632,0.0036582549264426,-5.68676108140431,0.750107414164487,5
"102","TANNER","EBS","ALL",1993,47.5,191.468047186239,1.55135281376141,193.0194,0.00803728958727159,0.00548137521402126,-5.01045398786421,0.628316337247541,7
"103","TANNER","EBS","ALL",1993,52.5,139.071966874866,2.24203312513364,141.314,0.0158656122191265,0.00814216439902267,-4.24737387387649,0.497474708393141,8
"104","TANNER","EBS","ALL",1993,57.5,168.953860178358,5.3414398216415,174.2953,0.0306459200084081,0.0127705063081513,-3.53636766005207,0.419619192395795,17
"105","TANNER","EBS","ALL",1993,62.5,162.892499282183,6.52330071781692,169.4158,0.0385046773548684,0.0122447726811619,-3.26285495915511,0.31106777296988,13
"106","TANNER","EBS","ALL",1993,67.5,111.160752533164,4.41964746683626,115.5804,0.0382387279057371,0.0124073982116639,-3.26709547094997,0.295132014164428,7
"107","TANNER","EBS","ALL",1993,72.5,121.459038715974,6.66436128402635,128.1234,0.0520151766502165,0.0123569007830357,-2.93022982171302,0.247560268850396,20
"108","TANNER","EBS","ALL",1993,77.5,126.847935080412,17.3371649195877,144.1851,0.120242417001394,0.0217035830603047,-2.00616183247207,0.206116026084007,22
"109","TANNER","EBS","ALL",1993,82.5,119.745342060433,35.8621579395669,155.6075,0.230465484887084,0.0254695503814187,-1.2112793282966,0.144294105637429,40
"110","TANNER","EBS","ALL",1993,87.5,117.116653317851,48.6404466821493,165.7571,0.293444122044542,0.0313546973108474,-0.883413384661167,0.151426966726684,31
"111","TANNER","EBS","ALL",1993,92.5,107.255945421074,69.5068545789258,176.7628,0.393221054310782,0.0315388534249216,-0.435649842282111,0.132571833055949,56
"112","TANNER","EBS","ALL",1993,97.5,133.990952606221,97.572747393779,231.5637,0.421364606774633,0.0339364162542191,-0.318697332903738,0.139783650447552,54
"113","TANNER","EBS","ALL",1993,102.5,107.844249174039,66.279550825961,174.1238,0.380646131235138,0.0386485247314816,-0.489975258896055,0.1645929167644,44
"114","TANNER","EBS","ALL",1993,107.5,88.1767565396732,64.6858434603268,152.8626,0.423163307835447,0.0401206390831093,-0.31185581005563,0.165296101197459,28
"115","TANNER","EBS","ALL",1993,112.5,90.8484042842104,96.4024957157896,187.2509,0.514830613448531,0.0392832603692295,0.0597291708022019,0.158293457232909,30
"116","TANNER","EBS","ALL",1993,117.5,88.0528189160594,97.0188810839406,185.0717,0.524223212322255,0.042510264449234,0.0977283619909842,0.17186039369132,29
"117","TANNER","EBS","ALL",1993,122.5,109.936525033274,134.438874966726,244.3754,0.550132603227353,0.0509595796312569,0.203372934715536,0.208314445110491,27
"118","TANNER","EBS","ALL",1993,127.5,87.3437701428977,149.774429857102,237.1182,0.631644596901892,0.0507274772218638,0.545669226556596,0.220783200397689,34
"119","TANNER","EBS","ALL",1993,132.5,63.6484333120757,154.324866687924,217.9733,0.707998946145809,0.0416530292857029,0.894193235408498,0.203006771922425,39
"120","TANNER","EBS","ALL",1993,137.5,33.4994572744804,130.24864272552,163.7481,0.795420787939033,0.0409489191508589,1.37683766463018,0.254204573646924,34
"121","TANNER","EBS","ALL",1993,142.5,12.5880713576744,84.3299286423257,96.918,0.870116269860353,0.0380232396887056,1.94421822769514,0.340400539569903,8
"122","TANNER","EBS","ALL",1993,147.5,5.02469182742669,93.9771081725733,99.0018,0.949246459888338,0.0258946633222763,3.05867599919253,0.543066752464501,7
"123","TANNER","EBS","ALL",1993,152.5,1.76698434484166,74.0881156551583,75.8551,0.976705793745685,0.0118847991093442,3.98575825931872,0.734648389319168,7
"124","TANNER","EBS","ALL",1993,157.5,0.618975029481113,63.8000249705189,64.419,0.990391421327852,0.00490233605721844,5.07293546747547,0.951218106146612,5
"125","TANNER","EBS","ALL",1993,162.5,0.168965358665794,36.4567346413342,36.6257,0.995386699539782,0.0023537247246008,6.04576191598481,1.18043658594417,4
"126","TANNER","EBS","ALL",1993,167.5,0.034972648830756,14.5069273511692,14.5419,0.997595042681441,0.00122701904008121,7.00857557533881,1.40727009276859,1
"127","TANNER","EBS","ALL",1994,32.5,148.937491818929,0.43570818107062,149.3732,0.00291691000173137,0.00490096850174947,-6.46566423800674,1.0999608173218,3
"128","TANNER","EBS","ALL",1994,37.5,68.1287321393208,0.271267860679186,68.4,0.00396590439589453,0.00430647895013118,-5.94413411554057,0.924829204448309,5
"129","TANNER","EBS","ALL",1994,42.5,184.365519160901,1.41298083909937,185.7785,0.00760572853747539,0.00698430305855238,-5.2090833403285,0.833047875300143,12
"130","TANNER","EBS","ALL",1994,47.5,219.136945921882,1.43705407811787,220.574,0.00651506559303395,0.00423252172847493,-5.21208451473648,0.618834173817425,4
"131","TANNER","EBS","ALL",1994,52.5,142.411550675467,2.17724932453255,144.5888,0.0150582156054449,0.00744980298925296,-4.29646791697447,0.492454167073596,9
"132","TANNER","EBS","ALL",1994,57.5,96.2646236702142,2.58257632978579,98.8472,0.0261269548331747,0.00992889273766066,-3.68557468520294,0.376668869881609,8
"133","TANNER","EBS","ALL",1994,62.5,69.7371317814108,3.82766821858923,73.5648,0.0520312461746546,0.0200747900516745,-2.97364400427326,0.4005690429941,12
"134","TANNER","EBS","ALL",1994,67.5,54.9943772407957,4.29642275920426,59.2908,0.0724635653289255,0.0232404870242817,-2.5984405268715,0.339285048244963,9
"135","TANNER","EBS","ALL",1994,72.5,71.7572764891251,7.24272351087486,79,0.0916800444414539,0.0251584182320996,-2.32999927757292,0.30122016089345,22
"136","TANNER","EBS","ALL",1994,77.5,69.681241272561,9.55135872743903,79.2326,0.12054834408361,0.0302226202885558,-2.0177130829164,0.28447691676177,22
"137","TANNER","EBS","ALL",1994,82.5,40.4458351558262,11.4367648441738,51.8826,0.220435460909319,0.0337164375250519,-1.27401808117586,0.197933978067204,21
"138","TANNER","EBS","ALL",1994,87.5,27.3892658335778,20.4933341664222,47.8826,0.427991257083412,0.0469385954692506,-0.292725155543662,0.193371789258355,17
"139","TANNER","EBS","ALL",1994,92.5,33.3051126308588,39.4600873691412,72.7652,0.542293395320032,0.0463051381001158,0.17109457165284,0.188250477595573,26
"140","TANNER","EBS","ALL",1994,97.5,39.5829061541314,49.3715938458686,88.9545,0.555020756070447,0.0506545740774786,0.223358324122354,0.207286374453543,22
"141","TANNER","EBS","ALL",1994,102.5,31.2556416224927,43.1573583775073,74.413,0.57997068223976,0.0476056695493107,0.325649249307966,0.196761301862642,23
"142","TANNER","EBS","ALL",1994,107.5,29.9613549565481,38.6520450434519,68.6134,0.563330851458344,0.0592243372866454,0.258535558766139,0.244646426568987,14
"143","TANNER","EBS","ALL",1994,112.5,26.0018578013905,40.1133421986095,66.1152,0.606718911817698,0.0712658374947562,0.44361072485408,0.306290782555156,11
"144","TANNER","EBS","ALL",1994,117.5,19.0485523836876,50.5992476163124,69.6478,0.72650173611101,0.0559903823922081,0.995279041411874,0.286425077996417,20
"145","TANNER","EBS","ALL",1994,122.5,9.66609718232611,47.2165028176739,56.8826,0.830069350164618,0.0346476640589984,1.60609299487041,0.246991498653108,21
"146","TANNER","EBS","ALL",1994,127.5,4.89708558734258,52.9855144126574,57.8826,0.915396240194073,0.0221456887322179,2.41452013153514,0.282846108333288,24
"147","TANNER","EBS","ALL",1994,132.5,4.17115818619773,63.4766418138023,67.6478,0.938340076304067,0.0200764425641142,2.77251123480041,0.337720778320927,25
"148","TANNER","EBS","ALL",1994,137.5,2.73256519745015,41.2674348025499,44,0.937896245512497,0.0236734355858412,2.78379200250991,0.397896946886644,17
"149","TANNER","EBS","ALL",1994,142.5,0.527899853768414,31.2373001462316,31.7652,0.98338118904435,0.00833524968168204,4.18980549973246,0.470938787132284,11
"150","TANNER","EBS","ALL",1994,147.5,0.442005411343153,55.0883945886568,55.5304,0.992040298442958,0.00406107222298053,5.02348934048755,0.635271894366683,21
"151","TANNER","EBS","ALL",1994,152.5,0.131072761763427,39.6341272382366,39.7652,0.99670383245241,0.00168171813652556,6.00046506753393,0.766049159080044,17
"152","TANNER","EBS","ALL",1994,157.5,0.0364361840511762,33.7287638159488,33.7652,0.998920895358204,0.000550563592753204,7.28426431183233,0.957544317154029,13
"153","TANNER","EBS","ALL",1994,162.5,0.0121091894340637,23.7530908105659,23.7652,0.999490465494334,0.000259966584523718,8.29958884035483,1.21256579038059,7
"154","TANNER","EBS","ALL",1994,167.5,0.00196311852116793,7.99803688147883,8,0.999754610184854,0.000125198885278567,9.33109842126882,1.44454892951481,3
"155","TANNER","EBS","ALL",1994,172.5,0.000175687658286794,3.99982431234171,4,0.999956078085428,2.24091400876013e-05,11.4718785606693,1.60617931155832,2
"156","TANNER","EBS","ALL",1995,27.5,138.629823197671,0.170976802329274,138.8008,0.00123181424263602,0.00203134152719595,-7.5158987223055,1.28897725125965,3
"157","TANNER","EBS","ALL",1995,32.5,85.8363756028416,0.163624397158385,86,0.00190260926928355,0.00254995259346479,-6.83532238790061,1.08426813257253,1
"158","TANNER","EBS","ALL",1995,42.5,118.414202498758,0.585797501241928,119,0.00492266807766326,0.00424411871747619,-5.60133026362399,0.768925226761961,6
"159","TANNER","EBS","ALL",1995,47.5,53.4626991129058,0.537300887094239,54,0.0099500164276711,0.00719666645801473,-4.80471326233624,0.640826534955993,4
"160","TANNER","EBS","ALL",1995,52.5,54.0318179694501,0.968182030549908,55,0.017603309646362,0.00966657487282343,-4.14914131863986,0.507487028930218,8
"161","TANNER","EBS","ALL",1995,57.5,101.092958244174,1.90704175582573,103,0.0185149685031624,0.00781403052487908,-4.04902337943576,0.400577326815151,14
"162","TANNER","EBS","ALL",1995,62.5,45.460843714588,1.53915628541197,47,0.0327480060725952,0.0132047660292786,-3.46215881473454,0.406533672367266,6
"163","TANNER","EBS","ALL",1995,67.5,46.9486180688069,2.05138193119311,49,0.0418649373712879,0.0121396073564341,-3.17084047059037,0.296445454035588,21
"164","TANNER","EBS","ALL",1995,72.5,55.1132146818176,2.93078531818235,58.044,0.050492476710467,0.0147586530314207,-2.97565396944622,0.305144616356823,12
"165","TANNER","EBS","ALL",1995,77.5,53.2859195497828,5.51488045021716,58.8008,0.093789207803587,0.0213369513307478,-2.29390044125469,0.252858298767829,24
"166","TANNER","EBS","ALL",1995,82.5,40.8486523594653,9.15134764053471,50,0.183026952810694,0.0328798387429616,-1.51139578496666,0.221509973844242,25
"167","TANNER","EBS","ALL",1995,87.5,42.6635241677888,19.8442758322112,62.5078,0.317468793209987,0.0420909062220133,-0.772485958811818,0.196679137619053,31
"168","TANNER","EBS","ALL",1995,92.5,29.2935824849239,22.9747175150762,52.2683,0.439553563346735,0.0521741352454065,-0.245857971876902,0.214535842493371,23
"169","TANNER","EBS","ALL",1995,97.5,12.5660856624818,17.6969143375182,30.263,0.584770655173583,0.0486497512606768,0.345687596811969,0.201737916647187,17
"170","TANNER","EBS","ALL",1995,102.5,10.506422949331,16.736777050669,27.2432,0.614346958164571,0.0570273608394569,0.472420942365817,0.244255235165279,14
"171","TANNER","EBS","ALL",1995,107.5,9.45527393155484,17.5447260684452,27,0.649804669201672,0.0495564765606374,0.625350194389468,0.219999445731309,17
"172","TANNER","EBS","ALL",1995,112.5,2.87072731185538,9.19587268814462,12.0666,0.762093107266721,0.0449512613073023,1.1807330706157,0.252462159928567,8
"173","TANNER","EBS","ALL",1995,117.5,2.62126565954719,15.8409343404528,18.4622,0.858019864396053,0.0372132860710118,1.83270763771231,0.309592442286754,8
"174","TANNER","EBS","ALL",1995,122.5,2.27050874315255,17.7734912568475,20.044,0.886723770547169,0.031890491142234,2.09743811230985,0.323871672147655,10
"175","TANNER","EBS","ALL",1995,127.5,0.820033618635676,17.9051663813643,18.7252,0.956206950065384,0.0223433928237838,3.2135787934841,0.536417023989198,8
"176","TANNER","EBS","ALL",1995,132.5,0.278898226572514,6.96430177342749,7.2432,0.961495164212984,0.0185839746693176,3.32247088364631,0.474289182087918,3
"177","TANNER","EBS","ALL",1995,137.5,0.0291131276995089,3.82578687230049,3.8549,0.992447760590545,0.00385318337217105,5.32968296816209,0.942508313134322,3
"178","TANNER","EBS","ALL",1995,142.5,0.109715377740006,2.89028462225999,3,0.963428207419998,0.0186590778469398,3.57714593262315,0.824444318776836,2
"179","TANNER","EBS","ALL",1995,147.5,0.0240365000135814,3.97596349998642,4,0.993990874996605,0.00306588010377313,5.35197156585553,0.679194475100917,3
"180","TANNER","EBS","ALL",1995,152.5,0.00318967618995569,0.996810323810044,1,0.996810323810044,0.00162738581120188,6.60689902317045,1.32390737520642,1
"181","TANNER","EBS","ALL",1995,162.5,0.000259082696935198,0.999740917303065,1,0.999740917303065,0.000132185049456734,9.57124505943716,1.54308154307312,1
"182","TANNER","EBS","ALL",1996,27.5,54.5336129439306,0.132987056069388,54.6666,0.00243269301674858,0.00394805989892267,-6.87197602052684,1.35947478487228,1
"183","TANNER","EBS","ALL",1996,32.5,79.7351211234116,0.264878876588376,80,0.0033109859573547,0.00421542372727436,-6.34581354389698,1.18454563187254,3
"184","TANNER","EBS","ALL",1996,37.5,149.96666130413,0.697038695870393,150.6637,0.00462645412179837,0.0055469826907718,-5.88229308216654,1.02464943716856,8
"185","TANNER","EBS","ALL",1996,42.5,163.118479323328,1.0425206766716,164.161,0.00635059896486743,0.00602496039264183,-5.41300430914687,0.863143162041662,3
"186","TANNER","EBS","ALL",1996,47.5,49.4415351427262,0.492864857273793,49.9344,0.00987024690942102,0.0074146797746384,-4.85352101455595,0.713882659122137,2
"187","TANNER","EBS","ALL",1996,52.5,99.5825349994689,1.5417650005311,101.1243,0.0152462365675817,0.00836881435707921,-4.30192277938326,0.526239663682502,7
"188","TANNER","EBS","ALL",1996,57.5,80.4088624491469,1.92443755085315,82.3333,0.0233737448985179,0.00882190615089906,-3.80142423697145,0.382912869635868,9
"189","TANNER","EBS","ALL",1996,62.5,83.0995374185718,2.81706258142822,85.9166,0.0327883387078658,0.0123444453568661,-3.45165501951227,0.380540757838869,9
"190","TANNER","EBS","ALL",1996,67.5,84.4488436666538,3.30675633334616,87.7556,0.0376814281179339,0.0118096017514926,-3.28769984636597,0.321498428346033,22
"191","TANNER","EBS","ALL",1996,72.5,69.1101863117508,2.97051368824924,72.0807,0.0412109439593294,0.0135524180241267,-3.19931952488065,0.339381157765094,13
"192","TANNER","EBS","ALL",1996,77.5,84.9817656458644,7.01823435413557,92,0.0762851560232127,0.0221533066883657,-2.53505013567209,0.312616834542642,22
"193","TANNER","EBS","ALL",1996,82.5,61.6241521462105,9.06024785378951,70.6844,0.128178888889055,0.027434829546692,-1.93960508328361,0.246860957647962,17
"194","TANNER","EBS","ALL",1996,87.5,51.0742599650146,15.9257400349854,67,0.237697612462468,0.0411294572162908,-1.17884066793263,0.227931326722825,17
"195","TANNER","EBS","ALL",1996,92.5,53.7059790407221,27.0496209592779,80.7556,0.334956596932942,0.0507138506993295,-0.694407483944015,0.229474793831278,27
"196","TANNER","EBS","ALL",1996,97.5,49.9902757777885,24.4742242222115,74.4645,0.328669691224832,0.0508922972732464,-0.723273777745633,0.232301104862779,21
"197","TANNER","EBS","ALL",1996,102.5,33.6101296634631,25.3898703365369,59,0.430336785365032,0.0562221625691711,-0.284005536427121,0.231655042461436,19
"198","TANNER","EBS","ALL",1996,107.5,15.5356015178392,17.4643984821608,33,0.529224196429115,0.0572934761392694,0.118683473601524,0.233164999627467,13
"199","TANNER","EBS","ALL",1996,112.5,2.89381081634949,12.1061891836505,15,0.807079278910034,0.0565896761877604,1.47400888409873,0.378315295263518,8
"200","TANNER","EBS","ALL",1996,117.5,1.74019069886767,9.25980930113233,11,0.841800845557484,0.0398410924560984,1.70323126043139,0.306672468981335,5
"201","TANNER","EBS","ALL",1996,122.5,0.452170190002153,2.54782980999785,3,0.849276603332616,0.0663897354635766,1.82354505655589,0.529753062526554,3
"202","TANNER","EBS","ALL",1996,127.5,0.554844289214459,4.44515571078554,5,0.889031142157108,0.0321956373408394,2.12615516054189,0.348332048378936,2
"203","TANNER","EBS","ALL",1996,137.5,0.00409739078643812,0.995902609213562,1,0.995902609213562,0.00209050550328475,6.03576433641847,1.04108437586992,1
"204","TANNER","EBS","ALL",1996,152.5,0.00639286234978309,3.99360713765022,4,0.998401784412554,0.000815416116043762,6.88694544119768,0.93630102958698,4
"205","TANNER","EBS","ALL",1996,157.5,0.000875287094293964,0.999124712905706,1,0.999124712905706,0.000446575048109165,7.68822542268379,1.13667163787778,1
"206","TANNER","EBS","ALL",1997,32.5,333.979492772089,0.528107227911452,334.5076,0.00157876002790804,0.00225452527260245,-7.08958096784639,1.14540421263066,4
"207","TANNER","EBS","ALL",1997,37.5,186.631717865917,0.381882134083298,187.0136,0.00204200194041127,0.0023190965735457,-6.62100695245512,0.936017445855986,1
"208","TANNER","EBS","ALL",1997,42.5,258.64885386513,0.914746134869718,259.5636,0.00352416954792474,0.00323689762920996,-5.97736639258954,0.830801087337083,1
"209","TANNER","EBS","ALL",1997,47.5,129.978594791478,0.685205208522202,130.6638,0.00524403245981061,0.00361312685308104,-5.45115647022254,0.653064085537622,7
"210","TANNER","EBS","ALL",1997,52.5,73.1694554788447,0.78054452115532,73.95,0.0105550307120395,0.00629308077131281,-4.69500527786155,0.565635428523396,5
"211","TANNER","EBS","ALL",1997,57.5,68.3165254834798,0.816674516520199,69.1332,0.0118130582197873,0.00537178411505839,-4.52110292425073,0.440660610342141,9
"212","TANNER","EBS","ALL",1997,62.5,56.3852795334743,1.30412046652574,57.6894,0.0226058940901749,0.00830351391174284,-3.82816912748453,0.356138561040516,7
"213","TANNER","EBS","ALL",1997,67.5,79.2730794044767,2.49632059552332,81.7694,0.0305287869976215,0.0111942467107289,-3.51910402407002,0.35804290718333,16
"214","TANNER","EBS","ALL",1997,72.5,60.5431643498353,2.28183565016472,62.825,0.0363205037829641,0.011612318767805,-3.32563154381664,0.317664294908442,15
"215","TANNER","EBS","ALL",1997,77.5,57.4227130352266,2.67228696477341,60.095,0.04446770887384,0.0120220702940708,-3.1016604740665,0.272234348936534,23
"216","TANNER","EBS","ALL",1997,82.5,46.2314491173209,5.76855088267907,52,0.110933670820751,0.0239565380675479,-2.10377484792932,0.241007146790061,29
"217","TANNER","EBS","ALL",1997,87.5,67.0309404662827,20.1590595337173,87.19,0.231208390110303,0.0443317578633723,-1.218359431022,0.251837569998325,18
"218","TANNER","EBS","ALL",1997,92.5,57.1633193355645,22.9316806644355,80.095,0.286306019906805,0.0620962072821647,-0.93344847954883,0.308935381609745,19
"219","TANNER","EBS","ALL",1997,97.5,48.4844461515691,19.5155538484309,68,0.286993438947513,0.0460468703159135,-0.920924502520139,0.227213768779273,24
"220","TANNER","EBS","ALL",1997,102.5,48.2108577968476,24.4548422031524,72.6657,0.336539002626444,0.0491767854043373,-0.686619907388692,0.221692297146475,25
"221","TANNER","EBS","ALL",1997,107.5,24.4246812133047,22.5753187866953,47,0.480325931631815,0.0540132454814009,-0.0796825251156366,0.219052835477602,13
"222","TANNER","EBS","ALL",1997,112.5,20.5171204484474,23.6728795515526,44.19,0.535706710829432,0.0483333036722366,0.144423572520724,0.196116259848705,18
"223","TANNER","EBS","ALL",1997,117.5,9.20325658909547,17.7967434109045,27,0.659138644848316,0.0637935682758422,0.67281116428732,0.29051024018648,7
"224","TANNER","EBS","ALL",1997,122.5,5.32697042894509,22.6730295710549,28,0.809751056109104,0.0402466930837107,1.46989467141878,0.26518919904568,6
"225","TANNER","EBS","ALL",1997,127.5,1.28737119283093,6.71262880716907,8,0.839078600896133,0.0442895837302269,1.68786652071887,0.330241873605264,3
"226","TANNER","EBS","ALL",1997,132.5,0.494010289037449,5.50598971096255,6,0.917664951827092,0.0335606873099362,2.4881211258984,0.429619122818225,1
"227","TANNER","EBS","ALL",1997,137.5,0.274207182013138,6.72579281798686,7,0.960827545426695,0.0182371317835658,3.30054519935325,0.470808502576399,1
"228","TANNER","EBS","ALL",1998,27.5,137.472030371925,0.453469628075337,137.9255,0.00328778672598857,0.00548962017317747,-6.55179919954857,1.31039609351118,2
"229","TANNER","EBS","ALL",1998,32.5,228.095934446935,1.02676555306541,229.1227,0.00448129126038323,0.0065247579491382,-6.05639753367346,1.15039496652478,13
"230","TANNER","EBS","ALL",1998,37.5,311.307070022843,2.31692997715749,313.624,0.00738760419214566,0.0086267360935353,-5.37313435681321,0.983159459458191,13
"231","TANNER","EBS","ALL",1998,42.5,450.019219394933,3.04928060506647,453.0685,0.00673028604960722,0.00583393011560447,-5.28080049097117,0.765439746302766,30
"232","TANNER","EBS","ALL",1998,47.5,263.502184020645,2.35171597935459,265.8539,0.00884589610818043,0.00559500906804605,-4.89322220905795,0.598166875699547,23
"233","TANNER","EBS","ALL",1998,52.5,228.465476301452,3.2125236985485,231.678,0.013866330417858,0.00604539595290895,-4.35155524750303,0.423640586996916,23
"234","TANNER","EBS","ALL",1998,57.5,188.145936585108,4.02026341489192,192.1662,0.0209207624175943,0.00674530602700389,-3.89341914707109,0.312315947637241,26
"235","TANNER","EBS","ALL",1998,62.5,134.726638301802,4.02196169819767,138.7486,0.0289874038238776,0.00712471893715345,-3.5411474821455,0.251398775307068,38
"236","TANNER","EBS","ALL",1998,67.5,72.2294447434232,2.77055525657684,75,0.0369407367543579,0.00999671352259838,-3.29648364120844,0.277984668364118,25
"237","TANNER","EBS","ALL",1998,72.5,77.4224153970323,4.36258460296774,81.785,0.0533421116704498,0.0145734449110585,-2.91092949569431,0.276888028609232,25
"238","TANNER","EBS","ALL",1998,77.5,94.8058422007218,8.98145779927822,103.7873,0.0865371562732455,0.0182429972921015,-2.37827680946259,0.228912454852905,34
"239","TANNER","EBS","ALL",1998,82.5,55.3046841050552,12.6953158949448,68,0.186695821984483,0.0279629672723514,-1.48235453707434,0.185641064003063,38
"240","TANNER","EBS","ALL",1998,87.5,46.6401387180555,17.3598612819445,64,0.271247832530383,0.043629947721619,-0.999405034884697,0.221637332715883,21
"241","TANNER","EBS","ALL",1998,92.5,34.230931922724,24.769068077276,59,0.41981471317417,0.0440015984911454,-0.326088160708035,0.181707808556383,26
"242","TANNER","EBS","ALL",1998,97.5,29.1463316309483,29.1145683690517,58.2609,0.499727404984332,0.0379773516334025,-0.00112359794538577,0.152701913778934,36
"243","TANNER","EBS","ALL",1998,102.5,29.9701371426397,37.0298628573603,67,0.552684520259109,0.0403832940321757,0.212898460609654,0.164204231372192,40
"244","TANNER","EBS","ALL",1998,107.5,27.4342449264032,38.5657550735968,66,0.584329622327225,0.0429632616654245,0.343176916044499,0.177889035627954,34
"245","TANNER","EBS","ALL",1998,112.5,16.8468788329231,30.1531211670769,47,0.641555769512273,0.0508852546665392,0.589050172834674,0.223049234596197,27
"246","TANNER","EBS","ALL",1998,117.5,10.6249108055668,34.3750891944332,45,0.763890870987405,0.0423296001964055,1.18866617274825,0.235838705631185,24
"247","TANNER","EBS","ALL",1998,122.5,5.95592732983332,32.0440726701667,38,0.843265070267544,0.0311492573427792,1.70114035111568,0.231922069703298,21
"248","TANNER","EBS","ALL",1998,127.5,2.87649154039261,23.1235084596074,26,0.8893657099849,0.0250528285612246,2.10945570044197,0.255740131809449,19
"249","TANNER","EBS","ALL",1998,132.5,1.49538152502212,22.5046184749779,24,0.937692436457412,0.0162894227695069,2.74406284470131,0.273292190494602,15
"250","TANNER","EBS","ALL",1998,137.5,0.489199937632103,11.5108000623679,12,0.959233338530658,0.0148665305863995,3.21718035862351,0.353830221427671,5
"251","TANNER","EBS","ALL",1998,142.5,0.0162114471463735,3.98378855285363,4,0.995947138213407,0.00206778662581294,5.63128478581315,0.510015042872785,1
"252","TANNER","EBS","ALL",1998,147.5,0.0159505364635999,2.9840494635364,3,0.994683154512133,0.00271267626931975,5.37936060784404,0.546982056544371,1
"253","TANNER","EBS","ALL",1998,152.5,0.00141369807290481,0.998586301927095,1,0.998586301927095,0.000721274526992251,6.9971381228998,0.932977808191897,1
"254","TANNER","EBS","ALL",1999,22.5,265.583014301213,0.288685698787224,265.8717,0.00108580830072258,0.00211169798732818,-7.82212103917398,1.46043253495104,4
"255","TANNER","EBS","ALL",1999,27.5,348.84101089945,0.649689100550375,349.4907,0.00185895962482085,0.00336923236911652,-7.10988380814972,1.30814701218997,3
"256","TANNER","EBS","ALL",1999,32.5,872.409190242375,1.58980975762472,873.999,0.00181900638058479,0.00250871992462493,-6.88550362067778,1.09261635025885,11
"257","TANNER","EBS","ALL",1999,37.5,429.204332724408,1.14196727559192,430.3463,0.00265360077591447,0.00281250211090306,-6.34096225358706,0.922178881131169,4
"258","TANNER","EBS","ALL",1999,42.5,294.872960063802,1.80063993619766,296.6736,0.0060694309712683,0.00507244486958771,-5.38082105451937,0.761507793193435,4
"259","TANNER","EBS","ALL",1999,47.5,262.109284580394,1.74421541960645,263.8535,0.0066105449410618,0.0044027630711341,-5.19942054015312,0.616355281148672,3
"260","TANNER","EBS","ALL",1999,52.5,129.42492956426,2.45207043573992,131.877,0.0185936170502811,0.0101414644970077,-4.09078127614818,0.503168699003732,10
"261","TANNER","EBS","ALL",1999,57.5,145.802098974034,3.39050102596568,149.1926,0.02272566485178,0.00898588151800433,-3.83338357134893,0.387642582275317,12
"262","TANNER","EBS","ALL",1999,62.5,125.206933312349,3.43706668765093,128.644,0.0267176602690443,0.00977425326832043,-3.6582509898706,0.363914300531832,21
"263","TANNER","EBS","ALL",1999,67.5,122.336977914488,4.80752208551239,127.1445,0.0378114828837456,0.0140015702075995,-3.29994591126609,0.368317142553282,12
"264","TANNER","EBS","ALL",1999,72.5,189.698284678494,9.31231532150577,199.0106,0.0467930618846723,0.0143559258792424,-3.0589855059696,0.314715445668501,34
"265","TANNER","EBS","ALL",1999,77.5,218.63051294945,16.1361870505497,234.7667,0.068732861391968,0.0188805889060823,-2.64282770446136,0.291619799511277,32
"266","TANNER","EBS","ALL",1999,82.5,247.900742391673,25.5988576083275,273.4996,0.0935974224764038,0.0249852896411165,-2.30453135681596,0.28990230728311,31
"267","TANNER","EBS","ALL",1999,87.5,244.948848979753,50.5152510202474,295.4641,0.17096916688101,0.0350252687031818,-1.59879760138831,0.247776355281871,32
"268","TANNER","EBS","ALL",1999,92.5,201.975404825027,54.6137951749727,256.5892,0.212845260731834,0.0444726970192782,-1.32745782281551,0.262870766926161,35
"269","TANNER","EBS","ALL",1999,97.5,122.132134409188,51.0198655908121,173.152,0.294653631438344,0.050581542567082,-0.884724227078996,0.243049149828445,35
"270","TANNER","EBS","ALL",1999,102.5,83.1636198171748,42.2593801828252,125.423,0.336934853916947,0.0529498852575883,-0.686018378782523,0.23828613198938,32
"271","TANNER","EBS","ALL",1999,107.5,57.913948417999,38.949251582001,96.8632,0.402105769600849,0.0462841493801292,-0.400337724619418,0.194094264864051,22
"272","TANNER","EBS","ALL",1999,112.5,40.4675771451625,44.0829228548375,84.5505,0.521379800886304,0.0456989636548055,0.0863172348687125,0.18473538074492,35
"273","TANNER","EBS","ALL",1999,117.5,24.7455160239064,46.5185839760936,71.2641,0.652763228274736,0.0459584138938058,0.637582746685604,0.204834777141008,16
"274","TANNER","EBS","ALL",1999,122.5,12.5600949391865,33.2379050608135,45.798,0.725750143255458,0.0496657597009263,0.987429989136488,0.252737473961944,12
"275","TANNER","EBS","ALL",1999,127.5,7.05150083640174,24.6161991635983,31.6677,0.7773282923483,0.0482482599201589,1.2717556396555,0.28090162464656,7
"276","TANNER","EBS","ALL",1999,132.5,1.68743787881571,11.9509621211843,13.6384,0.876273032114052,0.0368227282276854,2.0008585941894,0.341818488075904,4
"277","TANNER","EBS","ALL",1999,137.5,0.22542276939021,3.77457723060979,4,0.943644307652448,0.0287529042589553,3.07733973809004,0.761994160294952,2
"278","TANNER","EBS","ALL",1999,147.5,0.0405582169973773,4.95944178300262,5,0.991888356600525,0.00413859357116095,5.00375665756868,0.638567747316098,1
"279","TANNER","EBS","ALL",1999,157.5,0.00127105699114394,0.998728943008856,1,0.998728943008856,0.000648498464869356,7.32541885602516,1.14049521751145,1
"280","TANNER","EBS","ALL",2000,22.5,59.3504559328055,0.065344067194506,59.4158,0.00109977593829429,0.00206154006324291,-7.80255189899303,1.45054049518915,9
"281","TANNER","EBS","ALL",2000,27.5,85.1543351285888,0.128664871411211,85.283,0.00150868134811405,0.0026012729894009,-7.25256822168624,1.22782940094905,2
"282","TANNER","EBS","ALL",2000,32.5,299.909645610195,0.788654389805526,300.6983,0.00262274309434249,0.00394855200957509,-6.54520055304756,1.07819001432225,30
"283","TANNER","EBS","ALL",2000,37.5,372.816951186456,1.53514881354373,374.3521,0.0041008152847112,0.00429159736620869,-5.88206798140119,0.888310165750055,48
"284","TANNER","EBS","ALL",2000,42.5,728.069213372556,3.44128662744379,731.5105,0.00470435711783192,0.00367540587359702,-5.60866025955874,0.719737946470761,96
"285","TANNER","EBS","ALL",2000,47.5,326.655031580753,2.11406841924683,328.7691,0.00643025277998093,0.00395687777630147,-5.20189069379908,0.569525759092763,33
"286","TANNER","EBS","ALL",2000,52.5,232.500805810149,2.71839418985064,235.2192,0.0115568550095002,0.00468635900893587,-4.52536573742147,0.395682938067902,41
"287","TANNER","EBS","ALL",2000,57.5,279.44907631919,4.27492368081026,283.724,0.0150671909348884,0.00459056216533933,-4.22316489921527,0.29546129209303,47
"288","TANNER","EBS","ALL",2000,62.5,213.367824413362,4.10977558663769,217.4776,0.0188974661603664,0.0047303581737912,-3.97930195115489,0.246677341217582,63
"289","TANNER","EBS","ALL",2000,67.5,109.052890127836,2.77590987216366,111.8288,0.0248228530768788,0.00547437059156903,-3.69496146408244,0.226027352548412,55
"290","TANNER","EBS","ALL",2000,72.5,84.3353457343555,4.66465426564454,89,0.0524118456813994,0.0111832347558361,-2.91742970901091,0.225943201052103,42
"291","TANNER","EBS","ALL",2000,77.5,97.551431791145,8.44856820885497,106,0.0797034736684432,0.01687477049762,-2.46842375668959,0.229467973516309,57
"292","TANNER","EBS","ALL",2000,82.5,75.3948735845545,11.6051264154455,87,0.133392257648799,0.0200592075329081,-1.88237277405459,0.174357686097575,47
"293","TANNER","EBS","ALL",2000,87.5,79.8139782930346,22.1860217069654,102,0.217510016734955,0.030267453967618,-1.28915696581472,0.178166592616131,47
"294","TANNER","EBS","ALL",2000,92.5,81.0948051125414,36.9051948874586,118,0.312755888876768,0.0318451829595746,-0.791421938024525,0.149066167531545,70
"295","TANNER","EBS","ALL",2000,97.5,58.180962777233,31.819037222767,90,0.353544858030744,0.0413824165569081,-0.608367084767408,0.18254737124249,51
"296","TANNER","EBS","ALL",2000,102.5,55.6077723788061,27.3922276211939,83,0.330026838809565,0.038171176641356,-0.713182713287485,0.173880299332192,50
"297","TANNER","EBS","ALL",2000,107.5,41.2244360614758,28.7755639385242,70,0.411079484836061,0.0461534169142067,-0.362803581799435,0.19253030798613,48
"298","TANNER","EBS","ALL",2000,112.5,33.83147372412,27.16852627588,61,0.44538567665377,0.0514192587541218,-0.221776707069488,0.210596541430498,29
"299","TANNER","EBS","ALL",2000,117.5,34.617459744502,29.382540255498,64,0.459102191492157,0.0562860240040535,-0.166140371583123,0.229775026676283,33
"300","TANNER","EBS","ALL",2000,122.5,16.7715701283843,20.2284298716157,37,0.546714320854479,0.0635745853576956,0.190502168426717,0.260821863262288,19
"301","TANNER","EBS","ALL",2000,127.5,20.4962526397798,18.5037473602202,39,0.474455060518467,0.0681037802284774,-0.104337999709856,0.278318435120644,19
"302","TANNER","EBS","ALL",2000,132.5,15.4858448758495,19.5141551241505,35,0.557547289261443,0.0689605489212261,0.235885000510416,0.285245337674204,15
"303","TANNER","EBS","ALL",2000,137.5,4.98756925270047,19.0124307472995,24,0.792184614470814,0.0535244832819681,1.36999560391969,0.333291261353823,12
"304","TANNER","EBS","ALL",2000,142.5,4.62957268931703,23.370427310683,28,0.834658118238678,0.0506545258658734,1.6645531882249,0.372676943038497,11
"305","TANNER","EBS","ALL",2000,147.5,0.912852088530238,15.0871479114698,16,0.94294674446686,0.0291088038434387,2.92760629117934,0.531536073661909,11
"306","TANNER","EBS","ALL",2000,152.5,0.21277978449827,11.7872202155017,12,0.982268351291811,0.0090467595449945,4.28799670709939,0.76320278880949,6
"307","TANNER","EBS","ALL",2000,157.5,0.00545301419281063,1.99454698580719,2,0.997273492903595,0.00139107504918639,6.36342361860132,0.981830886323536,2
"308","TANNER","EBS","ALL",2001,17.5,46.7929458867654,0.0463541132345619,46.8393,0.000989641459939878,0.00289672694270334,-8.29294298249428,1.6637756745837,3
"309","TANNER","EBS","ALL",2001,22.5,764.338086321074,1.37301367892643,765.7111,0.00179312233938678,0.00394498407639719,-7.3674122746796,1.44929881850618,3
"310","TANNER","EBS","ALL",2001,27.5,734.765367518591,1.05883248140855,735.8242,0.00143897480051424,0.0025534985221924,-7.38712491782632,1.31482436911306,9
"311","TANNER","EBS","ALL",2001,32.5,1440.25676687604,2.45053312396321,1442.7073,0.00169856569240566,0.00233891511116872,-6.97445705790008,1.10274362887872,8
"312","TANNER","EBS","ALL",2001,37.5,1300.14295241905,2.47394758094873,1302.6169,0.00189921348398653,0.00207204885786321,-6.68534132444754,0.923665527794879,7
"313","TANNER","EBS","ALL",2001,42.5,705.748017180655,4.00898281934491,709.757,0.00564838785576601,0.00468993815333619,-5.44464221157205,0.747105081734877,23
"314","TANNER","EBS","ALL",2001,47.5,1070.26811768152,7.20238231848384,1077.4705,0.00668452854949054,0.00411288885516951,-5.17042954882949,0.58972279393295,24
"315","TANNER","EBS","ALL",2001,52.5,833.30913077343,13.32226922657,846.6314,0.0157356190977207,0.00732530123823421,-4.23425320355518,0.448590940055343,30
"316","TANNER","EBS","ALL",2001,57.5,635.836036561128,13.023563438872,648.8596,0.0200714660596407,0.00591368248355958,-3.93096263284414,0.300526784619971,88
"317","TANNER","EBS","ALL",2001,62.5,425.777202302437,16.2746976975628,442.0519,0.0368162600309213,0.0098932634093932,-3.29905656397189,0.273705826407775,62
"318","TANNER","EBS","ALL",2001,67.5,290.507374774403,14.4744252255968,304.9818,0.047459963924394,0.0102877537431883,-3.0221478805622,0.224991568966419,63
"319","TANNER","EBS","ALL",2001,72.5,220.793839319943,8.84596068005666,229.6398,0.0385210258851326,0.00696250400530307,-3.23340210551723,0.187156936375868,84
"320","TANNER","EBS","ALL",2001,77.5,294.891063652984,15.4493363470162,310.3404,0.0497819051177876,0.00864136077350399,-2.96399553007843,0.182609928345644,93
"321","TANNER","EBS","ALL",2001,82.5,172.0290974454,17.6993025546002,189.7284,0.0932875761066883,0.0154062086716272,-2.28759794221806,0.182354994403987,64
"322","TANNER","EBS","ALL",2001,87.5,102.556389976618,23.7808100233821,126.3372,0.188232840551968,0.0231001126235532,-1.46873168907925,0.152286859448786,57
"323","TANNER","EBS","ALL",2001,92.5,81.0872153138029,31.4044846861971,112.4917,0.279171571646594,0.0297036661640107,-0.953339312195188,0.147457330551642,65
"324","TANNER","EBS","ALL",2001,97.5,70.6526371514356,33.9580628485644,104.6107,0.324613666179124,0.0323767248978897,-0.736462422348757,0.148024552914714,56
"325","TANNER","EBS","ALL",2001,102.5,48.1139679479884,29.0499320520116,77.1639,0.376470500480298,0.03613629112181,-0.50751494258323,0.154880912874321,44
"326","TANNER","EBS","ALL",2001,107.5,31.2080709835035,26.1197290164965,57.3278,0.455620641582209,0.0391778364778048,-0.179094292464505,0.158905835928297,36
"327","TANNER","EBS","ALL",2001,112.5,22.939044465236,28.060955534764,51,0.550214814407136,0.0379518870775959,0.202745765156866,0.154330867827596,31
"328","TANNER","EBS","ALL",2001,117.5,20.0607805233578,32.9392194766422,53,0.621494707106457,0.0391439442683762,0.499305835448729,0.167576481594961,36
"329","TANNER","EBS","ALL",2001,122.5,13.1824014461667,31.8175985538333,45,0.707057745640741,0.0412324123582666,0.88929270257936,0.199582180358994,29
"330","TANNER","EBS","ALL",2001,127.5,7.42478574951598,25.575214250484,33,0.77500649243891,0.0318754578014025,1.24594701079123,0.182921843310593,23
"331","TANNER","EBS","ALL",2001,132.5,6.290140204138,21.709859795862,28,0.7753521355665,0.0398189867182176,1.25310057437802,0.229100392083723,19
"332","TANNER","EBS","ALL",2001,137.5,3.61840907478237,20.3815909252176,24,0.849232955217401,0.0340593871302389,1.75260322277039,0.26291415000482,19
"333","TANNER","EBS","ALL",2001,142.5,1.48574822594727,24.5142517740527,26,0.942855837463567,0.0199871224609566,2.86106658377211,0.361381461561159,17
"334","TANNER","EBS","ALL",2001,147.5,0.532789950688102,25.4672100493119,26,0.979508078819688,0.0104550618266896,4.01711200940706,0.559689265250708,15
"335","TANNER","EBS","ALL",2001,152.5,0.194395433178554,9.80560456682145,10,0.980560456682145,0.00991813434584463,4.20026132432416,0.770125091190267,8
"336","TANNER","EBS","ALL",2001,157.5,0.0625440868703055,4.93745591312969,5,0.987491182625939,0.00638204968064346,4.89517853278774,1.02535353067576,4
"337","TANNER","EBS","ALL",2001,162.5,0.00778748827922904,10.9922125117208,11,0.99929204652007,0.000361200755066282,7.86931594242529,1.12516779734273,5
"338","TANNER","EBS","ALL",2001,167.5,0.000732698372302609,1.9992673016277,2,0.999633650813849,0.000186912850077196,8.84306673242838,1.39252668917821,2
"339","TANNER","EBS","ALL",2002,17.5,5.98930339210829,0.0106966078917145,6,0.00178276798195242,0.00476630475775212,-7.69484122199291,1.64350063709091,1
"340","TANNER","EBS","ALL",2002,27.5,205.286387743183,0.585312256816974,205.8717,0.00284309235711841,0.00542729690342832,-6.66082943319567,1.24460632266088,5
"341","TANNER","EBS","ALL",2002,32.5,451.662905406298,1.88959459370245,453.5525,0.00416620919012121,0.00592829447823191,-6.05191570043088,1.0717271647535,9
"342","TANNER","EBS","ALL",2002,37.5,449.661967776262,3.38713222373773,453.0491,0.00747630273128835,0.00783123021316027,-5.27352809872549,0.886418558175603,3
"343","TANNER","EBS","ALL",2002,42.5,1351.68056118495,11.3080388150497,1362.9886,0.00829650285780067,0.00641420562266148,-5.03268212181221,0.715993305327489,8
"344","TANNER","EBS","ALL",2002,47.5,884.313526282176,7.74567371782418,892.0592,0.00868291444987528,0.00511987256297844,-4.89176025574192,0.559078126388959,18
"345","TANNER","EBS","ALL",2002,52.5,434.588559266538,7.33424073346228,441.9228,0.0165962035302598,0.00774410812525784,-4.17309766899822,0.426395634077032,22
"346","TANNER","EBS","ALL",2002,57.5,648.84141524962,12.93198475038,661.7734,0.0195414091143282,0.00595829476002161,-3.95720142406639,0.290958292753698,25
"347","TANNER","EBS","ALL",2002,62.5,579.84440216802,14.4652978319798,594.3097,0.0243396630275087,0.00619201441286604,-3.7216523803764,0.252210093879929,42
"348","TANNER","EBS","ALL",2002,67.5,339.354125822997,14.8399741770026,354.1941,0.041897858199791,0.0079988103532435,-3.14786817170261,0.199688806462045,42
"349","TANNER","EBS","ALL",2002,72.5,194.557842056755,12.3940579432451,206.9519,0.059888592195796,0.0109984259163934,-2.77024331257555,0.195462378538112,37
"350","TANNER","EBS","ALL",2002,77.5,145.631900849538,20.4734991504623,166.1054,0.123256072051013,0.0178495591379073,-1.97251163250528,0.16844527391231,56
"351","TANNER","EBS","ALL",2002,82.5,102.239584964252,27.6210150357475,129.8606,0.212697423512193,0.0265355182563073,-1.31590369655836,0.158277680386911,39
"352","TANNER","EBS","ALL",2002,87.5,123.615039755096,61.8777602449035,185.4928,0.333585779312747,0.0377223490564418,-0.696862449933653,0.170973161069774,52
"353","TANNER","EBS","ALL",2002,92.5,81.3471747730639,52.3688252269362,133.716,0.391642176156452,0.0428764242315149,-0.443981886813449,0.181556648317313,46
"354","TANNER","EBS","ALL",2002,97.5,55.2943364059786,48.9958635940214,104.2902,0.469803141560965,0.0415384673556662,-0.121782510305528,0.167951492491302,48
"355","TANNER","EBS","ALL",2002,102.5,39.9197303251826,37.5865696748174,77.5063,0.484948574178066,0.0450148497899776,-0.0607701700075572,0.181744304125893,33
"356","TANNER","EBS","ALL",2002,107.5,13.3075378369822,21.9438621630178,35.2514,0.622496189173134,0.0496506475227909,0.505707433765424,0.213558228241,16
"357","TANNER","EBS","ALL",2002,112.5,9.16708490568891,19.0278150943111,28.1949,0.674867266573426,0.0527147035989814,0.740729362217828,0.244630254432561,14
"358","TANNER","EBS","ALL",2002,117.5,7.7104204734433,22.1299795265567,29.8404,0.74161135663586,0.0459440392491711,1.06855293878711,0.243427385594328,14
"359","TANNER","EBS","ALL",2002,122.5,3.52204700938981,19.9673529906102,23.4894,0.850058025773761,0.0472699989198467,1.78528510925301,0.384867332343386,9
"360","TANNER","EBS","ALL",2002,127.5,1.7684334685714,10.2315665314286,12,0.852630544285716,0.0466854596233102,1.80735849221792,0.390607355148676,4
"361","TANNER","EBS","ALL",2002,132.5,2.93458826015044,15.5548117398496,18.4894,0.841282666817179,0.0585727390502855,1.73189633494666,0.439699754203649,8
"362","TANNER","EBS","ALL",2002,137.5,0.171792866580994,3.82820713341901,4,0.957051783354751,0.0219123554312493,3.3921040594052,0.816120976225203,4
"363","TANNER","EBS","ALL",2002,142.5,0.787396391126133,10.7020036088739,11.4894,0.931467579584127,0.0349655206203434,2.76257079051014,0.600753355692578,2
"364","TANNER","EBS","ALL",2002,147.5,0.119662458094818,4.88033754190518,5,0.976067508381036,0.0122104549076345,3.93323277752398,0.686781473316177,3
"365","TANNER","EBS","ALL",2002,162.5,0.000713096815369907,0.99928690318463,1,0.99928690318463,0.000363824905800973,8.27283262677363,1.45226986436286,1
"366","TANNER","EBS","ALL",2002,177.5,5.83965429098443e-05,0.99994160345709,1,0.99994160345709,2.97941545458389e-05,11.7159924979621,1.76057029406912,1
"367","TANNER","EBS","ALL",2003,17.5,77.9406456053489,0.107554394651097,78.0482,0.00137805093072097,0.00288993853421355,-7.85345144609484,1.64528382170369,1
"368","TANNER","EBS","ALL",2003,22.5,258.538422512828,0.39237748717174,258.9308,0.00151537587329024,0.0026362896677233,-7.4204408010147,1.40888106914294,6
"369","TANNER","EBS","ALL",2003,27.5,253.698366816152,0.490733183848488,254.1891,0.0019305831125272,0.00297138938852689,-7.00621610992586,1.26035355104968,2
"370","TANNER","EBS","ALL",2003,32.5,1022.1174376601,3.19106233989933,1025.3085,0.00311229482628821,0.00374726044811395,-6.31179952578148,1.07103668899317,1
"371","TANNER","EBS","ALL",2003,37.5,461.324256141314,2.26874385868612,463.593,0.00489382682371416,0.00481204403012491,-5.71364536513127,0.919556321809263,5
"372","TANNER","EBS","ALL",2003,42.5,580.006669984911,4.24433001508913,584.251,0.00726456611129314,0.00535488260755175,-5.15658937988136,0.708715726019715,1
"373","TANNER","EBS","ALL",2003,47.5,646.187020958613,8.00947904138665,654.1965,0.0122432312636748,0.00708223993933285,-4.54182202298719,0.560264573448815,4
"374","TANNER","EBS","ALL",2003,52.5,984.493297879835,28.865502120165,1013.3588,0.0284849770092933,0.0127076763067575,-3.6193252279756,0.434452845831542,19
"375","TANNER","EBS","ALL",2003,57.5,996.541146554804,32.6716534451961,1029.2128,0.0317443131733263,0.00912252340231346,-3.45610667815237,0.283674706230551,30
"376","TANNER","EBS","ALL",2003,62.5,460.990437973082,20.1140620269175,481.1045,0.0418080937237493,0.00920268490560033,-3.15498899288013,0.22285193536179,29
"377","TANNER","EBS","ALL",2003,67.5,401.0981419505,22.5268580495002,423.625,0.0531764132180588,0.01186142332015,-2.90309645321378,0.228767170410402,31
"378","TANNER","EBS","ALL",2003,72.5,476.722789136142,32.8030108638584,509.5258,0.0643794894465764,0.0119537461914286,-2.69302351468211,0.194854763334793,62
"379","TANNER","EBS","ALL",2003,77.5,507.662170597399,44.4365294026012,552.0987,0.0804865677144345,0.0129596120051362,-2.44812916227092,0.171112971373935,84
"380","TANNER","EBS","ALL",2003,82.5,364.016352747369,69.8710472526315,433.8874,0.161034976476919,0.0246127242318845,-1.66147895145651,0.179589261193363,87
"381","TANNER","EBS","ALL",2003,87.5,231.673339579023,99.3266604209774,331,0.300080545078482,0.0501357497819912,-0.858152722724549,0.239319005157585,78
"382","TANNER","EBS","ALL",2003,92.5,160.818663241529,95.1813367584713,256,0.371802096712779,0.0425701732021054,-0.528780553482701,0.18352294634025,83
"383","TANNER","EBS","ALL",2003,97.5,93.7164671453454,72.2835328546546,166,0.435442969003944,0.0417180742249368,-0.261555739266228,0.170876629082856,53
"384","TANNER","EBS","ALL",2003,102.5,70.7318008176636,60.2681991823364,131,0.460062589178141,0.0357027443504555,-0.160926549615709,0.144447491588854,50
"385","TANNER","EBS","ALL",2003,107.5,45.5743511234079,50.4256488765921,96,0.525267175797835,0.035572413334688,0.101667935726159,0.143336337304955,49
"386","TANNER","EBS","ALL",2003,112.5,26.963014884219,41.036985115781,68,0.603485075232074,0.031547632757201,0.421813036099687,0.13234944122583,39
"387","TANNER","EBS","ALL",2003,117.5,21.1151685987728,35.8848314012272,57,0.629558445635565,0.0428069053881862,0.534765903140233,0.185221650204569,32
"388","TANNER","EBS","ALL",2003,122.5,10.9041325173714,32.0958674826286,43,0.746415522851827,0.0419782498898299,1.09192415202044,0.224565457368762,26
"389","TANNER","EBS","ALL",2003,127.5,6.76707198635016,26.2329280136498,33,0.794937212534844,0.0587498413448404,1.39355180433827,0.365469503011709,10
"390","TANNER","EBS","ALL",2003,132.5,2.68494422194363,17.3150557780564,20,0.865752788902818,0.0298535704383759,1.88841248927307,0.260503193819161,15
"391","TANNER","EBS","ALL",2003,137.5,1.3144168160648,10.6855831839352,12,0.890465265327933,0.0389879337018497,2.16285737382032,0.424530894092309,6
"392","TANNER","EBS","ALL",2003,142.5,0.168860440806903,5.8311395591931,6,0.97185659319885,0.0143588810209951,3.71675141889098,0.607701985004504,2
"393","TANNER","EBS","ALL",2003,147.5,0.046602337298002,3.953397662702,4,0.988349415675499,0.00594417567576556,4.75059796292485,0.798678785461601,2
"394","TANNER","EBS","ALL",2003,162.5,0.013048114343793,2.98695188565621,3,0.995650628552069,0.00221906706527093,6.54701931288221,1.49930590658693,2
"395","TANNER","EBS","ALL",2004,27.5,653.746192271003,1.13950772899742,654.8857,0.00174001009488743,0.00264147258351697,-7.09113635071564,1.25599169116396,1
"396","TANNER","EBS","ALL",2004,32.5,1400.57887077062,4.47182922937736,1405.0507,0.00318268175616535,0.00390423945045785,-6.27593719714675,1.06408100723731,3
"397","TANNER","EBS","ALL",2004,37.5,1056.71673820755,4.01576179245227,1060.7325,0.00378583836401003,0.00376880966388112,-5.96420656951951,0.911550513652767,5
"398","TANNER","EBS","ALL",2004,42.5,723.706702356157,4.0420976438429,727.7488,0.0055542484492491,0.0041651356758928,-5.43601624378089,0.724090643798793,5
"399","TANNER","EBS","ALL",2004,47.5,572.785618786117,4.23438121388277,577.02,0.00733836125937189,0.00437545667850127,-5.07268687182588,0.588500118453327,4
"400","TANNER","EBS","ALL",2004,52.5,367.808930921448,5.79966907855173,373.6086,0.0155233821666625,0.00619668552086621,-4.2277560961753,0.4059103177502,13
"401","TANNER","EBS","ALL",2004,57.5,585.09130667156,12.08949332844,597.1808,0.0202442766553111,0.00599609180271574,-3.92163818876031,0.2965770904899,24
"402","TANNER","EBS","ALL",2004,62.5,450.684386431166,15.6853135688345,466.3697,0.0336327886842445,0.00878625847376147,-3.39027450370072,0.261309255374579,26
"403","TANNER","EBS","ALL",2004,67.5,244.405159040467,20.2831409595331,264.6883,0.076630289134552,0.0218989887669825,-2.52615770302419,0.293469040290352,31
"404","TANNER","EBS","ALL",2004,72.5,292.771781177528,25.1699188224723,317.9417,0.0791652017413011,0.0170857322032713,-2.47615113647104,0.230461614415249,54
"405","TANNER","EBS","ALL",2004,77.5,225.814876771508,28.9209232284915,254.7358,0.113533014317153,0.0197441169976706,-2.06957960165802,0.192937533361436,53
"406","TANNER","EBS","ALL",2004,82.5,169.734586082231,42.5308139177693,212.2654,0.200366210968765,0.0238948388893002,-1.39067389819349,0.149426311770895,68
"407","TANNER","EBS","ALL",2004,87.5,148.089831061045,66.3180689389554,214.4079,0.309307954319572,0.0250146535735392,-0.805989616906917,0.117562913159554,92
"408","TANNER","EBS","ALL",2004,92.5,152.574140908886,80.372059091114,232.9462,0.345024126133476,0.0246870438023121,-0.642828432299588,0.10939433785438,119
"409","TANNER","EBS","ALL",2004,97.5,152.655842491511,107.464257508489,260.1201,0.413133231566839,0.0263976386873002,-0.352059818306672,0.109178619942687,105
"410","TANNER","EBS","ALL",2004,102.5,167.405079446136,91.9472205538641,259.3523,0.354526335620945,0.0286900404138912,-0.601521177347085,0.126085611846195,92
"411","TANNER","EBS","ALL",2004,107.5,164.311363183689,104.582036816311,268.8934,0.388934934127468,0.0348789840712879,-0.454204680293633,0.147562430112258,61
"412","TANNER","EBS","ALL",2004,112.5,135.437675588795,111.941024411205,247.3787,0.452508742309685,0.0374980710926776,-0.191616614216771,0.152163872022407,57
"413","TANNER","EBS","ALL",2004,117.5,91.2322577631159,102.485242236884,193.7175,0.529044831968635,0.0427938500896575,0.117214325610447,0.173085337605636,55
"414","TANNER","EBS","ALL",2004,122.5,42.1287301535855,79.8727698464145,122.0015,0.654686785378987,0.0439341132259913,0.645692515045496,0.196667525126094,32
"415","TANNER","EBS","ALL",2004,127.5,10.1913100139412,44.4658899860588,54.6572,0.813541308117847,0.0296294195138926,1.48520508106206,0.196368363303931,22
"416","TANNER","EBS","ALL",2004,132.5,4.96680591622988,33.8906940837701,38.8575,0.872178963746255,0.0217325807932389,1.93456374459455,0.195894500606441,19
"417","TANNER","EBS","ALL",2004,137.5,2.57077126554806,24.0864287344519,26.6572,0.903561841995856,0.0354714560412735,2.30392855323601,0.410292532167024,7
"418","TANNER","EBS","ALL",2004,142.5,0.645544414286748,13.1830555857133,13.8286,0.953318165664872,0.0211992612280488,3.10940700390783,0.450517202926061,6
"419","TANNER","EBS","ALL",2004,147.5,0.146050391387961,4.85394960861204,5,0.970789921722408,0.0149031011620368,3.78224113976001,0.781669657782325,2
"420","TANNER","EBS","ALL",2004,157.5,0.00136632042514662,1.99863367957485,2,0.999316839787427,0.000348551128863933,7.80708238172405,1.03423967312787,1
"421","TANNER","EBS","ALL",2005,32.5,797.154991898608,4.15960810139187,801.3146,0.00519098004877469,0.00677961004655591,-5.82732989908122,1.08945244399249,8
"422","TANNER","EBS","ALL",2005,37.5,469.783771359814,4.59742864018594,474.3812,0.00969142251039025,0.0105205238308846,-5.02441098336786,0.903185368432317,6
"423","TANNER","EBS","ALL",2005,42.5,921.574999935614,8.87950006438589,930.4545,0.00954318568440036,0.00781568193732352,-4.88926350602784,0.710793284941353,27
"424","TANNER","EBS","ALL",2005,47.5,1255.50800586038,16.2113941396227,1271.7194,0.012747618806179,0.00770051373458388,-4.50202533353982,0.561466634073215,16
"425","TANNER","EBS","ALL",2005,52.5,1222.52138303311,34.7577169668909,1257.2791,0.0276451879036968,0.0102770566077248,-3.62701024095882,0.380088205116394,17
"426","TANNER","EBS","ALL",2005,57.5,1032.01828799885,45.4089120011466,1077.4272,0.0421456892875422,0.0103599320697855,-3.15330603006099,0.25633763911558,26
"427","TANNER","EBS","ALL",2005,62.5,765.623601326487,45.3252986735134,810.9489,0.0558916827848381,0.0110328308560845,-2.84583852059725,0.206827792844417,29
"428","TANNER","EBS","ALL",2005,67.5,508.707848593711,30.7496514062887,539.4575,0.0570010638582069,0.0104600801927708,-2.82251406245222,0.193153359332486,25
"429","TANNER","EBS","ALL",2005,72.5,359.371901895986,30.9844981040137,390.3564,0.079374894593796,0.0131388520734435,-2.46436488246842,0.17931739163582,35
"430","TANNER","EBS","ALL",2005,77.5,295.668703219009,45.765296780991,341.434,0.134038487031142,0.0188456304865829,-1.87526573971134,0.161748315929752,53
"431","TANNER","EBS","ALL",2005,82.5,343.262832325035,117.038367674965,460.3012,0.254264745942364,0.027935482512257,-1.08137500096349,0.148201206127235,61
"432","TANNER","EBS","ALL",2005,87.5,141.684023273499,101.231776726501,242.9158,0.41673607367862,0.0343534568975453,-0.337850599328283,0.14202887965847,40
"433","TANNER","EBS","ALL",2005,92.5,148.897133286418,180.115866713582,329.013,0.547443008980137,0.0351825733705584,0.191322936030654,0.142859160520033,71
"434","TANNER","EBS","ALL",2005,97.5,111.538595466414,163.010204533586,274.5488,0.593738543142734,0.0307055724157464,0.380970140518587,0.127838001752788,98
"435","TANNER","EBS","ALL",2005,102.5,100.484474026787,172.047125973213,272.5316,0.631292393150787,0.0325138487241397,0.540333097469947,0.140274022206597,75
"436","TANNER","EBS","ALL",2005,107.5,55.429961799986,147.182938200014,202.6129,0.72642432046535,0.0311106975375579,0.982074181739081,0.156644432498004,50
"437","TANNER","EBS","ALL",2005,112.5,43.9639122590787,150.023387740921,193.9873,0.77336705929162,0.0293529835236012,1.23501313292266,0.167117827430764,64
"438","TANNER","EBS","ALL",2005,117.5,34.3403490524781,153.514550947522,187.8549,0.817197480329349,0.0257015001005084,1.50689422784007,0.172761949291108,64
"439","TANNER","EBS","ALL",2005,122.5,32.6628998804851,193.825200119515,226.4881,0.855785359670177,0.0209342685287238,1.79110616653838,0.171546938495485,75
"440","TANNER","EBS","ALL",2005,127.5,12.7651897303036,136.203510269696,148.9687,0.914309584964468,0.0167273799979563,2.38636666059349,0.214655265382927,59
"441","TANNER","EBS","ALL",2005,132.5,9.82522050295927,149.940079497041,159.7653,0.938502162215705,0.0168942022459635,2.76268802845133,0.293872167138504,38
"442","TANNER","EBS","ALL",2005,137.5,6.4186851563893,121.017714843611,127.4364,0.949632246701968,0.0171150521491814,2.99519456330973,0.366008377219762,20
"443","TANNER","EBS","ALL",2005,142.5,1.81070263270283,79.2683973672972,81.0791,0.977667455204821,0.0104276740423843,3.8848833939116,0.476354902998177,24
"444","TANNER","EBS","ALL",2005,147.5,0.347748526442253,59.2922514735577,59.64,0.994169206464751,0.00297489466084136,5.35616779074677,0.658230091060793,15
"445","TANNER","EBS","ALL",2005,152.5,0.0313960091663077,23.7943039908337,23.8257,0.998682262885611,0.00067231485428032,6.99683686153238,0.837708495633557,5
"446","TANNER","EBS","ALL",2005,157.5,0.00618336843500344,9.935716631565,9.9419,0.99937804962482,0.000317321619989843,7.95954131868459,1.04109001325714,3
"447","TANNER","EBS","ALL",2005,162.5,0.000419400234369149,2.99958059976563,3,0.999860199921877,7.1326570470906e-05,9.59765227681946,1.2290745398717,1
"448","TANNER","EBS","ALL",2006,22.5,145.889849176568,0.142750823432361,146.0326,0.00097752709622619,0.00193547272791734,-7.94723279457089,1.44584242603688,6
"449","TANNER","EBS","ALL",2006,27.5,182.767467733509,0.199432266490876,182.9669,0.00108999095733095,0.00182151207874728,-7.6015504333168,1.25997968881805,10
"450","TANNER","EBS","ALL",2006,32.5,248.806819312959,0.746980687040545,249.5538,0.00299326512776221,0.00382718004918651,-6.38609036630147,1.10438219481374,10
"451","TANNER","EBS","ALL",2006,37.5,196.290681663806,1.19571833619402,197.4864,0.00605468698702299,0.00587531196236511,-5.48127751806383,0.89976732323781,20
"452","TANNER","EBS","ALL",2006,42.5,453.020956931902,5.49224306809772,458.5132,0.0119783750349995,0.0103227880785215,-4.69211263171835,0.75856683169743,29
"453","TANNER","EBS","ALL",2006,47.5,528.528575945952,6.21702405404768,534.7456,0.0116261340982472,0.00780603178866362,-4.62463462517035,0.609252755614251,17
"454","TANNER","EBS","ALL",2006,52.5,484.466924588867,9.30267541113258,493.7696,0.0188401137111977,0.00693285573803802,-4.01806683829941,0.372365234696548,63
"455","TANNER","EBS","ALL",2006,57.5,993.629874810046,30.7861251899536,1024.416,0.0300523666068801,0.0069131493602476,-3.50047890969383,0.237140684159575,91
"456","TANNER","EBS","ALL",2006,62.5,1233.89906710328,53.7037328967231,1287.6028,0.0417083070157374,0.00740335015524239,-3.15008321929978,0.185146193810791,75
"457","TANNER","EBS","ALL",2006,67.5,1315.54699954683,72.9628004531682,1388.5098,0.0525475588671885,0.00930293648325643,-2.90734523932809,0.184682096437112,82
"458","TANNER","EBS","ALL",2006,72.5,1439.70300930316,111.122390696837,1550.8254,0.071653708210374,0.00996419778892566,-2.57112727620594,0.149575862525836,123
"459","TANNER","EBS","ALL",2006,77.5,1323.47873177581,142.303068224188,1465.7818,0.0970833914189605,0.0104844013278185,-2.23586513558016,0.120281495678313,176
"460","TANNER","EBS","ALL",2006,82.5,897.167793358025,182.747706641975,1079.9155,0.169224079700657,0.0164224268364196,-1.59568770429928,0.117488815066263,142
"461","TANNER","EBS","ALL",2006,87.5,567.682432763586,223.899567236414,791.582,0.282850756126862,0.0229943933575444,-0.933187512010483,0.113996877309076,134
"462","TANNER","EBS","ALL",2006,92.5,391.031897147122,231.232402852878,622.2643,0.371598375244857,0.027007881292204,-0.527090022410371,0.116017725038368,128
"463","TANNER","EBS","ALL",2006,97.5,324.683889826,201.647810174,526.3317,0.383119257635442,0.0282451167310984,-0.478011685029393,0.119962928437127,108
"464","TANNER","EBS","ALL",2006,102.5,314.075201362111,204.970698637889,519.0459,0.394898984151283,0.0310654725142026,-0.428552623552937,0.130546329618651,97
"465","TANNER","EBS","ALL",2006,107.5,187.109770642695,128.354929357305,315.4647,0.406875727640225,0.0374414639240653,-0.379131487490843,0.155902654811386,66
"466","TANNER","EBS","ALL",2006,112.5,132.935297282798,141.160502717202,274.0958,0.51500425295536,0.0413139411062367,0.0604679236258843,0.16653560080675,60
"467","TANNER","EBS","ALL",2006,117.5,57.8677756346229,90.6404243653771,148.5082,0.610339525799768,0.0490338094620254,0.453486561652593,0.208180471759179,40
"468","TANNER","EBS","ALL",2006,122.5,29.2736748210927,97.4011251789073,126.6748,0.768906879497006,0.0377180275829583,1.21440541219013,0.214270304714203,45
"469","TANNER","EBS","ALL",2006,127.5,18.5920368949627,63.9021631050373,82.4942,0.774626132564923,0.0498047103220896,1.2570805625284,0.28793152732785,20
"470","TANNER","EBS","ALL",2006,132.5,9.73939876266025,47.6570012373397,57.3964,0.830313421004449,0.0492581306754476,1.62799523878234,0.351346908603511,13
"471","TANNER","EBS","ALL",2006,137.5,4.34252026716941,41.8470797328306,46.1896,0.905984891248909,0.0367538504589732,2.33926463389067,0.429584461178151,8
"472","TANNER","EBS","ALL",2006,142.5,1.07330200207999,28.69949799792,29.7728,0.963950249822657,0.0183927296823178,3.40918814363852,0.514524679182684,4
"473","TANNER","EBS","ALL",2006,147.5,0.2137544861233,20.1588455138767,20.3726,0.989507746378798,0.00535319062306224,4.79803024760363,0.714097069133103,4
"474","TANNER","EBS","ALL",2006,152.5,0.0781666803345971,11.9218333196654,12,0.993486109972117,0.00332341327953223,5.42412011170329,0.907333281533826,6
"475","TANNER","EBS","ALL",2007,22.5,342.077690975814,0.421409024186029,342.4991,0.0012303945446456,0.00285398909346854,-7.79816306448196,1.48127645957836,8
"476","TANNER","EBS","ALL",2007,27.5,147.225352274608,0.218347725392486,147.4437,0.00148088880971168,0.00262580520960627,-7.30429682457086,1.26150172582097,4
"477","TANNER","EBS","ALL",2007,32.5,227.534096311697,0.484903688303015,228.019,0.0021265933466203,0.00293878653834457,-6.7295821952839,1.08635071769423,10
"478","TANNER","EBS","ALL",2007,37.5,231.205814638587,0.678385361413345,231.8842,0.00292553507920482,0.00338742556450376,-6.24372882937344,0.907870157902693,9
"479","TANNER","EBS","ALL",2007,42.5,542.920682174464,2.85351782553637,545.7742,0.00522838533872867,0.00497177146161716,-5.55145364319836,0.775101194499773,18
"480","TANNER","EBS","ALL",2007,47.5,724.89822849372,3.35007150627973,728.2483,0.00460017758541932,0.00310058889811781,-5.57188306116129,0.632222475469151,20
"481","TANNER","EBS","ALL",2007,52.5,501.897398654383,6.22080134561678,508.1182,0.0122428233147657,0.00655683517038897,-4.51179837307345,0.494104232818412,18
"482","TANNER","EBS","ALL",2007,57.5,523.884971665419,18.1312283345811,542.0162,0.033451450961394,0.0133770563850868,-3.43334334639145,0.382129274788989,14
"483","TANNER","EBS","ALL",2007,62.5,548.681618597182,23.6359814028177,572.3176,0.0412987149142674,0.0114030789213605,-3.18135193076838,0.282682497763985,17
"484","TANNER","EBS","ALL",2007,67.5,396.686833322734,22.8465666772658,419.5334,0.0544570865567933,0.014535754344279,-2.88758500805167,0.271934836411822,21
"485","TANNER","EBS","ALL",2007,72.5,534.772547560263,40.457152439737,575.2297,0.0703321689400548,0.0136318207750703,-2.59982390280669,0.20608086571352,57
"486","TANNER","EBS","ALL",2007,77.5,591.84590164644,59.7196983535596,651.5656,0.0916556956867575,0.0159241894870675,-2.30805877954623,0.187948516771929,56
"487","TANNER","EBS","ALL",2007,82.5,504.109049904704,102.549050095296,606.6581,0.169039282744755,0.0214481050072919,-1.60000742151475,0.151148681802178,71
"488","TANNER","EBS","ALL",2007,87.5,340.212859435565,129.272940564435,469.4858,0.275350054388087,0.0313057340850436,-0.973111614582005,0.156626030261563,62
"489","TANNER","EBS","ALL",2007,92.5,419.877229850533,234.773070149467,654.6503,0.358623634861952,0.0280581829632053,-0.583441995085178,0.122256599414474,114
"490","TANNER","EBS","ALL",2007,97.5,384.852885972892,224.877014027108,609.7299,0.368814148735543,0.0271044866575519,-0.539083979535104,0.116713644884479,104
"491","TANNER","EBS","ALL",2007,102.5,390.392751123919,227.046648876081,617.4394,0.367722968239605,0.0279700637689403,-0.543937048464978,0.120887559733068,101
"492","TANNER","EBS","ALL",2007,107.5,233.297076819807,167.568823180193,400.8659,0.418017155313519,0.0313393272827635,-0.332280460791086,0.129308574974128,80
"493","TANNER","EBS","ALL",2007,112.5,165.966654781835,152.461045218165,318.4277,0.478793287198836,0.0359481738391185,-0.0853184198905952,0.14481216666969,62
"494","TANNER","EBS","ALL",2007,117.5,65.4931426593205,102.599457340679,168.0926,0.61037462292022,0.0406193691832096,0.452146844749572,0.1720599346529,36
"495","TANNER","EBS","ALL",2007,122.5,44.9081668257063,104.409833174294,149.318,0.699244787462286,0.0389264559505382,0.85062295348592,0.186703370320466,25
"496","TANNER","EBS","ALL",2007,127.5,23.9984829572144,64.1113170427855,88.1098,0.727629810109495,0.0436237342153703,0.993782402432583,0.222248111524314,21
"497","TANNER","EBS","ALL",2007,132.5,11.1136768373452,44.1703231626548,55.284,0.798971188095195,0.0552866978464005,1.41509572467985,0.346068279946406,15
"498","TANNER","EBS","ALL",2007,137.5,4.4439006963635,26.1374993036365,30.5814,0.85468615902596,0.0464705550412131,1.82094165208268,0.375369677654673,6
"499","TANNER","EBS","ALL",2007,142.5,2.51791056833306,27.6238894316669,30.1418,0.916464492222327,0.0378498082968173,2.49267256805865,0.489061053772638,5
"500","TANNER","EBS","ALL",2007,147.5,1.02793949125478,15.1285605087452,16.1565,0.936376103038729,0.032461171919016,2.90698436209015,0.717903059499759,1
"501","TANNER","EBS","ALL",2007,152.5,0.18078242399071,10.5131175760093,10.6939,0.98309480881711,0.00862509754229094,4.48247988251771,0.952009330191319,2
"502","TANNER","EBS","ALL",2008,12.5,7.99617556375628,0.00382443624372303,8,0.000478054530465379,0.00180180386693533,-9.36106677506618,1.84450030572871,1
"503","TANNER","EBS","ALL",2008,17.5,84.8972930833655,0.0792069166345282,84.9765,0.000932103777332889,0.00236376843317402,-8.29273859329779,1.66151277126376,2
"504","TANNER","EBS","ALL",2008,22.5,123.823933918691,0.176066081308519,124,0.00141988775248806,0.00277490065848443,-7.58128381629453,1.46805231542661,2
"505","TANNER","EBS","ALL",2008,27.5,125.686280487405,0.313719512595137,126,0.00248983740154871,0.00430147244025722,-6.84411305766703,1.31105169577986,14
"506","TANNER","EBS","ALL",2008,32.5,232.174883865914,0.832016134085818,233.0069,0.00357077895154958,0.00467473343051773,-6.20944439773024,1.09332285572708,30
"507","TANNER","EBS","ALL",2008,37.5,135.077991088179,0.634708911821324,135.7127,0.00467685715354071,0.00490571445760069,-5.7829312958302,0.942033192756848,20
"508","TANNER","EBS","ALL",2008,42.5,184.591022556512,1.40897744348768,186,0.00757514754563269,0.00582532140001388,-5.13409787694236,0.739315092131595,28
"509","TANNER","EBS","ALL",2008,47.5,124.429563884324,0.828936115675817,125.2585,0.00661780330816525,0.00417038417587289,-5.1914747970751,0.61010017072004,32
"510","TANNER","EBS","ALL",2008,52.5,117.94322448265,2.5155755173496,120.4588,0.0208832855494957,0.00925023720949067,-3.9389730665042,0.437800598131926,26
"511","TANNER","EBS","ALL",2008,57.5,224.946948526154,6.01905147384645,230.966,0.0260603356071736,0.00902294297593151,-3.67766493826273,0.346126954523671,54
"512","TANNER","EBS","ALL",2008,62.5,196.602612535127,8.06588746487313,204.6685,0.0394095205899937,0.0109618026131269,-3.23128516140137,0.286992108385091,62
"513","TANNER","EBS","ALL",2008,67.5,204.357029283398,10.990970716602,215.348,0.0510381833896856,0.0118504566187802,-2.94891976942086,0.2410527146421,45
"514","TANNER","EBS","ALL",2008,72.5,231.31401806923,22.4879819307703,253.802,0.0886044315283975,0.0172564349654722,-2.34979262033156,0.216179595735832,65
"515","TANNER","EBS","ALL",2008,77.5,221.479446163326,37.6983538366736,259.1778,0.145453637760154,0.0247532333931366,-1.78490378748981,0.200880696701209,54
"516","TANNER","EBS","ALL",2008,82.5,187.078527327695,57.7263726723051,244.8049,0.235805625918048,0.0292397686541535,-1.1828474154591,0.163533733107738,46
"517","TANNER","EBS","ALL",2008,87.5,208.006202513594,130.775997486406,338.7822,0.386017912057971,0.0323085078051409,-0.466196507260891,0.136834794519828,58
"518","TANNER","EBS","ALL",2008,92.5,239.542168707452,199.158931292548,438.7011,0.453974086895492,0.0325942183163675,-0.185395018019271,0.13200503636726,59
"519","TANNER","EBS","ALL",2008,97.5,290.961671993485,258.207228006515,549.1689,0.470178169241766,0.0339971016907058,-0.119950452732487,0.137040250712443,55
"520","TANNER","EBS","ALL",2008,102.5,229.459824776996,247.207575223004,476.6674,0.518616492806104,0.032322797332218,0.0748204868638238,0.130014155649736,66
"521","TANNER","EBS","ALL",2008,107.5,195.563296050322,257.540403949678,453.1037,0.568391747738272,0.032344154729029,0.276497986948816,0.132421827883663,60
"522","TANNER","EBS","ALL",2008,112.5,150.611032101171,254.701867898829,405.3129,0.628407997620676,0.0358963738877627,0.528472533459329,0.154683418191282,46
"523","TANNER","EBS","ALL",2008,117.5,98.1093234377994,238.608276562201,336.7176,0.708630248499635,0.0387479608508374,0.896164465306538,0.189145880928339,52
"524","TANNER","EBS","ALL",2008,122.5,65.3426495847432,263.338950415257,328.6816,0.801197725748131,0.0328464430443426,1.40667445205973,0.207545407582892,53
"525","TANNER","EBS","ALL",2008,127.5,46.2988513796336,261.586948620366,307.8858,0.849623297405617,0.031680333541367,1.75268325905943,0.245944055708975,44
"526","TANNER","EBS","ALL",2008,132.5,35.3263598706928,222.394240129307,257.7206,0.862927682650542,0.0410619862889984,1.88273763323046,0.345746012957415,25
"527","TANNER","EBS","ALL",2008,137.5,14.9088079119875,144.655592088012,159.5644,0.906565575328911,0.0419084126592112,2.3654834150839,0.479216499493267,15
"528","TANNER","EBS","ALL",2008,142.5,5.49898722731254,79.4798127726875,84.9788,0.935289893157911,0.033015360633719,2.86510863783084,0.675269992955332,13
"529","TANNER","EBS","ALL",2008,147.5,3.11895112839592,74.6863488716041,77.8053,0.959913384712919,0.0204523547383066,3.49442739071633,0.853949846203936,9
"530","TANNER","EBS","ALL",2008,152.5,1.2309861621624,69.0577138378376,70.2887,0.982486713196255,0.00893535041007402,4.46157158183531,0.969348785048363,4
"531","TANNER","EBS","ALL",2009,17.5,158.443721592586,0.133478407414067,158.5772,0.000841725086671141,0.00254049091525366,-8.55800039720447,1.70958398659032,7
"532","TANNER","EBS","ALL",2009,22.5,307.106557009875,0.285942990124652,307.3925,0.000930221102091469,0.00205004469622231,-8.02145779272049,1.44770806384532,13
"533","TANNER","EBS","ALL",2009,27.5,439.275140403475,0.516559596524968,439.7917,0.0011745551280867,0.00229647778773948,-7.58357125650334,1.29060855410285,22
"534","TANNER","EBS","ALL",2009,32.5,504.780622864044,1.127177135956,505.9078,0.00222802877511674,0.00419345572102744,-6.78518730391937,1.14987991125588,36
"535","TANNER","EBS","ALL",2009,37.5,344.32710918055,0.966490819450079,345.2936,0.00279904064092146,0.00376547981289651,-6.3518050678485,0.972170929438205,48
"536","TANNER","EBS","ALL",2009,42.5,271.268737782795,1.62756221720542,272.8963,0.00596403182163123,0.00575499765783772,-5.43293859475875,0.798896800859954,51
"537","TANNER","EBS","ALL",2009,47.5,226.116198929113,1.81360107088736,227.9298,0.00795684053110808,0.00532848020890954,-5.01690784987179,0.628051058001076,54
"538","TANNER","EBS","ALL",2009,52.5,203.160101596235,3.46499840376511,206.6251,0.0167694941406688,0.00822333223271242,-4.18688802917603,0.496742199281129,32
"539","TANNER","EBS","ALL",2009,57.5,303.655732019917,7.47616798008342,311.1319,0.0240289342882662,0.010851510094804,-3.79740668447534,0.444365088965394,30
"540","TANNER","EBS","ALL",2009,62.5,251.505580287456,8.56921971254362,260.0748,0.0329490581653571,0.0137108350560739,-3.45763104859073,0.407932057449625,22
"541","TANNER","EBS","ALL",2009,67.5,116.570517328193,6.38148267180744,122.952,0.0519022274693168,0.0183798903675349,-2.96416821693354,0.363406263258688,13
"542","TANNER","EBS","ALL",2009,72.5,108.49103490772,10.2099650922803,118.701,0.0860141455613708,0.0311299056239815,-2.4255401573867,0.389782733673749,3
"543","TANNER","EBS","ALL",2009,77.5,154.814459354631,20.5074406453688,175.3219,0.116970216757683,0.0338018600400364,-2.06184680899437,0.326666085785545,10
"544","TANNER","EBS","ALL",2009,82.5,125.307695195699,26.9389048043015,152.2466,0.176942570831148,0.0449488828345352,-1.56788254372167,0.310534549837849,27
"545","TANNER","EBS","ALL",2009,87.5,99.4879984360301,45.4531015639699,144.9411,0.313597051243366,0.0590596855387346,-0.798092719493652,0.281401038091992,17
"546","TANNER","EBS","ALL",2009,92.5,93.7152761017108,61.6471238982892,155.3624,0.396795646168502,0.0621847583833085,-0.426081771864382,0.264547611178392,18
"547","TANNER","EBS","ALL",2009,97.5,92.9337277055795,82.1031722944205,175.0369,0.46906207944965,0.0723663879918836,-0.126715143311244,0.296667032791393,13
"548","TANNER","EBS","ALL",2009,102.5,82.4034706459531,87.3713293540469,169.7748,0.514630730556283,0.0742566169727526,0.0597904603110654,0.303307263126325,18
"549","TANNER","EBS","ALL",2009,107.5,85.4797540655253,113.300745934475,198.7805,0.569979177708451,0.0687874215678657,0.287467308005264,0.285857136420969,17
"550","TANNER","EBS","ALL",2009,112.5,64.0666122087785,132.764387791221,196.831,0.674509542659548,0.0711672659264211,0.74777593950424,0.332159292378209,13
"551","TANNER","EBS","ALL",2009,117.5,58.8942259576756,175.513574042324,234.4078,0.74875313040916,0.073908216895796,1.13176915060004,0.403589294137859,15
"552","TANNER","EBS","ALL",2009,122.5,24.6287915364342,128.552208463566,153.181,0.839217712794444,0.0497996823247117,1.69848478231541,0.37122293512625,12
"553","TANNER","EBS","ALL",2009,127.5,18.6268787864113,142.581121213589,161.208,0.88445437703829,0.0451632513962492,2.10730305805263,0.434447941560238,20
"554","TANNER","EBS","ALL",2009,132.5,10.2870980734639,119.593101926536,129.8802,0.920795486352316,0.0355595995165346,2.54186832301467,0.455355088432907,20
"555","TANNER","EBS","ALL",2009,137.5,2.64910876730589,71.3976912326941,74.0468,0.964223858866205,0.0176773259377994,3.39842522119198,0.467462624248505,14
"556","TANNER","EBS","ALL",2009,142.5,0.351363464828758,28.4426365351712,28.794,0.987797337472086,0.00622376003192638,4.50261877906552,0.467660981361913,9
"557","TANNER","EBS","ALL",2009,147.5,0.18346610689721,30.0459338931028,30.2294,0.99393087170446,0.00309649402833694,5.37345199417607,0.724317125275516,7
"558","TANNER","EBS","ALL",2009,152.5,0.0430776283099625,11.18632237169,11.2294,0.996163853072296,0.00195721782025729,6.00981100988152,0.948936028042546,2
"559","TANNER","EBS","ALL",2009,157.5,0.0425270496191779,13.4162729503808,13.4588,0.996840204949982,0.0016121403316417,6.36265512238866,1.08462603173527,3
"560","TANNER","EBS","ALL",2009,182.5,0.00010495369587582,0.999895046304124,1,0.999895046304124,5.35478040182756e-05,11.1764659782587,1.89812495424325,1
"561","TANNER","EBS","ALL",2010,7.5,14.9852349298986,0.0147650701014063,15,0.000984338006760422,0.00395790727546096,-9.0367062302488,2.07062212151655,1
"562","TANNER","EBS","ALL",2010,17.5,175.43717204412,0.0863279558804935,175.5235,0.000491831326748233,0.00114464108583753,-8.82483171933728,1.59294903388881,3
"563","TANNER","EBS","ALL",2010,22.5,304.977860606168,0.286939393832141,305.2648,0.000939968819962672,0.00185815839984558,-7.97450736357038,1.44246947912257,14
"564","TANNER","EBS","ALL",2010,27.5,281.448977009965,0.391222990035116,281.8402,0.00138810215872369,0.00214757850654966,-7.31280450688549,1.23729987808933,21
"565","TANNER","EBS","ALL",2010,32.5,759.962008707179,1.3642912928211,761.3263,0.00179199285880587,0.00234266701249139,-6.88151641225611,1.07240566658498,65
"566","TANNER","EBS","ALL",2010,37.5,466.752071945562,0.987328054437564,467.7394,0.00211085073106427,0.00225866959293424,-6.56968689241202,0.919503457927726,39
"567","TANNER","EBS","ALL",2010,42.5,518.421379787758,2.02862021224241,520.45,0.00389781960273304,0.00299826941719733,-5.78828784806183,0.709407500711559,77
"568","TANNER","EBS","ALL",2010,47.5,674.691178766097,3.60382123390314,678.295,0.00531305882234594,0.00302205864176682,-5.37714574576238,0.545673627598566,69
"569","TANNER","EBS","ALL",2010,52.5,448.14217125844,3.85622874156022,451.9984,0.00853150971676055,0.0035969819535808,-4.83758524752088,0.409013088883427,53
"570","TANNER","EBS","ALL",2010,57.5,293.068435215987,5.65306478401263,298.7215,0.0189241979034406,0.00478239083472337,-3.97998571648339,0.258767545627324,63
"571","TANNER","EBS","ALL",2010,62.5,273.864104773382,7.0766952266175,280.9408,0.0251892755577599,0.00554317182480047,-3.67942418615628,0.223393087761028,49
"572","TANNER","EBS","ALL",2010,67.5,240.482181300691,8.62401869930877,249.1062,0.0346198476766486,0.00723770196543299,-3.3490266079215,0.211380547273697,49
"573","TANNER","EBS","ALL",2010,72.5,150.227637041884,8.33176295811635,158.5594,0.0525466352554081,0.0109552020478299,-2.91299108176218,0.215767037280751,45
"574","TANNER","EBS","ALL",2010,77.5,127.846910072064,12.2381899279361,140.0851,0.0873625383994166,0.0149390998598837,-2.36069604938332,0.187338782424353,49
"575","TANNER","EBS","ALL",2010,82.5,76.3024863049176,21.6256136950824,97.9281,0.220831545747159,0.0279157842716015,-1.26826148930711,0.163541610349937,46
"576","TANNER","EBS","ALL",2010,87.5,54.0316889475417,29.9683110524583,84,0.356765607767361,0.0289669954067998,-0.591763276215236,0.12718020499484,44
"577","TANNER","EBS","ALL",2010,92.5,71.3844692186133,64.4419307813867,135.8264,0.474443339302129,0.0327758856711193,-0.102760826655777,0.132027244358905,66
"578","TANNER","EBS","ALL",2010,97.5,73.4008062081483,56.7146937918517,130.1155,0.435879613050341,0.0318002022423311,-0.258978995244441,0.129884427305514,53
"579","TANNER","EBS","ALL",2010,102.5,77.7131640410171,74.2421359589829,151.9553,0.488578785728322,0.0317843228016001,-0.0458707257887791,0.127744323993145,53
"580","TANNER","EBS","ALL",2010,107.5,76.1915742339546,80.8792257660454,157.0708,0.51492209733474,0.0319931175806857,0.0599537875785267,0.12865115261799,47
"581","TANNER","EBS","ALL",2010,112.5,48.3474109886232,91.8254890113768,140.1729,0.655087317244466,0.0304374528817976,0.644289401068708,0.135086634910502,44
"582","TANNER","EBS","ALL",2010,117.5,63.4520628984983,113.284937101502,176.737,0.64098031030006,0.0437834302969355,0.584634218203599,0.190833601391907,35
"583","TANNER","EBS","ALL",2010,122.5,50.7667889947985,140.694511005202,191.4613,0.734845689469368,0.0489470516828828,1.03373792751963,0.249996712413684,45
"584","TANNER","EBS","ALL",2010,127.5,40.9288480051131,131.390151994887,172.319,0.76248209422575,0.0421103002534191,1.18026353414514,0.231827268207704,29
"585","TANNER","EBS","ALL",2010,132.5,25.1807981704725,116.151601829527,141.3324,0.821832798633063,0.0343457395678491,1.54639935027765,0.234738194430194,30
"586","TANNER","EBS","ALL",2010,137.5,9.69551938059981,67.0287806194002,76.7243,0.873631699727468,0.0326999641082366,1.96629988312427,0.298604619135971,21
"587","TANNER","EBS","ALL",2010,142.5,2.91212206416009,52.0878779358399,55,0.94705232610618,0.0200349036911438,2.95404181055311,0.398933486042315,22
"588","TANNER","EBS","ALL",2010,147.5,1.47233550359199,60.136464496408,61.6088,0.976101863636494,0.0121929267160747,3.84225282637354,0.534972896313476,15
"589","TANNER","EBS","ALL",2010,152.5,0.317315826918033,38.682684173082,39,0.991863696745691,0.00415117512974928,5.08701095446991,0.775336731806286,3
"590","TANNER","EBS","ALL",2010,157.5,0.0785741763806413,17.9214258236194,18,0.995634767978853,0.00222715919446265,5.96430715228436,1.05816072472085,3
"591","TANNER","EBS","ALL",2010,162.5,0.0118524513326435,6.98814754866736,7,0.998306792666765,0.000863881292466708,7.03028215045725,1.17890148661362,1
"592","TANNER","EBS","ALL",2011,22.5,463.954367545446,0.724232454554166,464.6786,0.00155856640386316,0.00280864061620689,-7.39764147626782,1.4108815078989,2
"593","TANNER","EBS","ALL",2011,27.5,521.469055820315,0.819544179685406,522.2886,0.0015691404707769,0.00271111245556474,-7.22846392634581,1.26173349685892,1
"594","TANNER","EBS","ALL",2011,32.5,952.743663806357,2.49723619364277,955.2409,0.0026142475616808,0.00346536887567842,-6.50340923323234,1.07868315853263,2
"595","TANNER","EBS","ALL",2011,37.5,684.241669677097,2.89373032290343,687.1354,0.00421129565279773,0.00436351965522837,-5.8704073551511,0.924361831297874,1
"596","TANNER","EBS","ALL",2011,42.5,1310.91288677553,11.2756132244731,1322.1885,0.00852799220721792,0.00719052051815542,-5.05074923424214,0.790087243200493,5
"597","TANNER","EBS","ALL",2011,47.5,1182.25038231597,13.8525176840318,1196.1029,0.0115813762210858,0.0088869969300608,-4.68884920601629,0.707808073132218,6
"598","TANNER","EBS","ALL",2011,52.5,752.650975177241,13.8902248227586,766.5412,0.0181206500351953,0.0102737146950424,-4.13618004968744,0.548744895018533,2
"599","TANNER","EBS","ALL",2011,57.5,862.856550550333,25.8637494496672,888.7203,0.0291022377340398,0.0132418152516323,-3.60363371803908,0.453601984923879,5
"600","TANNER","EBS","ALL",2011,62.5,1022.85792685688,35.9701731431213,1058.8281,0.0339716835462917,0.0135468399120322,-3.42413137354962,0.40785835620361,12
"601","TANNER","EBS","ALL",2011,67.5,969.414567376231,41.652332623769,1011.0669,0.0411964160074561,0.0173941141851611,-3.23076987055036,0.426891019357384,10
"602","TANNER","EBS","ALL",2011,72.5,678.584242043395,44.3187579566046,722.903,0.0613066455065266,0.0261526937228116,-2.81489629456206,0.445520975976055,3
"603","TANNER","EBS","ALL",2011,77.5,531.33917164837,58.6693283516298,590.0085,0.0994381069961361,0.0384390009693938,-2.27539395693748,0.42655591751508,3
"604","TANNER","EBS","ALL",2011,82.5,354.409047292409,81.0815527075906,435.4906,0.186184392286746,0.0540800800120243,-1.51505532094245,0.360073759274869,4
"605","TANNER","EBS","ALL",2011,92.5,122.18651729603,78.68748270397,200.874,0.391725572766859,0.0799190192538584,-0.452402747547546,0.343082040602394,2
"606","TANNER","EBS","ALL",2011,97.5,118.362015261173,97.4682847388274,215.8303,0.451596855209057,0.0802982500302753,-0.199210018625621,0.332116846907972,2
"607","TANNER","EBS","ALL",2011,107.5,75.7538786908145,73.6472213091855,149.4011,0.49294965906667,0.0805789260432648,-0.0283945611804004,0.330834460129969,3
"608","TANNER","EBS","ALL",2011,112.5,53.8535523790659,78.4243476209341,132.2779,0.592875662683896,0.0928329292129543,0.391197206227882,0.400664943776806,2
"609","TANNER","EBS","ALL",2011,122.5,18.1132512640196,61.1026487359804,79.2159,0.771343237102405,0.0902107844447202,1.29055474227187,0.534360437553163,3
"610","TANNER","EBS","ALL",2011,127.5,27.0126599249039,105.669040075096,132.6817,0.796410055607488,0.0894255577757757,1.4557476651878,0.567815469207852,1
"611","TANNER","EBS","ALL",2011,137.5,5.42051966813721,51.0926803318628,56.5132,0.904084007486088,0.0489367308744449,2.42730371053501,0.68410816799765,1
"612","TANNER","EBS","ALL",2011,142.5,2.22017077653301,67.914529223467,70.1347,0.968344189444982,0.0161509237525601,3.69820033799227,0.753741690823906,1
"613","TANNER","EBS","ALL",2011,147.5,0.870186614492233,56.2645133855078,57.1347,0.98476956010109,0.00777063260148455,4.56267664559053,0.865201795060699,1
"614","TANNER","EBS","ALL",2011,152.5,0.488572634530627,83.6654273654694,84.154,0.994194302890764,0.00296209036185502,5.75054794473819,1.05251372984691,1
"615","TANNER","EBS","ALL",2012,17.5,130.822829592721,0.177170407278988,131,0.00135244585709151,0.00406446912856172,-8.01920001456758,1.70912419059491,1
"616","TANNER","EBS","ALL",2012,22.5,165.416312780145,0.190487219854884,165.6068,0.00115023791205968,0.00219634214452633,-7.73427008261607,1.42430211612119,2
"617","TANNER","EBS","ALL",2012,27.5,199.530260357023,0.521339642977285,200.0516,0.00260602586021449,0.00440421564608179,-6.73307231679879,1.27170994677213,11
"618","TANNER","EBS","ALL",2012,32.5,334.897112257024,0.975987742975673,335.8731,0.00290582289256172,0.0039502521011399,-6.42873276208925,1.10449271427891,30
"619","TANNER","EBS","ALL",2012,37.5,384.806770545171,1.4091294548294,386.2159,0.00364855371006061,0.00391500989706251,-6.01629671122834,0.911503436813549,21
"620","TANNER","EBS","ALL",2012,42.5,735.189436264647,5.03476373535257,740.2242,0.00680167405409411,0.00575553924704306,-5.25449799020907,0.743562795482814,49
"621","TANNER","EBS","ALL",2012,47.5,597.748719053652,4.35138094634807,602.1001,0.00722700585226288,0.00438274071800166,-5.08000090900737,0.564489376892872,39
"622","TANNER","EBS","ALL",2012,52.5,810.530929874493,8.93657012550698,819.4675,0.0109053380707679,0.00503746713654772,-4.60586903708515,0.448419175306519,21
"623","TANNER","EBS","ALL",2012,57.5,1431.88123670069,24.9160632993068,1456.7973,0.0171033151278539,0.00573406212198798,-4.10478417079294,0.332691253867148,40
"624","TANNER","EBS","ALL",2012,62.5,1695.56590299048,35.1241970095167,1730.6901,0.0202949083775985,0.00548519692182171,-3.91226043948191,0.271613272013942,42
"625","TANNER","EBS","ALL",2012,67.5,1097.49188366755,28.6563163324498,1126.1482,0.0254463101148231,0.00636778387395647,-3.67601461952275,0.254385885771454,29
"626","TANNER","EBS","ALL",2012,72.5,862.101567090658,30.7856329093422,892.8872,0.034478748165885,0.00781768686605139,-3.35713352373814,0.230457785060949,25
"627","TANNER","EBS","ALL",2012,77.5,964.504234251972,62.7019657480277,1027.2062,0.0610412648872522,0.0128970160630115,-2.75500802118609,0.222801293766116,37
"628","TANNER","EBS","ALL",2012,82.5,884.922042630913,130.514457369087,1015.4365,0.128530397882179,0.0222307949880225,-1.92854958664049,0.198230220377315,47
"629","TANNER","EBS","ALL",2012,87.5,873.232591356237,237.926308643763,1111.1589,0.214124468286005,0.0312135293036534,-1.31025031568803,0.18769711785827,49
"630","TANNER","EBS","ALL",2012,92.5,644.901965679183,290.889734320817,935.7917,0.310848807828513,0.0387585682755238,-0.802521947325862,0.183279842858251,34
"631","TANNER","EBS","ALL",2012,97.5,430.553664061788,242.442735938212,672.9964,0.360243733752828,0.0384794990209999,-0.578296746683714,0.168539035304518,39
"632","TANNER","EBS","ALL",2012,102.5,276.355104161953,203.152195838047,479.5073,0.423668619514336,0.0428207557036577,-0.31012872688128,0.176784407490725,22
"633","TANNER","EBS","ALL",2012,107.5,192.580562688679,162.617537311321,355.1981,0.457822092267164,0.0470392885333225,-0.170686592104863,0.191202940849455,23
"634","TANNER","EBS","ALL",2012,112.5,107.360887756662,145.083412243338,252.4443,0.574714549876302,0.0456534434614064,0.303735213133007,0.18832077402834,16
"635","TANNER","EBS","ALL",2012,117.5,54.3171911612939,125.224708838706,179.5419,0.697467882643027,0.0465989106853801,0.844681038583499,0.220615977762565,22
"636","TANNER","EBS","ALL",2012,122.5,20.1416295282194,86.8168704717806,106.9585,0.811687434582391,0.031497413899493,1.47413444729516,0.205758993601574,11
"637","TANNER","EBS","ALL",2012,127.5,7.86922542316535,55.4370745768346,63.3063,0.875696014090772,0.0273152332431923,1.97544044613834,0.248463073249465,8
"638","TANNER","EBS","ALL",2012,132.5,5.30802800730308,43.3332719926969,48.6413,0.890874051324634,0.0303190323292828,2.13654528707359,0.308291236992994,5
"639","TANNER","EBS","ALL",2012,137.5,0.53441897993925,17.8195810200607,18.354,0.970882696963101,0.0122003585463225,3.58392162405134,0.400979454355677,9
"640","TANNER","EBS","ALL",2012,142.5,0.612843823753796,11.7411561762462,12.354,0.950393085336426,0.0253096503385583,3.07044926072973,0.509704473387584,3
"641","TANNER","EBS","ALL",2012,157.5,0.00415093840744118,3.99584906159256,4,0.99896226539814,0.000529456429520559,7.88025416620154,1.39716238836847,1
"642","TANNER","EBS","ALL",2012,162.5,0.00451893852206897,3.99548106147793,4,0.998870265369483,0.000576395219651655,8.39520957770388,2.14639528113524,2
"643","TANNER","EBS","ALL",2014,22.5,298.182640599909,1.01085940009133,299.1935,0.00337861417474421,0.00877531236896152,-6.85644944278062,1.56280511210476,2
"644","TANNER","EBS","ALL",2014,27.5,227.201851234363,0.527948765636872,227.7298,0.00231831216484128,0.00438746811116541,-6.85094195103379,1.24185298866315,4
"645","TANNER","EBS","ALL",2014,32.5,518.425947249276,1.48125275072356,519.9072,0.00284907143183161,0.00465696595972034,-6.46247529489697,1.07830299952731,12
"646","TANNER","EBS","ALL",2014,37.5,230.0550917815,1.22180821849989,231.2769,0.00528288047141714,0.00752021958679955,-5.70984760515554,0.944390928835521,12
"647","TANNER","EBS","ALL",2014,42.5,389.320723604853,3.10807639514714,392.4288,0.00792010269161473,0.00800238795115204,-5.12397647627687,0.750202482930581,17
"648","TANNER","EBS","ALL",2014,47.5,378.302637217001,3.65406278299885,381.9567,0.00956669377183029,0.00820658620349391,-4.84589746646919,0.621660381360685,20
"649","TANNER","EBS","ALL",2014,52.5,271.55019593444,3.81720406556033,275.3674,0.0138622221278203,0.00750727481839416,-4.37347729283259,0.461777218062536,19
"650","TANNER","EBS","ALL",2014,57.5,219.986939046342,6.30836095365815,226.2953,0.0278766768627459,0.00989770463375606,-3.60875919114043,0.344857695220472,14
"651","TANNER","EBS","ALL",2014,62.5,257.657748643912,9.38525135608796,267.043,0.0351450940713217,0.0114074941440776,-3.3608525002183,0.320549858376266,20
"652","TANNER","EBS","ALL",2014,67.5,164.283809839851,8.2752901601489,172.5591,0.0479562663467119,0.0130162846544025,-3.02288616303514,0.275145595542419,27
"653","TANNER","EBS","ALL",2014,72.5,228.12735116974,13.2607488302605,241.3881,0.0549353875781801,0.0112925449986641,-2.86570754764464,0.215301524777868,28
"654","TANNER","EBS","ALL",2014,77.5,446.666657234744,38.1014427652563,484.7681,0.0785972566372587,0.0144691310606124,-2.4783959908308,0.200648041726264,27
"655","TANNER","EBS","ALL",2014,82.5,407.433521935463,72.7644780645369,480.198,0.151530156444918,0.022286352955835,-1.73317828170079,0.174284083744166,48
"656","TANNER","EBS","ALL",2014,87.5,340.32643188746,104.14056811254,444.467,0.234304387305558,0.0292026485475727,-1.19121678348268,0.16326765295399,25
"657","TANNER","EBS","ALL",2014,92.5,355.217003544888,170.086796455112,525.3038,0.323787485365824,0.0342094799715217,-0.740755228360759,0.157108194355814,25
"658","TANNER","EBS","ALL",2014,97.5,423.804331982107,232.181668017893,655.986,0.353943023201551,0.0382770638396588,-0.605848527225981,0.168216735020729,31
"659","TANNER","EBS","ALL",2014,102.5,510.982614206482,346.174685793518,857.1573,0.403863661656406,0.0409860610669535,-0.392104573826332,0.170922267776234,39
"660","TANNER","EBS","ALL",2014,107.5,459.74488599589,413.86711400411,873.612,0.47374247835894,0.0455449699479001,-0.105870661717017,0.184101076750928,39
"661","TANNER","EBS","ALL",2014,112.5,298.548690695967,403.755709304033,702.3044,0.574901295369974,0.0449307015167582,0.304563736947135,0.18603303304149,33
"662","TANNER","EBS","ALL",2014,117.5,151.703118142546,359.322181857454,511.0253,0.70313971119914,0.0388716513986782,0.86951189678494,0.188642137563785,36
"663","TANNER","EBS","ALL",2014,122.5,70.9051918563011,321.734408143699,392.6396,0.819414058448763,0.0269676309480643,1.52317488111485,0.184507605714992,22
"664","TANNER","EBS","ALL",2014,127.5,34.4336128101562,263.783087189844,298.2167,0.884534927755031,0.023052685782191,2.05606067656796,0.22947360989425,19
"665","TANNER","EBS","ALL",2014,132.5,20.1512674496746,229.744732550325,249.896,0.919361384537269,0.0182508927558466,2.45882667619843,0.245623515373488,11
"666","TANNER","EBS","ALL",2014,137.5,10.109919619123,203.885480380877,213.9954,0.952756369440076,0.0135242518220675,3.04357735004267,0.295844936462706,10
"667","TANNER","EBS","ALL",2014,142.5,3.18853899289743,136.113661007103,139.3022,0.977110634341041,0.00764957475725086,3.8089018025221,0.34261033189684,12
"668","TANNER","EBS","ALL",2014,147.5,0.821021526266946,86.4437784737331,87.2648,0.990591607082501,0.0048002004681116,4.81394371413844,0.573885947780453,5
"669","TANNER","EBS","ALL",2014,152.5,0.103542344295924,36.9875576557041,37.0911,0.997208431556467,0.00142426961404745,6.16137567840295,0.780948962165187,6
"670","TANNER","EBS","ALL",2014,157.5,0.0582535588923569,25.6678464411076,25.7261,0.997735624175745,0.00115529378788503,6.5755309192798,1.01941926879934,4
"671","TANNER","EBS","ALL",2016,22.5,103.189208233894,0.137971766105897,103.32718,0.00133529015410947,0.0024342628688531,-7.64271034898405,1.4957750726802,3
"672","TANNER","EBS","ALL",2016,27.5,209.100997808785,0.414122191215352,209.51512,0.0019765742501799,0.00308843099047218,-7.02570904004426,1.31557840825738,8
"673","TANNER","EBS","ALL",2016,32.5,206.427751382428,0.662608617571568,207.09036,0.00319961111454714,0.00387399722533095,-6.31166052776149,1.11101817446166,9
"674","TANNER","EBS","ALL",2016,37.5,195.037308490378,0.956561509621684,195.99387,0.00488056850768692,0.00512972789517813,-5.77505369234014,0.992416659172487,8
"675","TANNER","EBS","ALL",2016,42.5,299.475663947262,2.45513605273788,301.9308,0.00813145281216053,0.00663026077231855,-5.09869762229534,0.790159366424595,5
"676","TANNER","EBS","ALL",2016,47.5,202.466776219137,2.85351378086295,205.32029,0.0138978655293296,0.00936586940209224,-4.47003217182252,0.66602918286244,6
"677","TANNER","EBS","ALL",2016,52.5,153.719495884852,3.62657411514802,157.34607,0.0230483933608766,0.0123544560346997,-3.88422344050646,0.54486683651168,7
"678","TANNER","EBS","ALL",2016,57.5,175.725668266733,7.0169217332669,182.74259,0.0383978454790802,0.0147739312364618,-3.29475169636038,0.406679497375343,8
"679","TANNER","EBS","ALL",2016,62.5,117.238302744184,6.03429725581559,123.2726,0.0489508394875713,0.0185023203309867,-3.0368120782841,0.397646223866035,4
"680","TANNER","EBS","ALL",2016,67.5,69.9679817449919,7.57959825500808,77.54758,0.0977412609782031,0.0281402039085327,-2.26306050332038,0.318878687576672,5
"681","TANNER","EBS","ALL",2016,72.5,83.9713979793216,8.56710202067838,92.5385,0.0925787863503124,0.0264449165128147,-2.32224614823868,0.313970572183246,12
"682","TANNER","EBS","ALL",2016,77.5,118.628837489888,16.8399325101122,135.46877,0.124308595332431,0.0311311563310575,-1.98208240972555,0.28277197950028,20
"683","TANNER","EBS","ALL",2016,82.5,136.005069691747,34.8257303082535,170.8308,0.203860956620548,0.0378941224919108,-1.37846877628348,0.23444759547989,27
"684","TANNER","EBS","ALL",2016,87.5,104.251864744619,53.6019852553809,157.85385,0.339567170869642,0.0426083442991131,-0.671053158784488,0.191428298182098,15
"685","TANNER","EBS","ALL",2016,92.5,81.0492578907806,76.9507421092194,158,0.48703001334949,0.0493428457424188,-0.0524698090275305,0.19958713086125,16
"686","TANNER","EBS","ALL",2016,97.5,97.7344791654482,92.1193708345518,189.85385,0.485212024062466,0.0466714735668728,-0.0597796740257294,0.188727209754983,27
"687","TANNER","EBS","ALL",2016,102.5,81.3466129223331,89.6533870776669,171,0.52428881331969,0.0474553952630258,0.0980686743925847,0.191993079568714,19
"688","TANNER","EBS","ALL",2016,107.5,62.6868802919588,83.3131197080412,146,0.570637806219461,0.0468052016702216,0.287082453806606,0.192847414795422,10
"689","TANNER","EBS","ALL",2016,112.5,50.8522267236708,97.1477732763292,148,0.656403873488711,0.0430355052059351,0.653120000272894,0.192841944798579,31
"690","TANNER","EBS","ALL",2016,117.5,25.5024401248289,100.497559875171,126,0.797599681548977,0.0333284700793486,1.38438449355532,0.210094678025833,27
"691","TANNER","EBS","ALL",2016,122.5,16.2009546764626,126.799045323537,143,0.886706610654108,0.019642292019539,2.07259468190294,0.198528915979594,44
"692","TANNER","EBS","ALL",2016,127.5,8.1068564693544,103.893143530646,112,0.927617352952193,0.0146512997866731,2.57151650239597,0.222805911869873,35
"693","TANNER","EBS","ALL",2016,132.5,3.04436092973933,93.9556390702607,97,0.968614835775883,0.00805686911454563,3.46189830294512,0.263876713893989,30
"694","TANNER","EBS","ALL",2016,137.5,1.73111836205125,97.2688816379488,99,0.982513955938876,0.00494876552635622,4.06672758193406,0.279996620629737,40
"695","TANNER","EBS","ALL",2016,142.5,0.4855243622019,65.5144756377981,66,0.992643570269668,0.00274323629946022,4.97001810582314,0.365198692184934,32
"696","TANNER","EBS","ALL",2016,147.5,0.122060367414878,30.8779396325851,31,0.996062568793068,0.00200889347292427,5.68123330819045,0.549185020069087,11
"697","TANNER","EBS","ALL",2016,152.5,0.0326459170587512,29.9673540829412,30,0.998911802764708,0.000555202671067216,7.13004684069575,0.807546695606327,14
"698","TANNER","EBS","ALL",2016,157.5,0.00275852493013851,10.9972414750699,11,0.999749225006351,0.000127946425331125,8.82318710283434,1.0634918483326,4
"699","TANNER","EBS","ALL",2016,162.5,0.00934333754514327,8.99065666245486,9,0.998961851383873,0.000529667661289257,7.86590168597097,1.38723759447489,4
"700","TANNER","EBS","ALL",2016,167.5,0.000102870146749034,0.999897129853251,1,0.999897129853251,5.24847687495074e-05,10.3184494127496,1.64003338818313,1
"701","TANNER","EBS","ALL",2017,22.5,604.318388734332,1.5286412656684,605.84703,0.00252314724670418,0.0053714772110702,-6.98350417540322,1.41491041629535,2
"702","TANNER","EBS","ALL",2017,27.5,638.20601756258,2.13393243741993,640.33995,0.00333249930356513,0.00594989696548849,-6.49417878682331,1.25351409232248,7
"703","TANNER","EBS","ALL",2017,32.5,798.00326291042,2.50991708957973,800.51318,0.00313538509082352,0.0038245662969911,-6.28992398961612,1.0556202078825,12
"704","TANNER","EBS","ALL",2017,37.5,240.045392071125,1.14372792887458,241.18912,0.0047420378202573,0.00465705893946027,-5.72954250462325,0.906857986878529,2
"705","TANNER","EBS","ALL",2017,42.5,190.999031791719,1.36805820828054,192.36709,0.00711170610461769,0.00525377667532204,-5.17555759599193,0.706154073006635,10
"706","TANNER","EBS","ALL",2017,47.5,180.429164106531,1.79237589346891,182.22154,0.00983624599742109,0.00580502931853243,-4.76922501974388,0.575430494122923,20
"707","TANNER","EBS","ALL",2017,52.5,78.5534561912497,1.95554380875035,80.509,0.0242897540492411,0.00963981503587119,-3.77012401809381,0.407078995640767,13
"708","TANNER","EBS","ALL",2017,57.5,76.3103073634685,2.94419263653156,79.2545,0.037148586345653,0.0108960543849198,-3.29727301585599,0.30383742663452,39
"709","TANNER","EBS","ALL",2017,62.5,70.2821879561008,2.97381204389918,73.256,0.0405947914696295,0.0112583505415537,-3.19936732048677,0.282067007068998,48
"710","TANNER","EBS","ALL",2017,67.5,52.1414654815861,4.80815451841395,56.94962,0.0844282107310629,0.0233932619863717,-2.42040554581369,0.297986318458591,43
"711","TANNER","EBS","ALL",2017,72.5,73.9170889095749,4.08291109042505,78,0.0523450139798084,0.0124546643256953,-2.92351799996992,0.24732221640588,62
"712","TANNER","EBS","ALL",2017,77.5,69.041184501311,7.95881549868904,77,0.103361240242715,0.0196737664305923,-2.17814685551216,0.21196611739959,73
"713","TANNER","EBS","ALL",2017,82.5,61.159203905699,13.840796094301,75,0.184543947924013,0.026786990439503,-1.49595091627247,0.179384586572033,68
"714","TANNER","EBS","ALL",2017,87.5,50.2819687367502,21.6676512632498,71.94962,0.301150322451319,0.0348532337892043,-0.847337631586897,0.166775023618747,58
"715","TANNER","EBS","ALL",2017,92.5,45.5539874270895,24.4460125729105,70,0.349228751041579,0.0363473280748076,-0.626302024294418,0.160754693518698,65
"716","TANNER","EBS","ALL",2017,97.5,39.2445688129572,38.7554311870428,78,0.496864502397984,0.0339595840525326,-0.0125841203112472,0.13648412189162,57
"717","TANNER","EBS","ALL",2017,102.5,31.6237052645977,34.3762947354023,66,0.520852950536398,0.0355166401236805,0.0838804756170303,0.143003598113073,56
"718","TANNER","EBS","ALL",2017,107.5,20.9065763671895,30.0934236328105,51,0.590067130055107,0.0338213305557963,0.366002369004515,0.140401252285709,43
"719","TANNER","EBS","ALL",2017,112.5,20.7685607049487,26.2314392950513,47,0.558115729681942,0.0478708324690326,0.235743267960986,0.196011701078452,37
"720","TANNER","EBS","ALL",2017,117.5,13.080863102811,32.919136897189,46,0.715633410808456,0.0390345525066303,0.930993975401666,0.194027592086671,30
"721","TANNER","EBS","ALL",2017,122.5,8.9536415096584,26.0463584903416,35,0.744181671152617,0.0479241906383029,1.08361913865155,0.255716113502866,30
"722","TANNER","EBS","ALL",2017,127.5,7.90385234794775,30.0961476520522,38,0.792003885580322,0.0420404730701147,1.35652658580119,0.259801784332586,30
"723","TANNER","EBS","ALL",2017,132.5,6.65635078200386,27.3436492179961,34,0.804224976999886,0.0438968545003307,1.43735901453207,0.285564124791249,20
"724","TANNER","EBS","ALL",2017,137.5,2.46754085948714,13.5324591405129,16,0.845778696282054,0.0427334046477382,1.73970135314028,0.333848103230795,9
"725","TANNER","EBS","ALL",2017,142.5,0.572445601310575,10.4275543986894,11,0.947959490789948,0.0208259517277515,2.98241610573741,0.430777711209365,4
"726","TANNER","EBS","ALL",2017,147.5,0.32415628607724,10.6758437139228,11,0.970531246720251,0.0150350782039536,3.64331125561413,0.563832372074954,3
"727","TANNER","EBS","ALL",2017,152.5,0.0187237008562158,3.98127629914378,4,0.995319074785946,0.00238822715002752,5.71797750297174,0.874417654309275,1
"728","TANNER","EBS","ALL",2017,167.5,7.49621969915459e-05,0.999925037803008,1,0.999925037803008,3.82460188732377e-05,10.8140772618765,1.65013549870051,1
"729","TANNER","EBS","ALL",2018,22.5,317.184729198286,1.97182080171375,319.15655,0.00617822445352837,0.00935719287449822,-5.90487706872628,1.3725917381725,16
"730","TANNER","EBS","ALL",2018,27.5,717.570369322842,5.94079067715767,723.51116,0.00821105603562172,0.0110347150429733,-5.46883488362873,1.23184356434203,50
"731","TANNER","EBS","ALL",2018,32.5,945.470709630369,5.25004036963133,950.72075,0.00552216870162067,0.00644399464191418,-5.70139274446108,1.03708509483151,84
"732","TANNER","EBS","ALL",2018,37.5,1169.30768830073,9.48962169926797,1178.79731,0.00805025734175451,0.0078198582076322,-5.18432072388915,0.878210172873245,104
"733","TANNER","EBS","ALL",2018,42.5,1540.8242475918,14.0446424081964,1554.86889,0.0090326859701955,0.00655510021670084,-4.92535434033087,0.686787966390692,154
"734","TANNER","EBS","ALL",2018,47.5,682.085715147246,10.8608148527537,692.94653,0.0156733808202398,0.00852321918978259,-4.27327630576879,0.527188519959284,115
"735","TANNER","EBS","ALL",2018,52.5,389.07763933155,9.48497066845034,398.56261,0.0237979439878978,0.0083587630921447,-3.77450191101665,0.358854209115495,115
"736","TANNER","EBS","ALL",2018,57.5,376.37046903465,13.1138909653502,389.48436,0.033669878208589,0.0077665654270939,-3.38307077149627,0.237289358492932,105
"737","TANNER","EBS","ALL",2018,62.5,194.836250756718,10.4570692432818,205.29332,0.0509372114167273,0.010602440241779,-2.94626321441985,0.218859463490348,75
"738","TANNER","EBS","ALL",2018,67.5,119.992116180821,8.47645381917875,128.46857,0.0659807594898795,0.0151599005986993,-2.67606215186632,0.245184657974069,41
"739","TANNER","EBS","ALL",2018,72.5,112.917300527008,9.12611947299168,122.04342,0.0747776444890817,0.0137465420827218,-2.53212160606364,0.197925164988306,53
"740","TANNER","EBS","ALL",2018,77.5,102.457243070152,15.860506929848,118.31775,0.134050106005633,0.0216380951902404,-1.87823865020009,0.186143088391523,50
"741","TANNER","EBS","ALL",2018,82.5,63.8525720900659,24.848217909934,88.70079,0.280135249189258,0.0332424747149679,-0.949777390033498,0.165487187290362,42
"742","TANNER","EBS","ALL",2018,87.5,72.8052038393634,41.0280361606366,113.83324,0.360422282284477,0.0388132415710859,-0.577517809316432,0.169435852506887,46
"743","TANNER","EBS","ALL",2018,92.5,65.4472378888155,52.3860021111845,117.83324,0.444577456337316,0.0399845587891931,-0.224119384281927,0.163199653151058,47
"744","TANNER","EBS","ALL",2018,97.5,59.0477667733847,44.9522332266153,104,0.432233011794378,0.0439367965854747,-0.27495420889611,0.18046755191592,39
"745","TANNER","EBS","ALL",2018,102.5,41.5933950363108,52.1073949636892,93.70079,0.556104115703711,0.0410387732017412,0.226899608046541,0.167283381332947,41
"746","TANNER","EBS","ALL",2018,107.5,24.1764844956036,40.8235155043964,65,0.628054084683021,0.0442456533139012,0.528552867999341,0.191210005398208,25
"747","TANNER","EBS","ALL",2018,112.5,8.65647313264867,31.3435268673513,40,0.783588171683783,0.036177353651077,1.29954901121336,0.2137401116994,12
"748","TANNER","EBS","ALL",2018,117.5,7.1884715924982,38.8115284075018,46,0.843728878423952,0.0345676921359034,1.70974362699395,0.262547648920944,17
"749","TANNER","EBS","ALL",2018,122.5,4.27679170143814,39.7232082985619,44,0.902800188603679,0.0261535056877514,2.26466701930669,0.300786140897389,16
"750","TANNER","EBS","ALL",2018,127.5,1.31869142272678,24.6813085772732,26,0.949281099125893,0.0133218025325299,2.96100393951893,0.262960034449578,11
"751","TANNER","EBS","ALL",2018,132.5,0.898985338530679,25.1010146614693,26,0.965423640825743,0.0106793306085131,3.3761188329176,0.318653524625795,13
"752","TANNER","EBS","ALL",2018,137.5,0.286193268541107,8.71380673145889,9,0.968200747939877,0.015505971337208,3.52503693259789,0.483642264089342,3
"753","TANNER","EBS","ALL",2018,142.5,0.0287332088026346,4.97126679119737,5,0.994253358239473,0.00293196008190152,5.39481351461112,0.714108399691664,2
"754","TANNER","EBS","ALL",2018,157.5,0.000147631037922702,1.99985236896208,2,0.999926184481039,3.76609790619138e-05,10.2322653425615,1.1977572843258,1
"755","TANNER","EBS","ALL",2019,22.5,247.019080241658,0.556749758341941,247.57583,0.00224880497559855,0.00373116855296327,-6.99949947956301,1.40663413495607,8
"756","TANNER","EBS","ALL",2019,27.5,615.720580198922,3.25425980107749,618.97484,0.0052574993210992,0.00781228473338373,-5.9682745635415,1.23871698171137,13
"757","TANNER","EBS","ALL",2019,32.5,1202.15613583433,6.29177416567048,1208.44791,0.00520649182608995,0.00638895009213605,-5.78982510193943,1.06270218378842,49
"758","TANNER","EBS","ALL",2019,37.5,642.590828042371,4.35592195762893,646.94675,0.00673304558316265,0.00646182330979619,-5.37219697072821,0.892510198598095,44
"759","TANNER","EBS","ALL",2019,42.5,738.597340993567,5.00079900643267,743.59814,0.00672513651854033,0.00499065446591121,-5.23717877393425,0.708535941277955,54
"760","TANNER","EBS","ALL",2019,47.5,575.43186003615,4.70111996385001,580.13298,0.00810352130618398,0.00447178964361314,-4.94836070506233,0.539446828595578,74
"761","TANNER","EBS","ALL",2019,52.5,362.956282579238,7.28859742076237,370.24488,0.019685883085709,0.00713536478731706,-3.97413782700217,0.376429792165096,49
"762","TANNER","EBS","ALL",2019,57.5,382.465146912195,12.6176730878049,395.08282,0.0319367799587056,0.00783628250437488,-3.44204802437493,0.257709646987399,56
"763","TANNER","EBS","ALL",2019,62.5,298.478547551724,14.8745424482756,313.35309,0.0474689509150066,0.0103643641653838,-3.02242978535132,0.227862389053999,70
"764","TANNER","EBS","ALL",2019,67.5,223.470801544267,15.1591884557333,238.62999,0.0635259149771296,0.0136952889130668,-2.71331866859615,0.228218365728689,79
"765","TANNER","EBS","ALL",2019,72.5,203.005641800564,19.2971181994356,222.30276,0.0868055718221203,0.0180189416644657,-2.37406941584459,0.224278716592678,65
"766","TANNER","EBS","ALL",2019,77.5,205.941420023322,29.1652399766781,235.10666,0.124051100792628,0.0187106229693663,-1.96567578016682,0.171753547267517,74
"767","TANNER","EBS","ALL",2019,82.5,173.374922717562,36.0928072824377,209.46773,0.172307244091669,0.0226086153261905,-1.5776814018395,0.159725115502252,67
"768","TANNER","EBS","ALL",2019,87.5,109.672313823297,47.8446061767033,157.51692,0.303742646673788,0.0299739416105033,-0.833527472352385,0.142644146943961,64
"769","TANNER","EBS","ALL",2019,92.5,90.4950187788768,61.4241612211232,151.91918,0.404321305717443,0.0345027513883235,-0.389466316732792,0.143979325742142,62
"770","TANNER","EBS","ALL",2019,97.5,97.7761719926861,65.0060980073139,162.78227,0.399343847504485,0.038533036172944,-0.410782594043871,0.16143520978178,64
"771","TANNER","EBS","ALL",2019,102.5,64.2987934661663,39.9035565338337,104.20235,0.382942961783815,0.0481733528426813,-0.481919560466872,0.205514258035969,37
"772","TANNER","EBS","ALL",2019,107.5,33.6381897878419,28.3566202121581,61.99481,0.457403131200146,0.0594076390654827,-0.173256567374956,0.242919243484012,23
"773","TANNER","EBS","ALL",2019,112.5,14.6740205483807,18.3359594516193,33.00998,0.555467148166079,0.0659896280330578,0.22681288885646,0.272042918423414,18
"774","TANNER","EBS","ALL",2019,117.5,8.08926982101353,31.8263801789865,39.91565,0.797340897091403,0.0348220532536085,1.38391797200557,0.219206788024313,24
"775","TANNER","EBS","ALL",2019,122.5,3.70443674774311,18.1259332522569,21.83037,0.83030810986057,0.0392116535118238,1.61331856348594,0.279476542180044,9
"776","TANNER","EBS","ALL",2019,127.5,3.15511971128922,16.8448802887108,20,0.842244014435539,0.048564489877822,1.72186542817006,0.374688014579812,9
"777","TANNER","EBS","ALL",2019,132.5,0.485280199873444,6.51471980012656,7,0.930674257160937,0.0305668930443151,2.688037067261,0.46160900411088,5
"778","TANNER","EBS","ALL",2021,32.5,897.258676676636,2.55069332336423,899.80937,0.00283470411445507,0.00386687006957742,-6.44952821841399,1.08742226158861,2
"779","TANNER","EBS","ALL",2021,37.5,254.474412907261,0.958177092739136,255.43259,0.00375119358394767,0.00361437141368036,-5.94160643422458,0.861890194855675,2
"780","TANNER","EBS","ALL",2021,42.5,476.920959256568,2.67273074343183,479.59369,0.00557290639797998,0.00410049506448613,-5.41129283459176,0.683039013864855,21
"781","TANNER","EBS","ALL",2021,47.5,323.32302814372,2.8303618562799,326.15339,0.00867800839439349,0.00473874645784712,-4.87030627512916,0.518663708060547,27
"782","TANNER","EBS","ALL",2021,52.5,281.582030355271,3.98190964472878,285.56394,0.0139440212399674,0.00500668315738113,-4.32067892449064,0.358929443770426,58
"783","TANNER","EBS","ALL",2021,57.5,341.569148428638,8.5433315713621,350.11248,0.024401676773596,0.00545818963718198,-3.71269209927698,0.225500094232975,80
"784","TANNER","EBS","ALL",2021,62.5,319.630907574678,12.347622425322,331.97853,0.0371940391004262,0.0068937045304964,-3.27042449525659,0.189654004453867,95
"785","TANNER","EBS","ALL",2021,67.5,279.142975885609,15.1283241143912,294.2713,0.0514094446668472,0.00828241257858447,-2.9278429014404,0.167883489660998,113
"786","TANNER","EBS","ALL",2021,72.5,292.361017471147,18.3683625288534,310.72938,0.0591136973557293,0.00843051660645554,-2.77723505080961,0.149155535301217,132
"787","TANNER","EBS","ALL",2021,77.5,292.20967503409,22.8020649659103,315.01174,0.0723848100579053,0.00913824236170787,-2.55850514283714,0.135860790394958,144
"788","TANNER","EBS","ALL",2021,82.5,257.122554166055,41.5950858339447,298.71764,0.139245495625718,0.0166661181368112,-1.82854702194337,0.13923690090033,112
"789","TANNER","EBS","ALL",2021,87.5,230.314333808353,69.6856661916467,300,0.232285553972156,0.0197666712538859,-1.19876421103715,0.111348862488469,122
"790","TANNER","EBS","ALL",2021,92.5,191.130085434986,98.8699145650136,290,0.340930739879357,0.0235511406131562,-0.660922270850299,0.105341774773136,126
"791","TANNER","EBS","ALL",2021,97.5,169.134455254958,97.8655447450417,267,0.366537620767946,0.0231165486854929,-0.548431641976371,0.0998470905906977,124
"792","TANNER","EBS","ALL",2021,102.5,133.320926444511,101.679073555489,235,0.43267690874676,0.0229138651876532,-0.271520909278449,0.0935024097213524,127
"793","TANNER","EBS","ALL",2021,107.5,91.2284477926094,99.7715522073906,191,0.522364147682673,0.0264276439047564,0.0897706732987353,0.106227369036762,100
"794","TANNER","EBS","ALL",2021,112.5,54.1005153013464,78.8994846986536,133,0.593229208260553,0.0287013183089645,0.37864888981153,0.119284060819399,79
"795","TANNER","EBS","ALL",2021,117.5,22.2091803974645,50.7908196025355,73,0.695764652089528,0.0316777988616624,0.831611324178566,0.15026262558163,36
"796","TANNER","EBS","ALL",2021,122.5,16.4243019538111,60.5756980461889,77,0.786697377223233,0.0268660669336495,1.31245206421915,0.160106022667269,46
"797","TANNER","EBS","ALL",2021,127.5,4.49120212599787,31.5087978740021,36,0.875244385388948,0.0216890668395896,1.9626502423605,0.196750608444836,27
"798","TANNER","EBS","ALL",2021,132.5,1.91210647508839,16.0878935249116,18,0.893771862495089,0.024610563461001,2.15560511668928,0.25578815072956,9
"799","TANNER","EBS","ALL",2021,137.5,0.43095715066486,9.56904284933514,10,0.956904284933514,0.0142020997079796,3.15273784940459,0.340118632230831,3
"800","TANNER","EBS","ALL",2021,142.5,0.0984666445292532,4.90153335547075,5,0.980306671094149,0.00871256524447153,3.99805129261616,0.43464772293336,3
"801","TANNER","EBS","ALL",2021,147.5,0.0388397112954912,4.96116028870451,5,0.992232057740902,0.00396323584647871,5.09249707755077,0.699224749262193,5
"802","TANNER","EBS","ALL",2021,152.5,0.00306022788865845,0.996939772111342,1,0.996939772111342,0.00156134075951962,6.12520081655229,0.854195498677343,1
"803","TANNER","EBS","ALL",2022,27.5,561.419017848463,1.44090215153707,562.85992,0.00255996581091982,0.00417735333256235,-6.70734735830234,1.23617635822866,4
"804","TANNER","EBS","ALL",2022,32.5,1370.48598547356,4.80681452644406,1375.2928,0.00349512084004516,0.00462178265884898,-6.21867433356885,1.0707749980398,26
"805","TANNER","EBS","ALL",2022,37.5,768.728970475237,5.63394952476239,774.36292,0.00727559310918761,0.00825243542911848,-5.34625878139351,0.926753783180445,18
"806","TANNER","EBS","ALL",2022,42.5,607.303120479188,4.6852295208117,611.98835,0.00765574952662367,0.00610565802279876,-5.12419535772768,0.730641991085243,20
"807","TANNER","EBS","ALL",2022,47.5,401.843836135853,3.24284386414738,405.08668,0.00800530855309136,0.00502670967632771,-4.9895768008308,0.590599493261089,26
"808","TANNER","EBS","ALL",2022,52.5,207.150119438424,4.86300056157555,212.01312,0.0229372623806279,0.00884711838171431,-3.82333770754252,0.390237715915429,46
"809","TANNER","EBS","ALL",2022,57.5,266.913439372785,7.95932062721553,274.87276,0.0289563819536557,0.00783965812301515,-3.54773382087709,0.273324469494027,67
"810","TANNER","EBS","ALL",2022,62.5,204.531118754878,10.3269112451221,214.85803,0.0480638831377264,0.0119453172767363,-3.01613258088203,0.258854730499778,50
"811","TANNER","EBS","ALL",2022,67.5,110.97427943568,10.5226205643196,121.4969,0.0866081403255524,0.0160556384682389,-2.37284019312838,0.204067673617549,51
"812","TANNER","EBS","ALL",2022,72.5,123.783747307582,13.783312692418,137.56706,0.100193408890312,0.0183616359168279,-2.21169825027709,0.204657605584541,63
"813","TANNER","EBS","ALL",2022,77.5,108.086240407026,23.860669592974,131.94691,0.18083537987342,0.0238128988972341,-1.51905098600055,0.162223802560852,63
"814","TANNER","EBS","ALL",2022,82.5,116.004329235842,37.9253807641581,153.92971,0.246381161662412,0.0255815209056329,-1.12284725891058,0.138375294154718,75
"815","TANNER","EBS","ALL",2022,87.5,104.958626581038,62.3929934189617,167.35162,0.37282575106809,0.0243298335790889,-0.521491741897664,0.104301000988384,88
"816","TANNER","EBS","ALL",2022,92.5,109.64345864108,73.3565413589196,183,0.400855417261856,0.025209303392367,-0.403007333178779,0.10533683451514,84
"817","TANNER","EBS","ALL",2022,97.5,110.77770034096,70.9942096590404,181.77191,0.390567550613516,0.0251776965595039,-0.446160705245721,0.106109420242106,93
"818","TANNER","EBS","ALL",2022,102.5,111.564462453566,79.1113475464344,190.67581,0.414899758634482,0.0292547212802486,-0.344975840870024,0.12083434953176,98
"819","TANNER","EBS","ALL",2022,107.5,75.5177520900953,75.4822479099047,151,0.499882436489435,0.0289443846612564,-0.000484524649028471,0.11615994744106,74
"820","TANNER","EBS","ALL",2022,112.5,55.0171955976644,74.9828044023356,130,0.576790803094889,0.031561040306446,0.310911920110639,0.129890259559931,70
"821","TANNER","EBS","ALL",2022,117.5,39.8664004288633,90.1335995711367,130,0.693335381316436,0.0294421702768369,0.819465235644057,0.138841698429963,75
"822","TANNER","EBS","ALL",2022,122.5,24.8652217325886,77.1347782674114,102,0.756223316347171,0.0298021642733006,1.13870402731586,0.161282497447164,56
"823","TANNER","EBS","ALL",2022,127.5,9.25508354121725,53.7449164587828,63,0.853093912044171,0.0250882315770946,1.77293818869871,0.198352577554062,33
"824","TANNER","EBS","ALL",2022,132.5,6.5459334993603,50.4540665006397,57,0.885159061414732,0.0231742876198849,2.06180500400455,0.225639871919532,27
"825","TANNER","EBS","ALL",2022,137.5,2.42565166344828,33.5743483365517,36,0.932620787126437,0.0154594439803754,2.65368085135949,0.246219787029019,14
"826","TANNER","EBS","ALL",2022,142.5,0.662467756110662,24.3375322438893,25,0.973501289755573,0.00762170175214551,3.64360124100416,0.290203604757785,15
"827","TANNER","EBS","ALL",2022,147.5,0.185150183899232,20.8148498161008,21,0.991183324576227,0.00449830378763926,4.85439152927149,0.516466814269624,12
"828","TANNER","EBS","ALL",2022,152.5,0.0335082033564325,5.96649179664357,6,0.994415299440595,0.0028493370201048,5.45094549071213,0.738218513577727,1
"829","TANNER","EBS","ALL",2022,157.5,0.00169774358972385,0.998302256410276,1,0.998302256410276,0.000866195709042783,6.8893296534349,1.02251193518597,1
"830","TANNER","EBS","ALL",2023,22.5,719.273599861136,0.788440138863606,720.06204,0.00109496139924777,0.00216940614795454,-7.78475585613813,1.40482356534449,2
"831","TANNER","EBS","ALL",2023,27.5,955.722344798146,1.56388520185366,957.28623,0.00163366520152876,0.00263646037490759,-7.13982304809041,1.20488411924608,4
"832","TANNER","EBS","ALL",2023,32.5,1877.07978217994,3.4774878200626,1880.55727,0.00184917942970309,0.00237309240418969,-6.82420712838532,1.03451177148309,12
"833","TANNER","EBS","ALL",2023,37.5,1609.27014417013,6.4096858298696,1615.67983,0.0039671757429005,0.00398072586629897,-5.87682673975914,0.833577697992853,8
"834","TANNER","EBS","ALL",2023,42.5,2382.30682001872,18.563219981277,2400.87004,0.00773187205971259,0.00590068708594556,-5.07654548831512,0.66447307092599,37
"835","TANNER","EBS","ALL",2023,47.5,1700.70925753026,17.0420024697356,1717.75126,0.00992111190169383,0.00528507352505193,-4.72429851132515,0.494408777121149,58
"836","TANNER","EBS","ALL",2023,52.5,968.350238567096,22.0963814329044,990.44662,0.0223095126852009,0.00713365451376132,-3.82821405903397,0.316371913615013,90
"837","TANNER","EBS","ALL",2023,57.5,927.024313796759,35.0989962032407,962.12331,0.0364807669021559,0.00669097913147953,-3.29037767453942,0.189157670524439,164
"838","TANNER","EBS","ALL",2023,62.5,614.05802056267,35.1259394373299,649.18396,0.0541078363016392,0.00799708101762055,-2.87187620266234,0.154952394105834,180
"839","TANNER","EBS","ALL",2023,67.5,293.75396614238,23.1826538576201,316.93662,0.0731460247718301,0.0109659060488881,-2.55029647922123,0.160030489690867,109
"840","TANNER","EBS","ALL",2023,72.5,270.299888398873,26.6375116011273,296.9374,0.0897074992948929,0.0122684879482361,-2.32624615676073,0.148109069784204,90
"841","TANNER","EBS","ALL",2023,77.5,251.384005055813,41.2561649441866,292.64017,0.140979158617173,0.0151720777097257,-1.81279439721163,0.125136722486942,107
"842","TANNER","EBS","ALL",2023,82.5,160.188178703265,59.6408612967347,219.82904,0.271305653232779,0.0208305953205589,-0.990539606124125,0.105360631913377,108
"843","TANNER","EBS","ALL",2023,87.5,124.674068593141,91.2055314068593,215.8796,0.422483325922687,0.0244806900405061,-0.313360580587134,0.100488585274106,110
"844","TANNER","EBS","ALL",2023,92.5,93.6861426932817,98.8272973067183,192.51344,0.513352716084229,0.0235615726356804,0.0535458495346636,0.0945226705491939,108
"845","TANNER","EBS","ALL",2023,97.5,78.5203872799824,94.2226527200176,172.74304,0.545449777426735,0.0243021199522776,0.182744874623889,0.0982683278001813,111
"846","TANNER","EBS","ALL",2023,102.5,70.0198467374412,99.9801532625588,170,0.588118548603287,0.0233922538101939,0.357013411570727,0.0967733717519954,111
"847","TANNER","EBS","ALL",2023,107.5,41.4441514064972,82.5558485935028,124,0.665772972528248,0.0238059538099774,0.691030746553232,0.107262938850113,89
"848","TANNER","EBS","ALL",2023,112.5,32.9818552969731,88.0181447030269,121,0.72742268349609,0.0224318066531696,0.984481977968794,0.113078745751975,86
"849","TANNER","EBS","ALL",2023,117.5,20.2656514166639,84.7343485833361,105,0.806993796031773,0.0209115053342021,1.4361128254236,0.134253388933478,79
"850","TANNER","EBS","ALL",2023,122.5,8.93243395825829,71.0675660417417,80,0.888344575521771,0.017275766496398,2.08553891715945,0.172839141732337,59
"851","TANNER","EBS","ALL",2023,127.5,3.86176579952809,49.1382342004719,53,0.927136494348527,0.0129775748651804,2.55885466345044,0.189128470522049,39
"852","TANNER","EBS","ALL",2023,132.5,2.25802928506683,41.7419707149332,44,0.948681152612117,0.012240893360256,2.94400738752626,0.244321193759568,33
"853","TANNER","EBS","ALL",2023,137.5,1.01955708618545,31.9804429138146,33,0.969104330721653,0.00960872032071742,3.49122787074013,0.30989556905636,20
"854","TANNER","EBS","ALL",2023,142.5,0.180452644763765,23.8195473552362,24,0.99248113980151,0.00327348474339526,4.95822478133891,0.381999867449191,14
"855","TANNER","EBS","ALL",2023,147.5,0.124443487592165,15.8755565124078,16,0.99222228202549,0.00396822345638282,5.04228711476289,0.627395177716997,14
"856","TANNER","EBS","ALL",2023,152.5,0.0050853971559679,6.99491460284403,7,0.999273514692005,0.000370655769385383,7.47894145571939,0.707579426924218,5
"857","TANNER","EBS","ALL",2023,157.5,0.00126209458611948,3.99873790541388,4,0.99968447635347,0.000160981452311158,8.54519389578928,0.982954057722816,3
"858","TANNER","EBS","ALL",2024,32.5,890.680315301555,2.32636469844499,893.00668,0.00260509215725574,0.00328204458959324,-6.49012617472425,1.04083049422997,1
"859","TANNER","EBS","ALL",2024,37.5,782.844184911021,3.59888508897889,786.44307,0.00457615462105717,0.00480800889341153,-5.77332065798249,0.878707596334754,3
"860","TANNER","EBS","ALL",2024,42.5,1633.27374513294,8.26791486706365,1641.54166,0.00503667684380526,0.003698978579335,-5.50835355632624,0.669891267605922,13
"861","TANNER","EBS","ALL",2024,47.5,2201.70896407681,14.4550759231855,2216.16404,0.00652256586709414,0.00350721569431686,-5.15523933264666,0.512370140369121,13
"862","TANNER","EBS","ALL",2024,52.5,1168.59976862271,15.2051113772948,1183.80488,0.0128442715807142,0.00457984366947562,-4.40411287190206,0.360545885069106,50
"863","TANNER","EBS","ALL",2024,57.5,1299.29637169435,28.9010883056507,1328.19746,0.0217596322655599,0.00548474791670602,-3.83559004696222,0.248788404630032,84
"864","TANNER","EBS","ALL",2024,62.5,1531.85709263569,42.6930873643142,1574.55018,0.02711446602757,0.00525597358766474,-3.59791432044384,0.192194457888221,107
"865","TANNER","EBS","ALL",2024,67.5,1174.81584777749,47.852902222509,1222.66875,0.0391380758054943,0.00662986561704271,-3.21454464265694,0.172533248909824,112
"866","TANNER","EBS","ALL",2024,72.5,1339.84484309511,76.1995869048927,1416.04443,0.0538115791358981,0.007575782372738,-2.87678395073952,0.148617881243979,116
"867","TANNER","EBS","ALL",2024,77.5,1236.77539140061,111.95734859939,1348.73274,0.0830092910767404,0.00992458831999573,-2.40921478201136,0.130352625284964,134
"868","TANNER","EBS","ALL",2024,82.5,1282.33980875786,213.760651242138,1496.10046,0.142878541219176,0.0168077065687638,-1.79827664067612,0.137009684572597,85
"869","TANNER","EBS","ALL",2024,87.5,838.474324555323,275.078015444677,1113.55234,0.247027468367295,0.0230374592681507,-1.11844308024019,0.124504922102983,76
"870","TANNER","EBS","ALL",2024,92.5,385.640390864288,203.782659135712,589.42305,0.345732422808562,0.0309355134031731,-0.640742122419569,0.137200281736175,50
"871","TANNER","EBS","ALL",2024,97.5,255.464750321226,179.817589678774,435.28234,0.413105640074381,0.0313699829817306,-0.35259885937422,0.129826786361344,70
"872","TANNER","EBS","ALL",2024,102.5,140.43892426512,140.27936573488,280.71829,0.499715803109517,0.0323930669223909,-0.00115440983884138,0.130090861915794,52
"873","TANNER","EBS","ALL",2024,107.5,92.0596993134479,125.795050686552,217.85475,0.577426247013444,0.0351563662461111,0.313810694649009,0.144695781658945,37
"874","TANNER","EBS","ALL",2024,112.5,45.5161265929728,107.811353407027,153.32748,0.70314436399155,0.0283806862392936,0.866054173643785,0.136129589453535,45
"875","TANNER","EBS","ALL",2024,117.5,27.6778739079515,104.267186092048,131.94506,0.790231829005561,0.0249433706449,1.33288125634865,0.150611068722956,42
"876","TANNER","EBS","ALL",2024,122.5,12.2738849450294,94.7261150549706,107,0.885290794906267,0.0170420787043822,2.05433932065707,0.1679731625224,37
"877","TANNER","EBS","ALL",2024,127.5,12.0009543496904,112.76849565031,124.76945,0.9038149615175,0.0184810049378098,2.25827961201838,0.210943598059367,60
"878","TANNER","EBS","ALL",2024,132.5,5.16648443700814,59.8335155629919,65,0.920515624046029,0.0232294719756112,2.49122562643557,0.317111585303584,29
"879","TANNER","EBS","ALL",2024,137.5,1.82165120745628,47.1783487925437,49,0.96282344474579,0.0126091255525121,3.30954315327755,0.347017619657181,30
"880","TANNER","EBS","ALL",2024,142.5,0.339584534415426,28.6604154655846,29,0.988290188468434,0.00483099333004039,4.51331148718124,0.396581134911006,22
"881","TANNER","EBS","ALL",2024,147.5,0.0647559488278375,11.9352440511722,12,0.994603670931014,0.00275322911682983,5.43998040944028,0.673992805713507,5
"882","TANNER","EBS","ALL",2024,152.5,0.0134262455665777,11.9865737544334,12,0.998881146202785,0.000570843774089225,7.17662467779177,0.874917692051907,8
"883","TANNER","EBS","ALL",2024,157.5,0.000554140987091056,3.99944585901291,4,0.999861464753227,7.06812483534511e-05,9.49246717139927,1.12422243351332,2
"884","TANNER","EBS","ALL",2024,162.5,9.68209874665504e-05,1.99990317901253,2,0.999951589506267,2.4699231496569e-05,10.8161030468077,1.38062485358106,2
"885","TANNER","EBS","ALL",2025,27.5,301.277113315237,0.880426684763075,302.15754,0.00291380014797273,0.00520791102058289,-6.69984439500982,1.32236142396342,1
"886","TANNER","EBS","ALL",2025,32.5,716.135389456334,1.49017054366565,717.62556,0.00207652935838246,0.00289219260417205,-6.75975812050387,1.08070020088193,2
"887","TANNER","EBS","ALL",2025,37.5,564.419290024273,2.08445997572649,566.50375,0.0036795166417283,0.00376980765294668,-5.95121347918944,0.832255326897916,3
"888","TANNER","EBS","ALL",2025,42.5,1621.00997164993,8.50001835007014,1629.50999,0.00521630330727223,0.00409926447297958,-5.48501514442427,0.680772822232677,18
"889","TANNER","EBS","ALL",2025,47.5,1189.69841051365,10.4820594863531,1200.18047,0.008733736090834,0.00469899285407664,-4.85932984980955,0.509317453402897,24
"890","TANNER","EBS","ALL",2025,52.5,1317.78166183442,29.4547281655789,1347.23639,0.0218630734622443,0.00777093111206407,-3.86012675947852,0.352293662412111,34
"891","TANNER","EBS","ALL",2025,57.5,1673.96064628071,44.4827937192854,1718.44344,0.0258855151609095,0.00502149570574085,-3.64645996218067,0.198580668165098,119
"892","TANNER","EBS","ALL",2025,62.5,1191.25857920531,40.4153607946864,1231.67394,0.032813360323826,0.00506922109410656,-3.3952023172114,0.157542272601679,105
"893","TANNER","EBS","ALL",2025,67.5,846.614098253798,44.1499317462024,890.76403,0.0495641160389048,0.0074901820411964,-2.96500007175411,0.158962381030112,86
"894","TANNER","EBS","ALL",2025,72.5,709.466425568323,51.6050444316768,761.07147,0.0678057797011846,0.00931079431580104,-2.63019019495114,0.146675390514926,110
"895","TANNER","EBS","ALL",2025,77.5,731.60227474851,84.5308852514896,816.13316,0.103574869144503,0.0111917937461494,-2.16390287079487,0.120975908335287,128
"896","TANNER","EBS","ALL",2025,82.5,675.148229176148,139.610690823852,814.75892,0.171352147729603,0.0134822513116686,-1.57905066894628,0.095257731488432,125
"897","TANNER","EBS","ALL",2025,87.5,551.326013818966,188.198506181034,739.52452,0.254485823108387,0.016869486663594,-1.07677465422039,0.089076148452485,154
"898","TANNER","EBS","ALL",2025,92.5,446.868822949899,203.199657050101,650.06848,0.312581925292088,0.0187564634072053,-0.789507630794125,0.0874481785087629,131
"899","TANNER","EBS","ALL",2025,97.5,395.122929947972,192.234900052028,587.35783,0.327287541313662,0.0191424286629078,-0.721791686787702,0.0871658603452869,141
"900","TANNER","EBS","ALL",2025,102.5,535.065573383686,252.861636616314,787.92721,0.32092004617573,0.0206398734057791,-0.751160884362689,0.0949628675721182,137
"901","TANNER","EBS","ALL",2025,107.5,583.960749664426,309.717050335574,893.6778,0.346564556415717,0.0232613594152599,-0.635803208114828,0.103037852583577,146
"902","TANNER","EBS","ALL",2025,112.5,407.069703400951,294.199016599049,701.26872,0.419523940265079,0.0303848063745238,-0.326004452436946,0.125373216961173,94
"903","TANNER","EBS","ALL",2025,117.5,249.394586436494,324.057663563506,573.45225,0.565099646157996,0.0353601423942101,0.263183500223603,0.144344112197992,79
"904","TANNER","EBS","ALL",2025,122.5,88.0691011695617,228.749078830438,316.81818,0.722020052101929,0.0324234544629252,0.960203549101481,0.161063559978657,52
"905","TANNER","EBS","ALL",2025,127.5,31.5656447726983,175.306575227302,206.87222,0.847414772400575,0.0214310964553327,1.7238903979916,0.16482987528734,61
"906","TANNER","EBS","ALL",2025,132.5,9.64730192752226,99.6461480724777,109.29345,0.91173028276148,0.0164708177238482,2.35200606268091,0.203907260118037,25
"907","TANNER","EBS","ALL",2025,137.5,2.61253202202326,62.6862579779767,65.29879,0.959991111289761,0.011095396837656,3.21446525950964,0.282613545327015,13
"908","TANNER","EBS","ALL",2025,142.5,0.981608868445235,43.6538811315548,44.63549,0.978008332193839,0.00739073497145442,3.84744421188445,0.331403658891761,16
"909","TANNER","EBS","ALL",2025,147.5,0.0907140446820947,17.7229359553179,17.81365,0.994907610473873,0.00259815792149343,5.40098805130504,0.511023457874374,9
"910","TANNER","EBS","ALL",2025,152.5,0.00366082114224575,5.99633917885775,6,0.999389863142959,0.000311294314816797,7.66063737579421,0.733385598582527,4
