"","YEAR","SPECIES","REGION","DISTRICT","SIZE_5MM","PROP_MATURE","PROP_MATURE_SD","PROP_MATURE_LOGIT","PROP_MATURE_LOGIT_SD","NUM_MATURE","NUM_IMMATURE","TOTAL_CRAB","INTERPOLATED"
"1",1989,"SNOW","EBS","ALL",17.5,5.34212774364175e-06,6.04584099873766e-06,-12.7440901290751,1.17648446371271,1.60263832309253e-05,2.99998397361677,3,"N"
"2",1989,"SNOW","EBS","ALL",22.5,0.000743104011122677,0.00089364474571767,-8.63008514512404,1.89934108991165,0.0185776002780669,24.9814223997219,25,"N"
"3",1989,"SNOW","EBS","ALL",27.5,0.000929858306564635,0.000813374305591562,-7.38740919689105,0.919970627845858,0.0408270097088414,43.8658729902912,43.9067,"N"
"4",1989,"SNOW","EBS","ALL",32.5,0.00229644283861758,0.0018474238156993,-6.44164816389149,0.873091136002936,0.759927381941137,330.155072618059,330.915,"N"
"5",1989,"SNOW","EBS","ALL",37.5,0.010931339840426,0.00464023392650651,-4.58980097881775,0.412790024834852,26.1015034680943,2361.66649653191,2387.768,"N"
"6",1989,"SNOW","EBS","ALL",42.5,0.030133381849849,0.00687328413934068,-3.49704538814302,0.23323365020153,265.242684362977,8537.04461563702,8802.2873,"N"
"7",1989,"SNOW","EBS","ALL",47.5,0.0524627303276173,0.00885179321305558,-2.90667626593953,0.16761440010602,484.463961677927,8749.97653832207,9234.4405,"N"
"8",1989,"SNOW","EBS","ALL",52.5,0.115068510553678,0.0221681565774556,-2.05861352694219,0.221697340309462,1021.22557472441,7853.70962527559,8874.9352,"N"
"9",1989,"SNOW","EBS","ALL",57.5,0.207402596970685,0.0306116427640954,-1.35111008514612,0.190054402066833,1858.90511323276,7103.88098676724,8962.7861,"N"
"10",1989,"SNOW","EBS","ALL",62.5,0.270436677251476,0.0327777974109085,-0.998968239059523,0.169201150684235,2477.35941308843,6683.23018691157,9160.5896,"N"
"11",1989,"SNOW","EBS","ALL",67.5,0.291625931499142,0.0290675850449746,-0.891738477203419,0.142592820063402,3156.38888965309,7667.02751034691,10823.4164,"N"
"12",1989,"SNOW","EBS","ALL",72.5,0.328547393599659,0.0280186755482531,-0.717538207343112,0.127571634549473,3553.67151021758,7262.64168978242,10816.3132,"N"
"13",1989,"SNOW","EBS","ALL",77.5,0.360397788635836,0.0260011052832746,-0.575440938307389,0.113436995474255,2935.5332233468,5209.7254766532,8145.2587,"N"
"14",1989,"SNOW","EBS","ALL",82.5,0.369316668914761,0.0288379828956535,-0.537182024829514,0.124444048999517,2280.63960055598,3894.65599944402,6175.2956,"N"
"15",1989,"SNOW","EBS","ALL",87.5,0.362498489705352,0.0311663986894652,-0.567069799739537,0.135563655457744,1661.40434676228,2921.79915323772,4583.2035,"N"
"16",1989,"SNOW","EBS","ALL",92.5,0.423276562271038,0.0299024949518578,-0.310462775070644,0.122560634487242,1534.99141623078,2091.45888376922,3626.4503,"N"
"17",1989,"SNOW","EBS","ALL",97.5,0.553651251713257,0.0299088152973127,0.216237731606208,0.121324279229901,1571.6836363299,1267.0774636701,2838.7611,"N"
"18",1989,"SNOW","EBS","ALL",102.5,0.697285951654837,0.0208799528285316,0.836321280555397,0.0989565844541856,1352.84547521951,587.313324780493,1940.1588,"N"
"19",1989,"SNOW","EBS","ALL",107.5,0.862444867231198,0.0139893359992693,1.84049593252325,0.114318648516479,1200.74619718401,191.512302815994,1392.2585,"N"
"20",1989,"SNOW","EBS","ALL",112.5,0.921301325705494,0.0157147009211151,2.47833306581201,0.205637934471227,750.302179716467,64.0917202835327,814.3939,"N"
"21",1989,"SNOW","EBS","ALL",117.5,0.93433788235465,0.017547360181847,2.68465418664464,0.251714697337539,539.397557437598,37.9070425624016,577.3046,"N"
"22",1989,"SNOW","EBS","ALL",122.5,0.958437555387052,0.00768186223484194,3.15276820020457,0.173987914373474,377.447852624796,16.3679473752036,393.8158,"N"
"23",1989,"SNOW","EBS","ALL",127.5,0.975466480788992,0.00555518744818283,3.71169132154866,0.254923590257887,146.442490708336,3.68310929166412,150.1256,"N"
"24",1989,"SNOW","EBS","ALL",132.5,0.991989612458465,0.00241519354288314,4.86321052708426,0.29910700645817,49.617138038025,0.400661961975011,50.0178,"N"
"25",1989,"SNOW","EBS","ALL",137.5,0.988194142863037,0.00589286897870116,4.6024303563371,0.652508671200048,25.8348535739398,0.3086464260602,26.1435,"N"
"26",1989,"SNOW","EBS","ALL",142.5,0.993040720081045,0.00355065301987503,5.96803051189636,1.64405619137758,2.08806672211441,0.0146332778855869,2.1027,"N"
"27",1990,"SNOW","EBS","ALL",7.5,1.49466700328404e-07,1.84071976937576e-07,-13.8155095579638,0,1.10393563928653e-05,73.8582889606436,73.8583,"N"
"28",1990,"SNOW","EBS","ALL",12.5,4.96240459029414e-06,5.59792164456081e-06,-12.8368109830934,1.20390450103318,9.43774917005092e-05,19.0184056225083,19.0185,"N"
"29",1990,"SNOW","EBS","ALL",17.5,8.12521379134152e-07,8.48062900915254e-07,-13.6278217500181,0.330136369124437,8.96779846150364e-06,11.0369910322015,11.037,"N"
"30",1990,"SNOW","EBS","ALL",22.5,0.000406742484970621,0.000536185637378939,-8.77317910223714,1.53372828143455,0.0157525263291847,38.7127474736708,38.7285,"N"
"31",1990,"SNOW","EBS","ALL",27.5,0.00258864904825731,0.00266486903383081,-6.56550243848953,1.19184173737887,0.510546308542547,196.714453691457,197.225,"N"
"32",1990,"SNOW","EBS","ALL",32.5,0.00304339574906009,0.00218826562134814,-6.07214506845936,0.780262609204717,5.63822418130792,1846.97137581869,1852.6096,"N"
"33",1990,"SNOW","EBS","ALL",37.5,0.00780218106728866,0.00252787407094492,-4.89632720168642,0.320395753886009,28.7355678485566,3654.28173215144,3683.0173,"N"
"34",1990,"SNOW","EBS","ALL",42.5,0.0153931279664818,0.00302418825989608,-4.17854140126158,0.207970128406141,54.5483458805797,3489.13335411942,3543.6817,"N"
"35",1990,"SNOW","EBS","ALL",47.5,0.0315219977676846,0.00737322109511847,-3.45222770240516,0.24225943826391,177.598153819107,5456.50394618089,5634.1021,"N"
"36",1990,"SNOW","EBS","ALL",52.5,0.0704232559789454,0.0101942200152203,-2.59066076392844,0.157025641056281,548.437472300727,7239.29492769927,7787.7324,"N"
"37",1990,"SNOW","EBS","ALL",57.5,0.132254165340285,0.0150980667193636,-1.88791754770242,0.137132088414568,1070.37100962229,7022.9166903777,8093.2877,"N"
"38",1990,"SNOW","EBS","ALL",62.5,0.179175456996211,0.0199659853644381,-1.52816419065821,0.14034102390066,1163.11448686077,5328.36881313923,6491.4833,"N"
"39",1990,"SNOW","EBS","ALL",67.5,0.229803471429267,0.0226207975037388,-1.21403790020914,0.131108242966494,1252.2560611183,4196.9917388817,5449.2478,"N"
"40",1990,"SNOW","EBS","ALL",72.5,0.315830522869007,0.0235276687026602,-0.775197426736285,0.109410215040669,1448.24285234813,3137.26344765187,4585.5063,"N"
"41",1990,"SNOW","EBS","ALL",77.5,0.349643172205573,0.0193108192441508,-0.621673968209175,0.0848081158166051,1504.93512080811,2799.26767919189,4304.2028,"N"
"42",1990,"SNOW","EBS","ALL",82.5,0.353830220447483,0.0148598537967247,-0.602865133058046,0.0651771913830735,1669.78708441047,3049.38891558953,4719.176,"N"
"43",1990,"SNOW","EBS","ALL",87.5,0.334119283359328,0.0177117536555253,-0.690668657383848,0.079890556773135,1708.711474989,3405.36472501101,5114.0762,"N"
"44",1990,"SNOW","EBS","ALL",92.5,0.362696096168509,0.0215814570476524,-0.564874571858782,0.0935114310049727,2710.19852138644,4762.16897861356,7472.3675,"N"
"45",1990,"SNOW","EBS","ALL",97.5,0.444981559406115,0.0273589698068569,-0.221611645050123,0.110782486212764,3325.87276116171,4148.30833883829,7474.1811,"N"
"46",1990,"SNOW","EBS","ALL",102.5,0.567467558289982,0.0305123818473503,0.27266398464855,0.125232723574366,3165.35463921389,2412.68166078611,5578.0363,"N"
"47",1990,"SNOW","EBS","ALL",107.5,0.715960380355544,0.0209998218273929,0.926899303953156,0.105027157867535,2463.65360532545,977.393794674546,3441.0474,"N"
"48",1990,"SNOW","EBS","ALL",112.5,0.808325336023636,0.0191241201127399,1.44408586312211,0.127168991894196,1780.41552597739,422.182174022611,2202.5977,"N"
"49",1990,"SNOW","EBS","ALL",117.5,0.840553221833968,0.0219474081140912,1.67220265117629,0.17213306218266,1378.46945891273,261.485541087275,1639.955,"N"
"50",1990,"SNOW","EBS","ALL",122.5,0.869332988976328,0.0275052826847142,1.9219761803809,0.279197132804427,759.652375355945,114.181224644055,873.8336,"N"
"51",1990,"SNOW","EBS","ALL",127.5,0.908647780218874,0.0240942595526735,2.34311947909325,0.354583997020845,303.477636549297,30.5105634507025,333.9882,"N"
"52",1990,"SNOW","EBS","ALL",132.5,0.919035954463924,0.0228192917503786,2.47412405139617,0.337136322657858,96.6718296889376,8.51647031106242,105.1883,"N"
"53",1990,"SNOW","EBS","ALL",137.5,0.938474235948161,0.0296495071895156,2.85307898761149,0.560300262411189,32.8644292686686,2.15457073133135,35.019,"N"
"54",1990,"SNOW","EBS","ALL",142.5,0.919344478775695,0.0344164468218592,2.5789930648356,0.652317965442352,5.68485851895739,0.498741481042612,6.1836,"N"
"55",1990,"SNOW","EBS","ALL",147.5,0.950147163500538,0.0254351206629908,3.24320869916679,0.840060696087115,12.0973687004052,0.634731299594801,12.7321,"N"
"56",1991,"SNOW","EBS","ALL",12.5,5.32197733857722e-06,6.60714651174332e-06,-12.8178048333804,1.24410014810013,0.00100211556010848,188.29659788444,188.2976,"N"
"57",1991,"SNOW","EBS","ALL",17.5,6.09088359833202e-05,6.92985847644268e-05,-10.8747657110359,1.68551690814221,0.0276941939987532,454.655005806001,454.6827,"N"
"58",1991,"SNOW","EBS","ALL",22.5,0.000130344472901432,0.00013185751276483,-9.70792038186266,1.32149820789037,0.592347902348888,4543.88805209765,4544.4804,"N"
"59",1991,"SNOW","EBS","ALL",27.5,0.000284873276306318,0.000274289382202551,-8.62310312482256,0.951155313171917,1.2983974413492,4556.50870255865,4557.8071,"N"
"60",1991,"SNOW","EBS","ALL",32.5,0.00100123090303703,0.000552710990405309,-7.04789502140548,0.529736600824446,4.85325534250527,4842.43554465749,4847.2888,"N"
"61",1991,"SNOW","EBS","ALL",37.5,0.00442608522116382,0.000684096521948595,-5.42960088453278,0.173894059263999,25.337148306804,5699.1681516932,5724.5053,"N"
"62",1991,"SNOW","EBS","ALL",42.5,0.0245769924053729,0.00235736665111225,-3.6854449517003,0.0955817224517878,260.084608952796,10322.3578910472,10582.4425,"N"
"63",1991,"SNOW","EBS","ALL",47.5,0.0488699368580742,0.00758654571439749,-2.98221255187263,0.180400320728617,602.723365002148,11730.4901349979,12333.2135,"N"
"64",1991,"SNOW","EBS","ALL",52.5,0.0910225116683928,0.0124975929555233,-2.3113401228391,0.16042011735338,806.703430122236,8055.97696987776,8862.6804,"N"
"65",1991,"SNOW","EBS","ALL",57.5,0.146954142372875,0.0156065610230595,-1.76449020834972,0.129584153924944,1618.80790422727,9396.92719577273,11015.7351,"N"
"66",1991,"SNOW","EBS","ALL",62.5,0.196686629712904,0.0116488737031471,-1.40883733186765,0.0753622668452981,1950.11831259701,7964.73108740299,9914.8494,"N"
"67",1991,"SNOW","EBS","ALL",67.5,0.230800785800856,0.0120199298976562,-1.2050331952862,0.0680698592338045,1359.2358651916,4529.9809348084,5889.2168,"N"
"68",1991,"SNOW","EBS","ALL",72.5,0.275427099215516,0.0130730672976619,-0.968184841271442,0.0647344298872001,917.690979786331,2414.19242021367,3331.8834,"N"
"69",1991,"SNOW","EBS","ALL",77.5,0.317799859366028,0.0134560036351565,-0.764597998760197,0.0620911921000325,974.877604893547,2092.70589510645,3067.5835,"N"
"70",1991,"SNOW","EBS","ALL",82.5,0.326669931941821,0.0172323268600943,-0.72431693477702,0.0779015899134079,1026.7934054576,2116.4202945424,3143.2137,"N"
"71",1991,"SNOW","EBS","ALL",87.5,0.312658879739147,0.012082515533853,-0.788301287417408,0.0561166315905773,1168.52923358848,2568.86416641152,3737.3934,"N"
"72",1991,"SNOW","EBS","ALL",92.5,0.342428233995445,0.0178268429030223,-0.653468326425932,0.0791501754066449,1697.75750625107,3260.23759374893,4957.9951,"N"
"73",1991,"SNOW","EBS","ALL",97.5,0.467863481092046,0.0215487694705843,-0.1289875487545,0.0867525207757405,1527.8200812385,1737.7053187615,3265.5254,"N"
"74",1991,"SNOW","EBS","ALL",102.5,0.67561717217601,0.0218420878513451,0.735387610045195,0.0990410974077633,1295.90041964848,622.198280351519,1918.0987,"N"
"75",1991,"SNOW","EBS","ALL",107.5,0.839147110222876,0.0144731299289846,1.65593987625794,0.110044405770877,1206.17469984224,231.207000157755,1437.3817,"N"
"76",1991,"SNOW","EBS","ALL",112.5,0.899694047654945,0.0159720962252266,2.20723205238423,0.186343076732034,1951.04682184094,217.520178159059,2168.567,"N"
"77",1991,"SNOW","EBS","ALL",117.5,0.917933402944988,0.0170405763517218,2.43549027889863,0.224163007956929,1566.89515347246,140.08614652754,1706.9813,"N"
"78",1991,"SNOW","EBS","ALL",122.5,0.936823659008824,0.0132475264067387,2.72006507001171,0.236235201385685,1178.92465514733,79.5028448526728,1258.4275,"N"
"79",1991,"SNOW","EBS","ALL",127.5,0.956963701564869,0.0151834360522315,3.15903817735246,0.350116957547131,411.630854696737,18.5117453032634,430.1426,"N"
"80",1991,"SNOW","EBS","ALL",132.5,0.97221790992715,0.0141745357514539,3.66034090207038,0.443452034349429,126.892520498618,3.62607950138222,130.5186,"N"
"81",1991,"SNOW","EBS","ALL",137.5,0.982757160474642,0.00879736710477454,4.28908612701169,0.708804078108275,35.3754250241613,0.620674975838746,35.9961,"N"
"82",1991,"SNOW","EBS","ALL",142.5,0.967170100217724,0.0167499488685079,4.31841303132191,1.58684135193941,0.967170100217724,0.0328298997822756,1,"N"
"83",1992,"SNOW","EBS","ALL",12.5,0.000155788498971611,0.000240494137526965,-10.9453547503572,2.43947080962559,0.000311576997943222,1.99968842300206,2,"N"
"84",1992,"SNOW","EBS","ALL",17.5,3.25241624031439e-05,3.75597132786634e-05,-11.422832907729,1.65172615068435,0.00765988582696532,235.506040114173,235.5137,"N"
"85",1992,"SNOW","EBS","ALL",22.5,8.44644075613551e-05,8.48681374207605e-05,-10.1401722729046,1.36209396307036,0.228224358036558,2701.78987564196,2702.0181,"N"
"86",1992,"SNOW","EBS","ALL",27.5,0.000386870618855634,0.000318872577632021,-8.31715329269925,1.04158687850083,0.980853158569808,2534.37104684143,2535.3519,"N"
"87",1992,"SNOW","EBS","ALL",32.5,0.00190572270090444,0.000993238079897882,-6.41804563808207,0.587826404035026,12.5254539263841,6560.02254607362,6572.548,"N"
"88",1992,"SNOW","EBS","ALL",37.5,0.00901326480819203,0.00280412083099985,-4.75790361242564,0.3615352013228,78.5893499274775,8640.70955007252,8719.2989,"N"
"89",1992,"SNOW","EBS","ALL",42.5,0.038041755755115,0.00352789399440134,-3.23451669237336,0.0959403136302652,581.279716992113,14698.7646830079,15280.0444,"N"
"90",1992,"SNOW","EBS","ALL",47.5,0.0951130223082292,0.00722410910665092,-2.25559524515387,0.0843537989111293,1644.40193774421,15644.5233622558,17288.9253,"N"
"91",1992,"SNOW","EBS","ALL",52.5,0.157959370847812,0.0134933915277759,-1.67695386370858,0.100979564697773,1223.06242784224,6519.83007215776,7742.8925,"N"
"92",1992,"SNOW","EBS","ALL",57.5,0.243897439082831,0.014929944872852,-1.13309396917632,0.0809654432663818,1202.93229089025,3729.19120910975,4932.1235,"N"
"93",1992,"SNOW","EBS","ALL",62.5,0.301586844910859,0.0126455668437131,-0.840467994802904,0.0602063172631215,1351.1085826617,3128.8898173383,4479.9984,"N"
"94",1992,"SNOW","EBS","ALL",67.5,0.328890367719208,0.0186291382685603,-0.714405620090775,0.0842328189480303,1174.45691285545,2396.51088714455,3570.9678,"N"
"95",1992,"SNOW","EBS","ALL",72.5,0.396628370129988,0.0190546982035276,-0.420193820506559,0.0798153097901632,874.134500423967,1329.77869957603,2203.9132,"N"
"96",1992,"SNOW","EBS","ALL",77.5,0.436519164575555,0.0204618974277348,-0.255786148359853,0.083727292994254,1121.42039656151,1447.58570343849,2569.0061,"N"
"97",1992,"SNOW","EBS","ALL",82.5,0.447939091372413,0.0211607536923856,-0.20939897981954,0.0857779725265732,895.8079458953,1104.0352541047,1999.8432,"N"
"98",1992,"SNOW","EBS","ALL",87.5,0.454574249884702,0.0261850292334745,-0.182726040433774,0.105820071757964,674.099201308296,808.825098691704,1482.9243,"N"
"99",1992,"SNOW","EBS","ALL",92.5,0.502940899495263,0.0200684036218809,0.0117754334021046,0.0803378155713092,615.035512175238,607.842787824762,1222.8783,"N"
"100",1992,"SNOW","EBS","ALL",97.5,0.628308082552621,0.0247290527720721,0.526360899370529,0.105593173848736,631.395274316243,373.518225683757,1004.9135,"N"
"101",1992,"SNOW","EBS","ALL",102.5,0.784712253941772,0.0140613667335066,1.29530223188934,0.0833234026317252,854.962362936303,234.561037063697,1089.5234,"N"
"102",1992,"SNOW","EBS","ALL",107.5,0.901992040257158,0.00921529640094534,2.22398367763193,0.105755455941146,1016.31258602104,110.429713978958,1126.7423,"N"
"103",1992,"SNOW","EBS","ALL",112.5,0.948009830905133,0.0084333984189886,2.91644918721278,0.172262927781644,1242.57146392269,68.1443360773142,1310.7158,"N"
"104",1992,"SNOW","EBS","ALL",117.5,0.96185938784256,0.00724752417381226,3.24480872125954,0.192276238100652,1005.74489571445,39.8808042855512,1045.6257,"N"
"105",1992,"SNOW","EBS","ALL",122.5,0.970661433261709,0.00491371233207806,3.51131764203379,0.157261869100333,647.902335045265,19.5830649547349,667.4854,"N"
"106",1992,"SNOW","EBS","ALL",127.5,0.981128602077396,0.0035850832512799,3.96734632800286,0.180730015940345,224.259017398336,4.31348260166433,228.5725,"N"
"107",1992,"SNOW","EBS","ALL",132.5,0.985903813557275,0.00719193185853324,4.39616924190833,0.540077220175091,58.4951521140734,0.83634788592655,59.3315,"N"
"108",1992,"SNOW","EBS","ALL",137.5,0.980276613226969,0.0100629524352201,4.25217717308284,0.883152393488341,19.3734027625272,0.389797237472774,19.7632,"N"
"109",1992,"SNOW","EBS","ALL",142.5,0.98138681626238,0.0094965223151123,4.98183613938083,1.54490707062515,2.94416044878714,0.0558395512128604,3,"N"
"110",1993,"SNOW","EBS","ALL",12.5,4.73307323829117e-05,6.53875800025472e-05,-11.8046580717564,2.18746689561016,0.00154876569118011,32.7206512343088,32.7222,"N"
"111",1993,"SNOW","EBS","ALL",17.5,4.50516233954401e-05,6.8337825754612e-05,-11.4781386454267,1.81826879715829,0.00924902169532409,205.289050978305,205.2983,"N"
"112",1993,"SNOW","EBS","ALL",22.5,0.000645502072938633,0.000734600966628057,-8.23162988406805,1.39082795804986,0.721564035100869,1117.1122359649,1117.8338,"N"
"113",1993,"SNOW","EBS","ALL",27.5,0.000763306544383266,0.000716141544117285,-7.64482296759839,0.974567181928343,4.06385694217711,5319.95304305782,5324.0169,"N"
"114",1993,"SNOW","EBS","ALL",32.5,0.00214581090068853,0.00149759827981936,-6.40430728806771,0.738838308380522,32.684392099722,15199.0362079003,15231.7206,"N"
"115",1993,"SNOW","EBS","ALL",37.5,0.0108622924231438,0.00471992637795734,-4.59889314760622,0.418219881083753,203.188229150723,18502.6448708493,18705.8331,"N"
"116",1993,"SNOW","EBS","ALL",42.5,0.0488344536386733,0.00703365931761932,-2.97878800414005,0.143737530833551,1376.82349115913,26816.8674088409,28193.6909,"N"
"117",1993,"SNOW","EBS","ALL",47.5,0.132211742450511,0.0108432204916736,-1.88484923911471,0.0953509772854856,3250.41652587206,21334.5141741279,24584.9307,"N"
"118",1993,"SNOW","EBS","ALL",52.5,0.280689453419583,0.0208490709529415,-0.943340580122219,0.102920953397131,6699.85218141078,17169.4172185892,23869.2694,"N"
"119",1993,"SNOW","EBS","ALL",57.5,0.420277923705341,0.0207639873138629,-0.322213255824612,0.0853558010295975,7362.20033047421,10155.2563695258,17517.4567,"N"
"120",1993,"SNOW","EBS","ALL",62.5,0.493448835177278,0.0223736361921593,-0.026259397784351,0.0895961362436661,6017.70762951301,6177.49317048699,12195.2008,"N"
"121",1993,"SNOW","EBS","ALL",67.5,0.580383948923728,0.0241573606264501,0.325124036438178,0.0991963545120653,3337.6489722278,2413.1113277722,5750.7603,"N"
"122",1993,"SNOW","EBS","ALL",72.5,0.646187365165387,0.0267467082605051,0.604400428367199,0.118291420916017,2540.05552383746,1390.77887616254,3930.8344,"N"
"123",1993,"SNOW","EBS","ALL",77.5,0.657417486188546,0.0232185008720755,0.653629361482675,0.10556337239046,1823.75230137368,950.363598626323,2774.1159,"N"
"124",1993,"SNOW","EBS","ALL",82.5,0.639723663737243,0.021759718739195,0.575533937746969,0.0964897057723493,1249.09295140909,703.457848590915,1952.5508,"N"
"125",1993,"SNOW","EBS","ALL",87.5,0.638206932646115,0.019335461638882,0.568609147829497,0.0847594663656963,701.191830111734,397.498569888266,1098.6904,"N"
"126",1993,"SNOW","EBS","ALL",92.5,0.671806834242746,0.0146347481958702,0.717106654450831,0.0660999043220829,709.248846077647,346.484453922353,1055.7333,"N"
"127",1993,"SNOW","EBS","ALL",97.5,0.775192785064663,0.00982285578176867,1.23873229720036,0.0562603736742513,645.716907812744,187.258992187256,832.9759,"N"
"128",1993,"SNOW","EBS","ALL",102.5,0.874693117241144,0.00541833811598572,1.94403111070794,0.0499626559097033,742.495585743098,106.368514256902,848.8641,"N"
"129",1993,"SNOW","EBS","ALL",107.5,0.938044504637886,0.00291564607917518,2.71850154995167,0.0510270557594851,615.118275107122,40.6270248928784,655.7453,"N"
"130",1993,"SNOW","EBS","ALL",112.5,0.965125026844317,0.00389219759008348,3.32707499969576,0.121230295420468,605.211856496069,21.8694435039311,627.0813,"N"
"131",1993,"SNOW","EBS","ALL",117.5,0.975066385686313,0.00387708086769732,3.67837096530423,0.160409191429971,506.975821560464,12.9639784395357,519.9398,"N"
"132",1993,"SNOW","EBS","ALL",122.5,0.982505654165203,0.00239898637447813,4.0373608452438,0.137370097321262,280.751187178838,4.99901282116241,285.7502,"N"
"133",1993,"SNOW","EBS","ALL",127.5,0.985932044149757,0.00205924987726865,4.26103961738194,0.156117769754831,100.28447224351,1.43092775648985,101.7154,"N"
"134",1993,"SNOW","EBS","ALL",132.5,0.994340606380301,0.00229664741049912,5.23584577961442,0.352726882531679,41.9478494251232,0.238750574876804,42.1866,"N"
"135",1993,"SNOW","EBS","ALL",137.5,0.992405598195557,0.00387469479818506,5.13865657046643,0.727909960772881,9.92405598195557,0.075944018044428,10,"N"
"136",1993,"SNOW","EBS","ALL",142.5,0.998380759275968,0.000826143226546696,7.14344582443354,1.77396534192123,0.998380759275968,0.00161924072403152,1,"N"
"137",1994,"SNOW","EBS","ALL",17.5,0.000124199462609517,0.000164801658844072,-10.1267181529701,1.78308810462318,0.000372598387828551,2.99962740161217,3,"N"
"138",1994,"SNOW","EBS","ALL",22.5,0.000143632122268448,0.000151285380650875,-9.83842324581029,1.60274964305862,0.0947347350872014,659.470365264913,659.5651,"N"
"139",1994,"SNOW","EBS","ALL",27.5,0.000179820479810906,0.000159607060059115,-9.13879320948982,1.10218438614295,0.543047239620627,3019.39795276038,3019.941,"N"
"140",1994,"SNOW","EBS","ALL",32.5,0.00200376101595377,0.0013507167554406,-6.4622206910094,0.744516839562645,20.446426098185,10183.5778739018,10204.0243,"N"
"141",1994,"SNOW","EBS","ALL",37.5,0.00594073506578414,0.00229290774770023,-5.18500816158385,0.353110265954542,80.6343812249168,13492.4976187751,13573.132,"N"
"142",1994,"SNOW","EBS","ALL",42.5,0.0214301973242395,0.00488061677750528,-3.84482733013766,0.218291129643406,371.468211632321,16962.3997883677,17333.868,"N"
"143",1994,"SNOW","EBS","ALL",47.5,0.0564457336224475,0.0093055669028571,-2.82994109438361,0.17594971096653,864.438921355509,14450.0740786445,15314.513,"N"
"144",1994,"SNOW","EBS","ALL",52.5,0.112999012959699,0.00914849525988318,-2.06374771595749,0.0927997534425536,1820.13452792279,14287.3913720772,16107.5259,"N"
"145",1994,"SNOW","EBS","ALL",57.5,0.171784451276776,0.01115254424652,-1.57501503328837,0.0779776534760442,2792.98211779534,13465.6611822047,16258.6433,"N"
"146",1994,"SNOW","EBS","ALL",62.5,0.210228992260714,0.0145846724677759,-1.32574313708485,0.0874378293404012,2790.25074001033,10482.1847599897,13272.4355,"N"
"147",1994,"SNOW","EBS","ALL",67.5,0.245820609301216,0.0188719150673007,-1.12368171915387,0.102518690205922,2213.11294064005,6789.84635935995,9002.9593,"N"
"148",1994,"SNOW","EBS","ALL",72.5,0.279456122957469,0.0209080916914208,-0.949636467227884,0.105784758291292,1744.22955533528,4497.28534466472,6241.5149,"N"
"149",1994,"SNOW","EBS","ALL",77.5,0.319531346892921,0.0201925649357097,-0.757530523712437,0.0939551054852114,1253.09048998024,2668.56071001976,3921.6512,"N"
"150",1994,"SNOW","EBS","ALL",82.5,0.327324482724868,0.0125025815092019,-0.720877268416822,0.0571750522283696,732.083725538579,1504.48507446142,2236.5688,"N"
"151",1994,"SNOW","EBS","ALL",87.5,0.359763291779444,0.0131618087613024,-0.576830575842674,0.0567978123233413,315.807844505781,562.013355494219,877.8212,"N"
"152",1994,"SNOW","EBS","ALL",92.5,0.412166959018776,0.0243195003586307,-0.35590067801553,0.100565909833508,266.822504641886,380.542595358114,647.3651,"N"
"153",1994,"SNOW","EBS","ALL",97.5,0.563271906138097,0.0280232665870432,0.255352072672066,0.114757801558403,210.583933593739,163.274466406261,373.8584,"N"
"154",1994,"SNOW","EBS","ALL",102.5,0.765729645945887,0.0264685784443942,1.18963953987345,0.14233919002336,332.293203954987,101.663096045013,433.9563,"N"
"155",1994,"SNOW","EBS","ALL",107.5,0.879240848987358,0.020047456887643,1.99763123878268,0.179487508068464,240.478526883985,33.0284731160147,273.507,"N"
"156",1994,"SNOW","EBS","ALL",112.5,0.942597917680145,0.0188127721101394,2.84637296593216,0.323558154719229,266.835614305859,16.249685694141,283.0853,"N"
"157",1994,"SNOW","EBS","ALL",117.5,0.95067227518802,0.0243114501090627,3.06839149829765,0.48791335369898,227.692854747912,11.8143452520877,239.5072,"N"
"158",1994,"SNOW","EBS","ALL",122.5,0.953277207528117,0.0220868667406194,3.11369996554833,0.455233065576374,162.472563486821,7.9632365131794,170.4358,"N"
"159",1994,"SNOW","EBS","ALL",127.5,0.966256565466572,0.0121843479885341,3.41621789459783,0.360876130249845,73.4340495906113,2.56445040938873,75.9985,"N"
"160",1994,"SNOW","EBS","ALL",132.5,0.971410172367105,0.00694048594839621,3.55928685490636,0.277470363641671,8.74269155130395,0.257308448696051,9,"N"
"161",1994,"SNOW","EBS","ALL",137.5,0.996401156077622,0.00183614485835605,5.82686768175279,0.603389798373409,1.99280231215524,0.00719768784475572,2,"N"
"162",1994,"SNOW","EBS","ALL",142.5,0.965102791848946,0.017804698036252,3.76115031715948,1.09278669259249,1.46145515769686,0.0528448423031409,1.5143,"N"
"163",1995,"SNOW","EBS","ALL",22.5,0.000129412015607894,0.000156118041456592,-9.90784371850659,1.43818613834963,0.00948341603335898,73.2713165839666,73.2808,"N"
"164",1995,"SNOW","EBS","ALL",27.5,8.31511574290474e-05,7.53701466908237e-05,-9.91336015846811,1.05175543619895,0.0476565143235831,573.083443485676,573.1311,"N"
"165",1995,"SNOW","EBS","ALL",32.5,0.000952410395034803,0.000574173394460527,-7.15173756657937,0.639189467869493,2.13448188977399,2239.00221811023,2241.1367,"N"
"166",1995,"SNOW","EBS","ALL",37.5,0.00492254602362473,0.0017911902675745,-5.37725119000324,0.376829634193978,19.2218786630506,3885.64332133695,3904.8652,"N"
"167",1995,"SNOW","EBS","ALL",42.5,0.0150858146550519,0.00243585601739315,-4.19108565946713,0.15781868905115,95.860371357879,6258.47802864212,6354.3384,"N"
"168",1995,"SNOW","EBS","ALL",47.5,0.0479926476124344,0.00368829104191606,-2.99042670325004,0.080321866295667,616.575600923431,12230.7172990766,12847.2929,"N"
"169",1995,"SNOW","EBS","ALL",52.5,0.12545685571449,0.00812651896735749,-1.94382813416518,0.0752128671839831,2100.1222592818,14639.6744407182,16739.7967,"N"
"170",1995,"SNOW","EBS","ALL",57.5,0.212070071746426,0.00979212358361202,-1.31348795359616,0.0590393176403636,3727.21362447522,13848.1735755248,17575.3872,"N"
"171",1995,"SNOW","EBS","ALL",62.5,0.285034381946129,0.00571055639058257,-0.919791250000123,0.027973108338099,5064.38158773335,12703.2349122667,17767.6165,"N"
"172",1995,"SNOW","EBS","ALL",67.5,0.348553462989317,0.00764990378066696,-0.625568578860947,0.0334552997390648,5033.14407248434,9406.94792751566,14440.092,"N"
"173",1995,"SNOW","EBS","ALL",72.5,0.392849475251466,0.00864403212940863,-0.435486785786011,0.0361523204608423,4561.66258725097,7050.06881274903,11611.7314,"N"
"174",1995,"SNOW","EBS","ALL",77.5,0.419164128449534,0.00879601741073012,-0.326310921656971,0.0361509275936429,2786.70401873822,3861.53668126178,6648.2407,"N"
"175",1995,"SNOW","EBS","ALL",82.5,0.401159329993334,0.00793221993415058,-0.400741716347466,0.0329566580866721,1863.78680877209,2782.21459122791,4646.0014,"N"
"176",1995,"SNOW","EBS","ALL",87.5,0.381382880796109,0.00649729251332301,-0.48377330352129,0.0276017695256524,1057.24479411743,1714.89010588257,2772.1349,"N"
"177",1995,"SNOW","EBS","ALL",92.5,0.484031911249353,0.0119883271672924,-0.0639274672806654,0.0480050592105768,1010.25596454168,1076.91213545832,2087.1681,"N"
"178",1995,"SNOW","EBS","ALL",97.5,0.603667922364196,0.0167377022812869,0.421254020226562,0.0696777470243893,782.01629774898,513.42490225102,1295.4412,"N"
"179",1995,"SNOW","EBS","ALL",102.5,0.77885353120349,0.0193935699672638,1.26234010030469,0.110096778047642,647.493963879185,183.848436120815,831.3424,"N"
"180",1995,"SNOW","EBS","ALL",107.5,0.898178652560763,0.0120180770964174,2.18361866469386,0.126983607498224,355.49740414411,40.3006958558899,395.7981,"N"
"181",1995,"SNOW","EBS","ALL",112.5,0.965717737812821,0.00398552843554164,3.34441047633277,0.113436018245688,299.499973463366,10.6320265366342,310.132,"N"
"182",1995,"SNOW","EBS","ALL",117.5,0.977715987587353,0.00301320010990689,3.78987869904595,0.13225114501456,195.616037358546,4.45846264145422,200.0745,"N"
"183",1995,"SNOW","EBS","ALL",122.5,0.982897861386535,0.00305136121872953,4.06827569072199,0.191710830068255,132.755492807317,2.30990719268314,135.0654,"N"
"184",1995,"SNOW","EBS","ALL",127.5,0.989988876438544,0.00179672112481564,4.61117228867493,0.191166867817143,48.5556874260183,0.491012573981656,49.0467,"N"
"185",1995,"SNOW","EBS","ALL",132.5,0.991402508166687,0.00438647542515977,4.88980936417946,0.51970693270023,5.73199188146733,0.0497081185326671,5.7817,"N"
"186",1995,"SNOW","EBS","ALL",137.5,0.995770387080779,0.00180458862952265,5.59414228029119,0.578336087916455,1.99154077416156,0.00845922583844128,2,"N"
"187",1996,"SNOW","EBS","ALL",12.5,7.81803547430433e-05,9.87051430702803e-05,-11.3985669858127,2.33199220101204,0.000305435009910122,3.90649456499009,3.9068,"N"
"188",1996,"SNOW","EBS","ALL",17.5,0.000984872866914526,0.00107825883164611,-7.99029824434304,1.69668447483474,0.00787898293531621,7.99212101706468,8,"N"
"189",1996,"SNOW","EBS","ALL",22.5,0.00117719087405372,0.00133573458051265,-8.04011952237807,1.86051473359375,0.0186383453898051,15.8142616546102,15.8329,"N"
"190",1996,"SNOW","EBS","ALL",27.5,0.0029066189189187,0.00281543315781142,-6.46681496813915,1.17844082543153,0.172401741247284,59.1410982587527,59.3135,"N"
"191",1996,"SNOW","EBS","ALL",32.5,0.00354172922276168,0.00278511230521488,-6.00436258697295,0.88441567863807,0.587771923238482,165.368428076762,165.9562,"N"
"192",1996,"SNOW","EBS","ALL",37.5,0.00980562710557353,0.0100378701715679,-4.98416073121749,0.786492854158518,7.74983031587993,782.59536968412,790.3452,"N"
"193",1996,"SNOW","EBS","ALL",42.5,0.0471876681738561,0.0383935320930587,-3.22856180475581,0.640043819374836,86.1819858033806,1740.18471419662,1826.3667,"N"
"194",1996,"SNOW","EBS","ALL",47.5,0.108792538136611,0.0508727674459858,-2.18288212656063,0.434489371413083,296.006034175996,2424.824265824,2720.8303,"N"
"195",1996,"SNOW","EBS","ALL",52.5,0.175484140400721,0.0346459978957481,-1.56302315367965,0.219921628414824,868.164527791958,4079.08897220804,4947.2535,"N"
"196",1996,"SNOW","EBS","ALL",57.5,0.255108212020515,0.0167657993205014,-1.07333692791145,0.0862095728699958,1946.91727554236,5684.81382445764,7631.7311,"N"
"197",1996,"SNOW","EBS","ALL",62.5,0.31486691181738,0.00843450135771868,-0.77774065011678,0.0389739373279749,3002.20433451849,6532.63156548151,9534.8359,"N"
"198",1996,"SNOW","EBS","ALL",67.5,0.367866165271752,0.0141392150073656,-0.541862198494708,0.0607275435569996,3839.25252356841,6597.29447643159,10436.547,"N"
"199",1996,"SNOW","EBS","ALL",72.5,0.40754801963261,0.0148956492301293,-0.374474551759052,0.0619645094202795,3810.76182244716,5539.69907755284,9350.4609,"N"
"200",1996,"SNOW","EBS","ALL",77.5,0.430799026530136,0.0129385422098941,-0.278779664846836,0.0527400301894838,3670.08882859732,4849.17097140268,8519.2598,"N"
"201",1996,"SNOW","EBS","ALL",82.5,0.414518507762803,0.0123721219070379,-0.345531063344869,0.0508819608809552,3227.90797363648,4559.21832636353,7787.1263,"N"
"202",1996,"SNOW","EBS","ALL",87.5,0.403459240553051,0.0135616882712605,-0.391392111785857,0.0566727734000293,2599.15817999192,3843.02462000807,6442.1828,"N"
"203",1996,"SNOW","EBS","ALL",92.5,0.437452102008917,0.0136332933033735,-0.251719058550158,0.0556944195556657,2398.85495441083,3084.84244558917,5483.6974,"N"
"204",1996,"SNOW","EBS","ALL",97.5,0.520573024199262,0.0167645054989321,0.0824191725742951,0.0671930582827284,1793.33908585923,1651.59371414077,3444.9328,"N"
"205",1996,"SNOW","EBS","ALL",102.5,0.687169443944926,0.0159500818135622,0.787955544865543,0.0745454199014873,1564.96147828073,712.441121719272,2277.4026,"N"
"206",1996,"SNOW","EBS","ALL",107.5,0.839672661623578,0.0138033043838275,1.65941333626809,0.103865536659894,1053.3660792834,201.130020716601,1254.4961,"N"
"207",1996,"SNOW","EBS","ALL",112.5,0.902117815639288,0.0148381955561156,2.23183868731916,0.164019678208798,621.591019734361,67.4442802656389,689.0353,"N"
"208",1996,"SNOW","EBS","ALL",117.5,0.923214985916089,0.0167188396504691,2.50774921886727,0.218725416429738,233.392072013537,19.4115279864635,252.8036,"N"
"209",1996,"SNOW","EBS","ALL",122.5,0.966021120925083,0.00367154641786367,3.35311864017754,0.110244723554903,92.2777185446872,3.24578145531279,95.5235,"N"
"210",1996,"SNOW","EBS","ALL",127.5,0.971339018595629,0.00702864040813913,3.55890431213976,0.288494302504615,34.1730665488203,1.00833345117974,35.1814,"N"
"211",1996,"SNOW","EBS","ALL",132.5,0.9790139252282,0.00887404361296181,3.93590247502047,0.446488460960848,14.8808158606836,0.318984139316408,15.1998,"N"
"212",1997,"SNOW","EBS","ALL",12.5,0.000334701777538306,0.000520841537383216,-10.1738469412273,2.55535250444048,0.000334701777538306,0.999665298222462,1,"N"
"213",1997,"SNOW","EBS","ALL",17.5,0.000797733660654202,0.000864991177631984,-8.25585153729193,1.77450829893824,0.00319093464261681,3.99680906535738,4,"N"
"214",1997,"SNOW","EBS","ALL",22.5,0.000608287234128503,0.000540743431759696,-7.9795007428995,1.19165012102494,0.00304143617064252,4.99695856382936,5,"N"
"215",1997,"SNOW","EBS","ALL",27.5,0.006731589978978,0.00630408603554756,-5.54024490140785,1.13811512522029,0.174327312526595,25.7225726874734,25.8969,"N"
"216",1997,"SNOW","EBS","ALL",32.5,0.0132571525192499,0.00740635404239735,-4.53257096352778,0.743195660388974,0.874809003294509,65.1128909967055,65.9877,"N"
"217",1997,"SNOW","EBS","ALL",37.5,0.0125763955727934,0.0037493067620387,-4.41619364574285,0.34760683277894,2.93404541906245,230.363754580938,233.2978,"N"
"218",1997,"SNOW","EBS","ALL",42.5,0.0318630549670227,0.00844882100541692,-3.45888750599097,0.330032956883356,22.8792188244882,695.169281175512,718.0485,"N"
"219",1997,"SNOW","EBS","ALL",47.5,0.0240522644902405,0.00399005300335644,-3.71884679911291,0.188121200062057,33.9860180905612,1379.02098190944,1413.007,"N"
"220",1997,"SNOW","EBS","ALL",52.5,0.0572047875040477,0.0044966143619833,-2.80533963026402,0.0847904311075847,109.411032116949,1803.20916788305,1912.6202,"N"
"221",1997,"SNOW","EBS","ALL",57.5,0.12445751953874,0.00529399590028086,-1.95178079862284,0.0493569738785339,267.961208893812,1885.07229110619,2153.0335,"N"
"222",1997,"SNOW","EBS","ALL",62.5,0.195467532537739,0.0100902512912563,-1.41612924730623,0.0646728083387906,544.982949281456,2243.11665071854,2788.0996,"N"
"223",1997,"SNOW","EBS","ALL",67.5,0.242545374597753,0.0132945183066702,-1.14011856073701,0.0725386736005382,692.108829212842,2161.41427078716,2853.5231,"N"
"224",1997,"SNOW","EBS","ALL",72.5,0.290537000825195,0.0145884719407904,-0.893814242428115,0.0706981766146828,1011.46984920132,2469.91065079868,3481.3805,"N"
"225",1997,"SNOW","EBS","ALL",77.5,0.319740684620626,0.0118774979569455,-0.755502138230883,0.0547671759151905,1111.91821456101,2365.64428543899,3477.5625,"N"
"226",1997,"SNOW","EBS","ALL",82.5,0.316937819649778,0.00918883371087069,-0.768208886155732,0.0425066565135836,1065.78747048215,2296.97772951785,3362.7652,"N"
"227",1997,"SNOW","EBS","ALL",87.5,0.323635984814505,0.00908777474740512,-0.737417198616297,0.0416581814601208,977.197334354406,2042.23616564559,3019.4335,"N"
"228",1997,"SNOW","EBS","ALL",92.5,0.341572017575297,0.00904712977553777,-0.656552278019093,0.0402837880917151,991.417084819722,1911.09551518028,2902.5126,"N"
"229",1997,"SNOW","EBS","ALL",97.5,0.431213495061051,0.0105305956484696,-0.277029540786113,0.0429805772515097,1050.98957961098,1386.29402038902,2437.2836,"N"
"230",1997,"SNOW","EBS","ALL",102.5,0.570448839381833,0.0162815223800894,0.283991695830324,0.0664831839199339,1154.08879477042,869.035305229584,2023.1241,"N"
"231",1997,"SNOW","EBS","ALL",107.5,0.737640614411312,0.0178058635137315,1.03575226185516,0.0923194276544251,1251.45687179808,445.11032820192,1696.5672,"N"
"232",1997,"SNOW","EBS","ALL",112.5,0.817402594365076,0.018631858197145,1.50390069265091,0.126875823674571,1109.9012848106,247.937915189401,1357.8392,"N"
"233",1997,"SNOW","EBS","ALL",117.5,0.875536467904012,0.0173464004230841,1.96015154973741,0.158004526695926,838.16717059552,119.15122940448,957.3184,"N"
"234",1997,"SNOW","EBS","ALL",122.5,0.924480685835708,0.0197423909103542,2.53741421671514,0.276016740598928,498.487843888443,40.7206561115567,539.2085,"N"
"235",1997,"SNOW","EBS","ALL",127.5,0.968355968320815,0.0144648403789326,3.522501510854,0.464107115137061,240.210090994871,7.84960900512914,248.0597,"N"
"236",1997,"SNOW","EBS","ALL",132.5,0.979309112046883,0.00822210379506429,3.92614122519371,0.370056712638022,63.6191516386353,1.34414836136472,64.9633,"N"
"237",1997,"SNOW","EBS","ALL",137.5,0.996408824970672,0.00183223215782054,5.90498827923188,0.6991838541161,9.7233558775938,0.0350441224061964,9.7584,"N"
"238",1997,"SNOW","EBS","ALL",142.5,0.998261675920437,0.000886900040593188,6.54468073555051,0.650652314504691,0.998261675920437,0.00173832407956265,1,"N"
"239",1998,"SNOW","EBS","ALL",12.5,1.29448906059417e-05,1.62346832954746e-05,-11.9723208683749,1.25820443124246,0.000194173359089126,14.9998058266409,15,"N"
"240",1998,"SNOW","EBS","ALL",17.5,0.000337716639755208,0.000337925881511826,-8.95694357164689,1.84724733385598,0.0291147203716164,86.1813852796284,86.2105,"N"
"241",1998,"SNOW","EBS","ALL",22.5,0.000736582858125035,0.000616784763809043,-7.89662572369559,1.49823938175977,0.163751944938351,222.149248055062,222.313,"N"
"242",1998,"SNOW","EBS","ALL",27.5,0.00525210157680669,0.00372339790794773,-5.72388600665503,1.17068510815485,1.43698234435652,272.164417655643,273.6014,"N"
"243",1998,"SNOW","EBS","ALL",32.5,0.00910777981087052,0.00486264586912941,-4.90531121705529,0.744328104961291,2.30357792244058,250.620622077559,252.9242,"N"
"244",1998,"SNOW","EBS","ALL",37.5,0.0359298534822418,0.0073763230966241,-3.31178541335917,0.222624075553735,19.572557733389,525.171042266611,544.7436,"N"
"245",1998,"SNOW","EBS","ALL",42.5,0.0494511180333519,0.00855279853919994,-2.97094509934719,0.182696958348104,90.064861378746,1731.22583862125,1821.2907,"N"
"246",1998,"SNOW","EBS","ALL",47.5,0.0458801898578588,0.00951427767538915,-3.05307476528322,0.195264822514206,168.585798736734,3505.89330126327,3674.4791,"N"
"247",1998,"SNOW","EBS","ALL",52.5,0.0898236284272159,0.0119371886866493,-2.32382446897661,0.138760176824008,212.083844575023,2149.03035542498,2361.1142,"N"
"248",1998,"SNOW","EBS","ALL",57.5,0.151856834489703,0.011552226941078,-1.72283058801405,0.0885544525296092,318.695317585556,1779.96108241444,2098.6564,"N"
"249",1998,"SNOW","EBS","ALL",62.5,0.232790043186838,0.0125115879862867,-1.19392473683662,0.0700745351550093,495.847820252898,1634.1737797471,2130.0216,"N"
"250",1998,"SNOW","EBS","ALL",67.5,0.320614482647403,0.00986308201813891,-0.751305762596087,0.0449986452657275,530.831652239032,1124.83794776097,1655.6696,"N"
"251",1998,"SNOW","EBS","ALL",72.5,0.3748996047885,0.00874008499282114,-0.511422091741505,0.0371475273461851,489.886824601323,816.827875398676,1306.7147,"N"
"252",1998,"SNOW","EBS","ALL",77.5,0.400429731470811,0.00811779554914538,-0.403786456413102,0.0337726401796501,468.01025725114,700.75974274886,1168.77,"N"
"253",1998,"SNOW","EBS","ALL",82.5,0.413582677064518,0.00814954155168616,-0.34926951667915,0.0335616696518025,521.672716506669,739.677783493332,1261.3505,"N"
"254",1998,"SNOW","EBS","ALL",87.5,0.420788447790864,0.0124941871376063,-0.319741990931064,0.0512393378672261,625.556393508574,861.072806491426,1486.6292,"N"
"255",1998,"SNOW","EBS","ALL",92.5,0.456305689266822,0.0078500685840482,-0.17526820915552,0.0316558075355063,820.904840696987,978.119059303013,1799.0239,"N"
"256",1998,"SNOW","EBS","ALL",97.5,0.589194041257201,0.0102997709246457,0.360796489709507,0.0426029522497354,1075.13377112441,749.619528875586,1824.7533,"N"
"257",1998,"SNOW","EBS","ALL",102.5,0.760741922760559,0.00711648229846645,1.15714665313437,0.0390951235520205,1270.30192531565,399.517874684349,1669.8198,"N"
"258",1998,"SNOW","EBS","ALL",107.5,0.888667411059048,0.00700570879902118,2.07909210091507,0.069814948735619,1193.15881318298,149.479386817019,1342.6382,"N"
"259",1998,"SNOW","EBS","ALL",112.5,0.93496535519995,0.00815508041754116,2.67337018257428,0.134427999055353,1051.96448883975,73.1729111602519,1125.1374,"N"
"260",1998,"SNOW","EBS","ALL",117.5,0.951602974798324,0.00708816960192303,2.98985910347963,0.159398889896408,557.284300161921,28.3425998380793,585.6269,"N"
"261",1998,"SNOW","EBS","ALL",122.5,0.969397127107231,0.00313573292281651,3.46092097467735,0.107697122000428,281.536385122416,8.88781487758416,290.4242,"N"
"262",1998,"SNOW","EBS","ALL",127.5,0.98108366141652,0.00375857070583199,3.96888864673329,0.208187124155242,94.7425624244303,1.82673757556965,96.5693,"N"
"263",1998,"SNOW","EBS","ALL",132.5,0.986119569609743,0.00699558625167153,4.37081929291596,0.457530346183708,31.9524435184088,0.449756481591191,32.4022,"N"
"264",1998,"SNOW","EBS","ALL",137.5,0.98827317745547,0.00478243834191418,4.52006034900327,0.427533748899297,2.96481953236641,0.0351804676335901,3,"N"
"265",1998,"SNOW","EBS","ALL",152.5,0.996465914112779,0.00180310504450059,6.42975406584188,1.66842236049133,0.996465914112779,0.00353408588722115,1,"N"
"266",1999,"SNOW","EBS","ALL",12.5,0.000186985890928904,0.000236685951879053,-10.9086627734092,2.66740036505576,0.000560957672786711,2.99943904232721,3,"N"
"267",1999,"SNOW","EBS","ALL",17.5,9.32428329199344e-05,0.00015150541516587,-10.9051624067237,1.98907243674702,0.00480130657412972,51.4876986934259,51.4925,"N"
"268",1999,"SNOW","EBS","ALL",22.5,0.00209528599105801,0.00226246478265573,-7.20051041426911,1.68345427262563,0.182354416030571,86.8484455839694,87.0308,"N"
"269",1999,"SNOW","EBS","ALL",27.5,0.00242996526266775,0.00219782239529936,-6.69767019238399,1.33211810814355,1.44638968127688,593.784210318723,595.2306,"N"
"270",1999,"SNOW","EBS","ALL",32.5,0.00189810257537736,0.00128335627836652,-6.56558170808806,0.831605955805989,2.44803053383882,1287.27706946616,1289.7251,"N"
"271",1999,"SNOW","EBS","ALL",37.5,0.0107137130104245,0.0037952557986883,-4.5954018160489,0.391528575203402,9.90398022343835,914.516919776562,924.4209,"N"
"272",1999,"SNOW","EBS","ALL",42.5,0.0162870184432522,0.00354725392782112,-4.12507556178611,0.225903863772251,12.8702169625014,777.342983037499,790.2132,"N"
"273",1999,"SNOW","EBS","ALL",47.5,0.0435120796769209,0.00654636822385781,-3.10173238431812,0.160402092805862,54.4364791218787,1196.62942087812,1251.0659,"N"
"274",1999,"SNOW","EBS","ALL",52.5,0.0919114963275773,0.0152038814851656,-2.30277019615951,0.171410242443342,128.966932244667,1274.19738775533,1403.16432,"N"
"275",1999,"SNOW","EBS","ALL",57.5,0.157338543982847,0.0244424810772024,-1.68838945061246,0.171859472238224,254.83556291435,1364.82835708565,1619.66392,"N"
"276",1999,"SNOW","EBS","ALL",62.5,0.217232845859966,0.0254509993078493,-1.28748673309955,0.141992924877997,336.672182811188,1213.14953718881,1549.82172,"N"
"277",1999,"SNOW","EBS","ALL",67.5,0.275217307190236,0.0212365779386135,-0.970660354753032,0.1037140109652,257.99379528031,679.42470471969,937.4185,"N"
"278",1999,"SNOW","EBS","ALL",72.5,0.31712306527072,0.027640555793539,-0.769964859699582,0.127645246041639,155.254471831336,334.317208168664,489.57168,"N"
"279",1999,"SNOW","EBS","ALL",77.5,0.404979621513146,0.0253939653247705,-0.385712264006592,0.10465123252542,132.426513826502,194.568986173498,326.9955,"N"
"280",1999,"SNOW","EBS","ALL",82.5,0.407432941182739,0.0197250834594095,-0.375180932871131,0.0815459750849186,109.861799100326,159.782080899674,269.64388,"N"
"281",1999,"SNOW","EBS","ALL",87.5,0.421262202735083,0.0156514256930871,-0.317895779857315,0.063968869525726,97.8498323987269,134.427907601273,232.27774,"N"
"282",1999,"SNOW","EBS","ALL",92.5,0.503283359336876,0.00918971642037782,0.0131338869133548,0.0367673287337332,145.481543872711,143.583336127289,289.06488,"N"
"283",1999,"SNOW","EBS","ALL",97.5,0.650403172329228,0.00987971973959247,0.621086826809298,0.043237980021289,216.08963778114,116.14988221886,332.23952,"N"
"284",1999,"SNOW","EBS","ALL",102.5,0.783277061121151,0.0031903833035438,1.28496730577552,0.0189174929315296,228.980866216974,63.356133783026,292.337,"N"
"285",1999,"SNOW","EBS","ALL",107.5,0.908417822560603,0.00867004948251459,2.29902848899688,0.106734732164426,246.067586844321,24.807313155679,270.8749,"N"
"286",1999,"SNOW","EBS","ALL",112.5,0.932554642398086,0.0107479718132735,2.63952834873611,0.174588719154708,288.270824780775,20.8486752192249,309.1195,"N"
"287",1999,"SNOW","EBS","ALL",117.5,0.946927186523508,0.0153156518672504,2.92037684824371,0.292407579958008,237.313494001558,13.3008059984416,250.6143,"N"
"288",1999,"SNOW","EBS","ALL",122.5,0.957031719112794,0.0147890570732907,3.1650620860848,0.376082509726429,143.027337686516,6.42156231348389,149.4489,"N"
"289",1999,"SNOW","EBS","ALL",127.5,0.963707289386291,0.0165825931613895,3.39661060399588,0.524946477675065,63.4647508010763,2.39004919892368,65.8548,"N"
"290",1999,"SNOW","EBS","ALL",132.5,0.974649123194232,0.0102992632404368,3.74168025647088,0.460117446731832,20.396872060735,0.530527939265028,20.9274,"N"
"291",1999,"SNOW","EBS","ALL",137.5,0.975866207558578,0.010158605245692,3.82129181845882,0.551465363079521,2.92759862267574,0.0724013773242649,3,"N"
"292",2000,"SNOW","EBS","ALL",7.5,6.45137164162291e-06,8.38717276476327e-06,-12.7308927017117,1.35030513071648,1.07615330353912e-05,1.66808923846696,1.6681,"N"
"293",2000,"SNOW","EBS","ALL",12.5,2.79467080902665e-07,4.14861767179097e-07,-13.8009533196297,0.0292296299651184,2.04287641469039e-06,7.30989795712359,7.3099,"N"
"294",2000,"SNOW","EBS","ALL",17.5,0.00104151632582489,0.00123700734933296,-8.19961372062386,1.80784858352873,0.0135397122357236,12.9864602877643,13,"N"
"295",2000,"SNOW","EBS","ALL",22.5,0.00171320440377767,0.0018567899719679,-7.33689767503738,1.51090007166199,0.19928524718107,116.123814752819,116.3231,"N"
"296",2000,"SNOW","EBS","ALL",27.5,0.00481734427669863,0.00469228449057081,-5.99577353822568,1.22934680490045,2.4876057695263,513.897694230474,516.3853,"N"
"297",2000,"SNOW","EBS","ALL",32.5,0.00678925779153596,0.00515479283947586,-5.3290229735395,0.863048995491005,9.57968347940399,1401.4263165206,1411.006,"N"
"298",2000,"SNOW","EBS","ALL",37.5,0.0159146273524659,0.00825876603571108,-4.27237040370879,0.569548990899068,39.466264225218,2440.40733577478,2479.8736,"N"
"299",2000,"SNOW","EBS","ALL",42.5,0.0245010666297648,0.00519359193594292,-3.70721977706908,0.222434205346256,103.037231524226,4102.38096847577,4205.4182,"N"
"300",2000,"SNOW","EBS","ALL",47.5,0.0486208045223342,0.00482663145205464,-2.97842680314739,0.0995958268551044,178.872040449145,3500.04775955086,3678.9198,"N"
"301",2000,"SNOW","EBS","ALL",52.5,0.101831633938749,0.00800985846492675,-2.18009479354609,0.0881546263696691,470.241764774851,4147.59403522515,4617.8358,"N"
"302",2000,"SNOW","EBS","ALL",57.5,0.178651113475826,0.00957182934042935,-1.5268550695235,0.0648565644075844,835.652445717109,3841.91395428289,4677.5664,"N"
"303",2000,"SNOW","EBS","ALL",62.5,0.253766531837306,0.00832245767771807,-1.07909163925092,0.043795280124317,771.146599753412,2267.65680024659,3038.8034,"N"
"304",2000,"SNOW","EBS","ALL",67.5,0.310019790366338,0.0104800490462033,-0.800470510072356,0.0487187026554083,442.924778464722,985.773621535277,1428.6984,"N"
"305",2000,"SNOW","EBS","ALL",72.5,0.353618535667736,0.0108087716297251,-0.60348959225323,0.0471125192151024,320.527408165899,585.893991834101,906.4214,"N"
"306",2000,"SNOW","EBS","ALL",77.5,0.391779152022567,0.00799671931957201,-0.439957196154051,0.0334469906801541,276.129903314941,428.680196685059,704.8101,"N"
"307",2000,"SNOW","EBS","ALL",82.5,0.399014701030914,0.00768065380451052,-0.409672751002248,0.0319584513414706,200.525316820727,302.025883179273,502.5512,"N"
"308",2000,"SNOW","EBS","ALL",87.5,0.442575980593614,0.0101594636681675,-0.23080895416018,0.0411632545815576,134.149869341701,168.961630658299,303.1115,"N"
"309",2000,"SNOW","EBS","ALL",92.5,0.528290697924617,0.011538481467929,0.113348162989224,0.0463472017761548,108.799725878272,97.1469741217283,205.9467,"N"
"310",2000,"SNOW","EBS","ALL",97.5,0.698722041324586,0.0112236148167483,0.841780014008656,0.0533218173758311,97.9678872863243,42.2422127136757,140.2101,"N"
"311",2000,"SNOW","EBS","ALL",102.5,0.852639500998148,0.00959196423565023,1.75740985711276,0.0744607505945417,117.649585738327,20.3332142616727,137.9828,"N"
"312",2000,"SNOW","EBS","ALL",107.5,0.953892623641586,0.00332027981510342,3.03200969226262,0.072650617237827,102.627018035301,4.96058196469855,107.5876,"N"
"313",2000,"SNOW","EBS","ALL",112.5,0.97279221560425,0.00352934394465741,3.58540466174495,0.138105246188355,121.968104317132,3.41129568286844,125.3794,"N"
"314",2000,"SNOW","EBS","ALL",117.5,0.977989667565664,0.00450125119998758,3.81390086670001,0.203439601889376,95.6606901474008,2.15290985259921,97.8136,"N"
"315",2000,"SNOW","EBS","ALL",122.5,0.983608912762806,0.0052828902223072,4.14228000513875,0.31054076793217,79.3112391019121,1.32166089808796,80.6329,"N"
"316",2000,"SNOW","EBS","ALL",127.5,0.990737918643968,0.00232754970400316,4.70774253491662,0.277865522999023,20.0891927763437,0.187807223656272,20.277,"N"
"317",2000,"SNOW","EBS","ALL",132.5,0.991504662781198,0.00379537829019852,4.85820178968318,0.446056362874188,8.20668409383997,0.0703159061600278,8.277,"N"
"318",2000,"SNOW","EBS","ALL",137.5,0.989026903060529,0.00559851884666894,5.18847948180525,1.33834542565597,0.989026903060529,0.0109730969394711,1,"N"
"319",2001,"SNOW","EBS","ALL",12.5,2.73555239730469e-06,3.30899584543903e-06,-13.0601885993715,0.934142939450282,0.000289592142104428,105.862110407858,105.8624,"N"
"320",2001,"SNOW","EBS","ALL",17.5,0.000378325559503201,0.000446592990642582,-8.99900526418629,1.61382755600969,0.00526417316515134,13.9091358268348,13.9144,"N"
"321",2001,"SNOW","EBS","ALL",22.5,0.000372984283276404,0.00041678871899911,-8.78501519955119,1.48435605591786,0.0696933068799025,186.78350669312,186.8532,"N"
"322",2001,"SNOW","EBS","ALL",27.5,0.00119057037414661,0.00118875760864382,-7.36686394315517,1.19247308050764,0.212585269581683,178.344914730418,178.5575,"N"
"323",2001,"SNOW","EBS","ALL",32.5,0.00588423263090795,0.00451945192955513,-5.45580532185062,0.848653805620598,1.95979545897104,331.099004541029,333.0588,"N"
"324",2001,"SNOW","EBS","ALL",37.5,0.00968469901007602,0.00437583270289258,-4.72684377242235,0.452255782515656,29.9757530331607,3065.19044696684,3095.1662,"N"
"325",2001,"SNOW","EBS","ALL",42.5,0.0173620042986944,0.00434404616647647,-4.06553056823706,0.245508431488409,95.9479759701567,5430.37112402984,5526.3191,"N"
"326",2001,"SNOW","EBS","ALL",47.5,0.0392622113017212,0.00243965468792616,-3.19930456825049,0.0635530386342566,83.2859747626065,2037.98972523739,2121.2757,"N"
"327",2001,"SNOW","EBS","ALL",52.5,0.0907916766899007,0.00420451064928347,-2.30502985209395,0.0499668066241125,355.993074800981,3564.99492519902,3920.988,"N"
"328",2001,"SNOW","EBS","ALL",57.5,0.156265175285441,0.00747455232019998,-1.68734248734789,0.0555609603201685,1061.5195867095,5731.5460132905,6793.0656,"N"
"329",2001,"SNOW","EBS","ALL",62.5,0.220941015751312,0.0124016548608637,-1.26156639877846,0.0705665454645387,1678.00945465854,5916.82054534146,7594.83,"N"
"330",2001,"SNOW","EBS","ALL",67.5,0.266087935710532,0.0171487120440154,-1.01627194296798,0.0863009923773572,2067.14396193125,5701.50573806875,7768.6497,"N"
"331",2001,"SNOW","EBS","ALL",72.5,0.309671985210485,0.0180509813229479,-0.803009386070851,0.0846759303749999,1943.73118676123,4333.01091323877,6276.7421,"N"
"332",2001,"SNOW","EBS","ALL",77.5,0.333814691143873,0.0167775119728824,-0.691920843607774,0.075493386704747,1423.71551842645,2841.27208157355,4264.9876,"N"
"333",2001,"SNOW","EBS","ALL",82.5,0.328532899592515,0.0131250920182404,-0.715440407828233,0.0597838775173526,806.858173583811,1649.08512641619,2455.9433,"N"
"334",2001,"SNOW","EBS","ALL",87.5,0.341346854488292,0.0100293164296601,-0.657621821457866,0.0449733597764137,450.469094816705,869.212305183295,1319.6814,"N"
"335",2001,"SNOW","EBS","ALL",92.5,0.404389220271352,0.0125565718280897,-0.387474648064898,0.0523009825216718,308.330321815641,454.128978184359,762.4593,"N"
"336",2001,"SNOW","EBS","ALL",97.5,0.541985143745015,0.0197349169167297,0.168588602642484,0.0795077440264502,288.282494141632,243.618605858368,531.9011,"N"
"337",2001,"SNOW","EBS","ALL",102.5,0.778012502942214,0.0188334303072994,1.25736640358744,0.108553034337601,369.813305433525,105.517494566475,475.3308,"N"
"338",2001,"SNOW","EBS","ALL",107.5,0.896818255601162,0.0113171110517274,2.1681248372178,0.120630806256455,204.629263426156,23.5432365738438,228.1725,"N"
"339",2001,"SNOW","EBS","ALL",112.5,0.953191710959528,0.00532826947442885,3.02013351927391,0.119014443066568,139.728086952044,6.8616130479561,146.5897,"N"
"340",2001,"SNOW","EBS","ALL",117.5,0.969059012151306,0.00711907600610219,3.46974041132742,0.232227978184202,92.8701580531252,2.96524194687477,95.8354,"N"
"341",2001,"SNOW","EBS","ALL",122.5,0.975605104818207,0.00697305531790663,3.73254886255361,0.311268740365651,45.0507120462113,1.12648795378871,46.1772,"N"
"342",2001,"SNOW","EBS","ALL",127.5,0.982087747341774,0.00436244006359264,4.03669032559298,0.26730230163815,11.9873630440537,0.218636955946307,12.206,"N"
"343",2001,"SNOW","EBS","ALL",132.5,0.999272998895683,0.000206265081794881,7.26799976478951,0.295435864811223,0.999272998895683,0.000727001104316671,1,"N"
"344",2001,"SNOW","EBS","ALL",142.5,0.999046382703821,0.000486539436825986,7.26384498602691,0.883684879365756,2.8064211936533,0.00267880634669604,2.8091,"N"
"345",2002,"SNOW","EBS","ALL",12.5,1.37048763675348e-07,1.78501052164038e-07,-13.8155095579638,0,2.84677691906433e-07,2.07719971532231,2.0772,"N"
"346",2002,"SNOW","EBS","ALL",17.5,6.0689010266004e-05,7.43386413397283e-05,-10.700439954689,1.56669195244468,0.00258425943514698,42.5794157405649,42.582,"N"
"347",2002,"SNOW","EBS","ALL",22.5,0.000266665124494059,0.000322398611758642,-9.17218561945357,1.52059168373864,0.0312626992021606,117.204537300798,117.2358,"N"
"348",2002,"SNOW","EBS","ALL",27.5,0.0024920712855657,0.00276091620278332,-6.49737257311414,0.974144291760563,0.282115428296723,112.923084571703,113.2052,"N"
"349",2002,"SNOW","EBS","ALL",32.5,0.00131864780026028,0.000998632616894343,-6.84334853414417,0.609682906522028,0.469573382697847,355.632626617302,356.1022,"N"
"350",2002,"SNOW","EBS","ALL",37.5,0.029791601872109,0.0137100576128863,-3.58277193966279,0.456352826546923,15.6912039352778,511.007696064722,526.6989,"N"
"351",2002,"SNOW","EBS","ALL",42.5,0.0513658069932598,0.011542328413904,-2.94233802673887,0.245734461835028,62.7840149614055,1159.50798503859,1222.292,"N"
"352",2002,"SNOW","EBS","ALL",47.5,0.0511954526467592,0.0068850131368539,-2.92967495424698,0.154713153118961,60.2507968004674,1116.62710319953,1176.8779,"N"
"353",2002,"SNOW","EBS","ALL",52.5,0.0667628636780712,0.00926145306421641,-2.6471719305925,0.150428404095606,121.965824302007,1704.88547569799,1826.8513,"N"
"354",2002,"SNOW","EBS","ALL",57.5,0.12082750225406,0.0210943118581837,-1.99911811356317,0.195643265763899,195.967648942064,1425.91185105794,1621.8795,"N"
"355",2002,"SNOW","EBS","ALL",62.5,0.189103296848301,0.0338193164083894,-1.47050037299639,0.217973580452978,341.539767002992,1464.56183299701,1806.1016,"N"
"356",2002,"SNOW","EBS","ALL",67.5,0.240346770466666,0.0287695259359277,-1.15709798097141,0.156880125600578,350.446862029585,1107.64163797042,1458.0885,"N"
"357",2002,"SNOW","EBS","ALL",72.5,0.296788104393697,0.0298274750854498,-0.866569053112361,0.140983564369535,471.54192630086,1117.27487369914,1588.8168,"N"
"358",2002,"SNOW","EBS","ALL",77.5,0.333819875200439,0.0247486555173193,-0.693014991024979,0.111652642783642,394.186726444111,786.649873555889,1180.8366,"N"
"359",2002,"SNOW","EBS","ALL",82.5,0.35028157343218,0.0185513336700825,-0.618766364508544,0.0811911567423369,375.202951452688,695.943748547312,1071.1467,"N"
"360",2002,"SNOW","EBS","ALL",87.5,0.356650854134292,0.0112092454148144,-0.590271673823626,0.048920443759635,417.070968337926,752.338731662074,1169.4097,"N"
"361",2002,"SNOW","EBS","ALL",92.5,0.424098686742817,0.0143721177818916,-0.306240270796203,0.0590183297978297,431.801124681571,586.360775318429,1018.1619,"N"
"362",2002,"SNOW","EBS","ALL",97.5,0.573828891121653,0.0153576287343403,0.297793640271706,0.0630362401654172,428.515331878461,318.249668121539,746.765,"N"
"363",2002,"SNOW","EBS","ALL",102.5,0.749232294729241,0.0118841573920466,1.09549898885521,0.062924614336758,422.652726401809,141.461673598191,564.1144,"N"
"364",2002,"SNOW","EBS","ALL",107.5,0.889071843675465,0.0102909101203956,2.085522351608,0.104748870577809,325.42918962014,40.6033103798604,366.0325,"N"
"365",2002,"SNOW","EBS","ALL",112.5,0.940722013189308,0.00946287847032918,2.77721434977327,0.171777991313808,200.640295355659,12.6430046443409,213.2833,"N"
"366",2002,"SNOW","EBS","ALL",117.5,0.96171011452464,0.0118013626493265,3.26160201878838,0.274781559420898,81.8053704457407,3.25702955425926,85.0624,"N"
"367",2002,"SNOW","EBS","ALL",122.5,0.979780514428847,0.00521185966508286,3.91293008079039,0.259216791483959,64.4505501074382,1.33004989256179,65.7806,"N"
"368",2002,"SNOW","EBS","ALL",127.5,0.987151341077007,0.00288181820306204,4.36484400913675,0.216195989582287,30.0229247421138,0.390775257886222,30.4137,"N"
"369",2002,"SNOW","EBS","ALL",132.5,0.989209600672795,0.00487846640695206,4.65399576729336,0.565678052383145,1.97841920134559,0.0215807986544099,2,"N"
"370",2002,"SNOW","EBS","ALL",142.5,0.99729218453177,0.00138153850419907,6.39683911185069,1.14047024704816,0.99729218453177,0.00270781546823018,1,"N"
"371",2003,"SNOW","EBS","ALL",7.5,4.62249236004427e-07,6.83310666675334e-07,-13.7018592388808,0.228215332558443,5.68201383389002e-06,12.2920943179862,12.2921,"N"
"372",2003,"SNOW","EBS","ALL",12.5,5.11134875382397e-05,6.07543810388681e-05,-11.4866731601117,2.08069702973717,0.00130018911655646,25.4359998108834,25.4373,"N"
"373",2003,"SNOW","EBS","ALL",17.5,0.00011350570318113,0.000129802954775834,-10.3465810706973,1.87151430610126,0.108999050040886,960.186800949959,960.2958,"N"
"374",2003,"SNOW","EBS","ALL",22.5,5.13970331651364e-05,5.52654865023607e-05,-10.8525144765684,1.58614528239748,0.0288030104592154,560.373396989541,560.4022,"N"
"375",2003,"SNOW","EBS","ALL",27.5,0.000230503262167787,0.000188257381009292,-8.85573186358626,1.08181259418648,0.182714565194397,792.493985434806,792.6767,"N"
"376",2003,"SNOW","EBS","ALL",32.5,0.00142121965234389,0.000939576631323229,-6.80724499521481,0.740083545150758,3.8974521522365,2738.43174784776,2742.3292,"N"
"377",2003,"SNOW","EBS","ALL",37.5,0.00408991376697091,0.00195686127791806,-5.61678055835945,0.504414472524054,17.5203006124677,4266.26209938753,4283.7824,"N"
"378",2003,"SNOW","EBS","ALL",42.5,0.0137076235695681,0.00287687764532419,-4.30160661654447,0.239433704497788,60.0456569894421,4320.41144301056,4380.4571,"N"
"379",2003,"SNOW","EBS","ALL",47.5,0.0381640534025816,0.00859682750234008,-3.25091526875832,0.226651614357362,298.622234311532,7526.07686568847,7824.6991,"N"
"380",2003,"SNOW","EBS","ALL",52.5,0.072699930584294,0.0127330097125495,-2.56160535425176,0.193576412214096,337.043472072491,4299.04722792751,4636.0907,"N"
"381",2003,"SNOW","EBS","ALL",57.5,0.113077541452535,0.0138656573967743,-2.06695997910129,0.137502628670638,406.302464827906,3186.82893517209,3593.1314,"N"
"382",2003,"SNOW","EBS","ALL",62.5,0.178554803638404,0.0172579150446248,-1.53071339296322,0.119600944193981,441.791883368895,2032.47301663111,2474.2649,"N"
"383",2003,"SNOW","EBS","ALL",67.5,0.20967693829921,0.017127644116077,-1.33015342462825,0.106818177146435,452.723541974863,1706.42445802514,2159.148,"N"
"384",2003,"SNOW","EBS","ALL",72.5,0.260318208441807,0.0187453545719302,-1.04670308254335,0.0997705995425913,407.389041265058,1157.57655873494,1564.9656,"N"
"385",2003,"SNOW","EBS","ALL",77.5,0.265041839204613,0.0171638114661995,-1.02175010448449,0.0884202130465315,339.680589593231,941.930610406769,1281.6112,"N"
"386",2003,"SNOW","EBS","ALL",82.5,0.249317931068012,0.0119070183097673,-1.10325685367441,0.0635458356946431,241.414029085501,726.883870914499,968.2979,"N"
"387",2003,"SNOW","EBS","ALL",87.5,0.253339268563837,0.00980390236027019,-1.08154016538499,0.0518857936532316,210.323730129455,619.882069870545,830.2058,"N"
"388",2003,"SNOW","EBS","ALL",92.5,0.304329200074402,0.0102641496196084,-0.827221574445549,0.0484462716627965,257.673251233995,589.019248766005,846.6925,"N"
"389",2003,"SNOW","EBS","ALL",97.5,0.41766664670132,0.018834798227418,-0.33286021481212,0.0776177336280643,316.610948531996,441.436051468004,758.047,"N"
"390",2003,"SNOW","EBS","ALL",102.5,0.644552996413417,0.0255943944565215,0.596939745515969,0.111450919447884,318.703934313488,175.753365686512,494.4573,"N"
"391",2003,"SNOW","EBS","ALL",107.5,0.809996118620916,0.024472657396814,1.45689128875495,0.149465041564673,363.901853237271,85.3618467627285,449.2637,"N"
"392",2003,"SNOW","EBS","ALL",112.5,0.880856852466861,0.0179668332484452,2.01071906365426,0.162103867914539,338.72240381979,45.8149961802096,384.5374,"N"
"393",2003,"SNOW","EBS","ALL",117.5,0.912143972385948,0.00889749954372623,2.34475332330617,0.105275493106901,227.295879477293,21.8927205227069,249.1886,"N"
"394",2003,"SNOW","EBS","ALL",122.5,0.933355204715754,0.00887672213338382,2.64824299841252,0.14377430474161,121.378830945904,8.66686905409647,130.0457,"N"
"395",2003,"SNOW","EBS","ALL",127.5,0.969943132471585,0.00926202043794025,3.51961045045976,0.308762022126688,35.5531685264327,1.10173147356729,36.6549,"N"
"396",2003,"SNOW","EBS","ALL",132.5,0.97180883191037,0.0124401092745141,3.63885975645018,0.462503387707928,4.85904415955185,0.140955840448148,5,"N"
"397",2003,"SNOW","EBS","ALL",137.5,0.997338266892284,0.00135802709577341,6.16773130767571,0.814943753355636,0.997338266892284,0.00266173310771589,1,"N"
"398",2004,"SNOW","EBS","ALL",12.5,2.50231046601422e-06,3.0044876235866e-06,-13.1003695840216,0.886591512810603,5.7553140718327e-05,22.9999424468593,23,"N"
"399",2004,"SNOW","EBS","ALL",17.5,8.94792948309424e-05,9.69351237456634e-05,-10.1837090096877,1.40545709010978,0.00754843752022037,84.3520515624798,84.3596,"N"
"400",2004,"SNOW","EBS","ALL",22.5,9.61079597539683e-05,8.44414084904877e-05,-9.80383252675851,1.1420121185717,0.0680514802192596,708.005248519781,708.0733,"N"
"401",2004,"SNOW","EBS","ALL",27.5,0.00135968280730997,0.00101481135447329,-6.87077826191456,0.737413523892488,1.21968075559453,895.813619244405,897.0333,"N"
"402",2004,"SNOW","EBS","ALL",32.5,0.00446525832280358,0.00268774379753758,-5.57964897746966,0.590338331110682,34.9412237338392,7790.18807626616,7825.1293,"N"
"403",2004,"SNOW","EBS","ALL",37.5,0.0134367826405176,0.00721357121554917,-4.44486615338862,0.564870662102278,219.04456289293,16082.8164371071,16301.861,"N"
"404",2004,"SNOW","EBS","ALL",42.5,0.0265954442999866,0.00903846889645998,-3.65105318783098,0.320712099975953,182.54083457862,6681.07206542138,6863.6129,"N"
"405",2004,"SNOW","EBS","ALL",47.5,0.0516724459792186,0.0150938912157427,-2.96246098494191,0.362170506845442,269.009766271413,4937.04853372859,5206.0583,"N"
"406",2004,"SNOW","EBS","ALL",52.5,0.106626983051317,0.021668918591051,-2.14699572654077,0.23630932253449,501.555297650561,4202.27560234944,4703.8309,"N"
"407",2004,"SNOW","EBS","ALL",57.5,0.175171423380436,0.0277882210434312,-1.56136749226938,0.192799426611848,745.251545823946,3509.16125417605,4254.4128,"N"
"408",2004,"SNOW","EBS","ALL",62.5,0.248474729631642,0.0256218278168964,-1.11133752744795,0.13570428344637,1391.48887439663,4208.63342560337,5600.1223,"N"
"409",2004,"SNOW","EBS","ALL",67.5,0.30420936746796,0.0244504542853603,-0.829873000818129,0.114899180273584,949.76689461247,2172.31610538753,3122.083,"N"
"410",2004,"SNOW","EBS","ALL",72.5,0.350997719447248,0.0334619106365752,-0.617749102300889,0.146272565574658,357.204447220005,660.478652779994,1017.6831,"N"
"411",2004,"SNOW","EBS","ALL",77.5,0.398487792810255,0.0379264494024555,-0.414124917841485,0.157732363303177,323.705660870077,488.629539129923,812.3352,"N"
"412",2004,"SNOW","EBS","ALL",82.5,0.39744570275351,0.0504757881826588,-0.419853650844408,0.208279064832066,223.491588083213,338.828211916787,562.3198,"N"
"413",2004,"SNOW","EBS","ALL",87.5,0.404293333905647,0.0434464480472603,-0.390264494660598,0.178901292289445,118.936670571032,175.247429428968,294.1841,"N"
"414",2004,"SNOW","EBS","ALL",92.5,0.461607755253716,0.0502207840394038,-0.155121927716691,0.202953444035427,168.563919162734,196.603080837266,365.167,"N"
"415",2004,"SNOW","EBS","ALL",97.5,0.598055433043291,0.0344137646614338,0.399769306621724,0.146799416816658,201.442592873169,135.386707126831,336.8293,"N"
"416",2004,"SNOW","EBS","ALL",102.5,0.763115262743335,0.0124853438354697,1.17115020996966,0.0708330646231939,231.099765757982,71.7375342420178,302.8373,"N"
"417",2004,"SNOW","EBS","ALL",107.5,0.879404695499149,0.00597824816349159,1.98801279726745,0.0567361333339368,274.865324577701,37.6930754222988,312.5584,"N"
"418",2004,"SNOW","EBS","ALL",112.5,0.930003378476936,0.00423295179104138,2.58854675715096,0.0650877058616413,311.361225099889,23.4345749001113,334.7958,"N"
"419",2004,"SNOW","EBS","ALL",117.5,0.943899613179791,0.00558036165462035,2.82753198323576,0.101819354238733,301.020252708664,17.8910472913357,318.9113,"N"
"420",2004,"SNOW","EBS","ALL",122.5,0.963809092328314,0.00486219066835591,3.29167147846906,0.146654209546404,226.050435181954,8.48816481804641,234.5386,"N"
"421",2004,"SNOW","EBS","ALL",127.5,0.973627618566425,0.00708828562663158,3.64211877341905,0.263355236163295,80.8878141973563,2.19098580264367,83.0788,"N"
"422",2004,"SNOW","EBS","ALL",132.5,0.98132016590714,0.00397503112834638,3.98277260840289,0.209291742393919,22.2761640301253,0.424035969874737,22.7002,"N"
"423",2004,"SNOW","EBS","ALL",137.5,0.990296094123372,0.00495097238603478,4.84486123041061,0.618252238447462,9.08923464069254,0.0890653593074564,9.1783,"N"
"424",2004,"SNOW","EBS","ALL",142.5,0.973140884541867,0.0137036303357823,4.1835519133986,1.05275039349429,2.15219838025279,0.0594016197472076,2.2116,"N"
"425",2005,"SNOW","EBS","ALL",12.5,4.03242740796801e-06,5.00938389234083e-06,-12.9247028646749,1.11268749508693,1.1545646154494e-05,2.86318845435385,2.8632,"N"
"426",2005,"SNOW","EBS","ALL",17.5,3.79402493858327e-05,4.2871522130859e-05,-11.3715420731863,1.7246174743988,0.000620448280281338,16.3526795517197,16.3533,"N"
"427",2005,"SNOW","EBS","ALL",22.5,9.73798497782082e-05,9.68386243636648e-05,-9.92412891352176,1.22937840431022,0.00596043558320955,61.2021395644168,61.2081,"N"
"428",2005,"SNOW","EBS","ALL",27.5,0.000768412500776313,0.000423913680896287,-7.39821961552865,0.744745162924315,0.260173868670349,338.32602613133,338.5862,"N"
"429",2005,"SNOW","EBS","ALL",32.5,0.00257583635403313,0.00136889008409281,-6.13118768720074,0.621357765807832,3.85886276022975,1494.24203723977,1498.1009,"N"
"430",2005,"SNOW","EBS","ALL",37.5,0.0125438631084407,0.00216292751623136,-4.38119719595302,0.179690101164511,27.2313231501429,2143.65677684986,2170.8881,"N"
"431",2005,"SNOW","EBS","ALL",42.5,0.0366322535652996,0.00348681402686052,-3.2740663701483,0.0999381112380447,332.818592287989,8752.57910771201,9085.3977,"N"
"432",2005,"SNOW","EBS","ALL",47.5,0.119111726045263,0.0147297027005637,-2.00824390666481,0.139495587422781,1089.52237879655,8057.53992120345,9147.0623,"N"
"433",2005,"SNOW","EBS","ALL",52.5,0.201249400377607,0.0338691194778473,-1.39126977356112,0.207484247973342,1775.32371867471,7046.18688132529,8821.5106,"N"
"434",2005,"SNOW","EBS","ALL",57.5,0.226780450645604,0.0210623220931184,-1.23050645813408,0.120385225728272,1853.90487532952,6320.98352467048,8174.8884,"N"
"435",2005,"SNOW","EBS","ALL",62.5,0.292657041054476,0.0195440827495695,-0.884353114594102,0.0945832792984055,3232.82886317646,7813.64673682354,11046.4756,"N"
"436",2005,"SNOW","EBS","ALL",67.5,0.365180177128955,0.0169022700256976,-0.55364490325727,0.0726534754432896,3019.70260185477,5249.37329814523,8269.0759,"N"
"437",2005,"SNOW","EBS","ALL",72.5,0.446149446257741,0.0191763954019199,-0.216562821613467,0.0776544345846439,1591.27815153631,1975.41494846369,3566.6931,"N"
"438",2005,"SNOW","EBS","ALL",77.5,0.509360747512116,0.0256506362866514,0.0374856047336132,0.102751634575285,1293.83166619403,1246.27703380597,2540.1087,"N"
"439",2005,"SNOW","EBS","ALL",82.5,0.515992389074417,0.0301885280684708,0.0642127112735787,0.1210935519883,1547.30436474714,1451.39173525286,2998.6961,"N"
"440",2005,"SNOW","EBS","ALL",87.5,0.512723324134101,0.0383324479254463,0.0512779499502802,0.153874146320803,1223.54832809888,1162.82317190112,2386.3715,"N"
"441",2005,"SNOW","EBS","ALL",92.5,0.547215171274006,0.0401024445179188,0.190811984648303,0.162877148187148,661.907859552907,547.685540447093,1209.5934,"N"
"442",2005,"SNOW","EBS","ALL",97.5,0.684001450283077,0.0321295359952008,0.776450073520865,0.150881901672443,351.094798023632,162.200601976368,513.2954,"N"
"443",2005,"SNOW","EBS","ALL",102.5,0.844543899519478,0.0161915104586447,1.6978032547627,0.125716972253988,274.092499869549,50.4525001304511,324.545,"N"
"444",2005,"SNOW","EBS","ALL",107.5,0.929343826117401,0.0065457785605797,2.58117301473664,0.104313248920296,197.367350515266,15.0054494847344,212.3728,"N"
"445",2005,"SNOW","EBS","ALL",112.5,0.965928913347432,0.00460048829518106,3.3538401499453,0.141637794694328,251.836599916377,8.88300008362293,260.7196,"N"
"446",2005,"SNOW","EBS","ALL",117.5,0.973956157284449,0.00346248208119202,3.63123456036467,0.146509772977683,252.124329402828,6.74187059717244,258.8662,"N"
"447",2005,"SNOW","EBS","ALL",122.5,0.983441278678882,0.00175310499607847,4.08985661507614,0.109867136334504,192.469784370883,3.24071562911672,195.7105,"N"
"448",2005,"SNOW","EBS","ALL",127.5,0.991287214742767,0.00193957952203377,4.75512694806433,0.198967077755706,140.586831012856,1.23566898714398,141.8225,"N"
"449",2005,"SNOW","EBS","ALL",132.5,0.994451925771227,0.00154321742908046,5.22672115055396,0.277056307772048,50.3715756153196,0.281024384680371,50.6526,"N"
"450",2005,"SNOW","EBS","ALL",137.5,0.99245627816157,0.00350505916391375,4.98866928342103,0.476804140318903,6.43895708708445,0.0489429129155488,6.4879,"N"
"451",2005,"SNOW","EBS","ALL",142.5,0.996466722220068,0.00180269274486302,5.85013287346778,0.664286789702449,2.85029341223828,0.0101065877617161,2.8604,"N"
"452",2006,"SNOW","EBS","ALL",17.5,4.44810612045623e-05,5.1653155063571e-05,-11.394061414684,1.8504402779157,0.00375541145052982,84.4234445885495,84.4272,"N"
"453",2006,"SNOW","EBS","ALL",22.5,0.000155916283471962,0.000172169193873395,-9.75402443607839,1.56545149242338,0.0400181905308178,256.624581809469,256.6646,"N"
"454",2006,"SNOW","EBS","ALL",27.5,0.00061871052305499,0.000506299134609814,-7.77152341904068,0.901574045145436,0.2778401892278,448.785459810772,449.0633,"N"
"455",2006,"SNOW","EBS","ALL",32.5,0.00188554949976102,0.000724890163097988,-6.36397419455301,0.457424514321535,1.79648858601901,950.970111413981,952.7666,"N"
"456",2006,"SNOW","EBS","ALL",37.5,0.00491696143514872,0.000925094676856867,-5.32806206123293,0.192084467129105,15.8376060453394,3205.17729395466,3221.0149,"N"
"457",2006,"SNOW","EBS","ALL",42.5,0.0242083606153908,0.00710712106676255,-3.73233178933082,0.264154659740728,140.533796464648,5664.64230353535,5805.1761,"N"
"458",2006,"SNOW","EBS","ALL",47.5,0.0776971616019542,0.0107890398457116,-2.48268418059968,0.141077766820898,232.577867719093,2760.81163228091,2993.3895,"N"
"459",2006,"SNOW","EBS","ALL",52.5,0.166893658008815,0.0161317668422518,-1.61217654961503,0.11495282367587,402.122341523483,2007.33015847652,2409.4525,"N"
"460",2006,"SNOW","EBS","ALL",57.5,0.200350067300749,0.0204637711917055,-1.38898431392021,0.128140435895821,749.368034414548,2990.92536558545,3740.2934,"N"
"461",2006,"SNOW","EBS","ALL",62.5,0.283153248499788,0.0311103161273284,-0.933954498342713,0.153714956812095,1292.06366706059,3271.06133293941,4563.125,"N"
"462",2006,"SNOW","EBS","ALL",67.5,0.344813991403011,0.0354729798870185,-0.645754913441391,0.157694882011247,1309.54812774022,2488.29117225978,3797.8393,"N"
"463",2006,"SNOW","EBS","ALL",72.5,0.362390548431177,0.0190824839884404,-0.565942309333502,0.082756379286799,1017.50253346535,1790.24876653465,2807.7513,"N"
"464",2006,"SNOW","EBS","ALL",77.5,0.413089006247952,0.00588452598571501,-0.351260287855085,0.0242500093450167,859.697252420981,1221.44564757902,2081.1429,"N"
"465",2006,"SNOW","EBS","ALL",82.5,0.432661318837316,0.00899378260290697,-0.271092342732431,0.0366751814636904,1026.81278267255,1346.43561732745,2373.2484,"N"
"466",2006,"SNOW","EBS","ALL",87.5,0.503490851985087,0.0147534208148287,0.0139681596916119,0.05903741355339,625.464028332734,616.790971667265,1242.255,"N"
"467",2006,"SNOW","EBS","ALL",92.5,0.587179265005769,0.0155735440845213,0.352668996592444,0.0642106232487394,367.854774146431,258.623025853569,626.4778,"N"
"468",2006,"SNOW","EBS","ALL",97.5,0.680618656274012,0.0180069864381968,0.757891109467696,0.0837568437102565,232.993530189523,109.332569810477,342.3261,"N"
"469",2006,"SNOW","EBS","ALL",102.5,0.81086376531248,0.0207687970242245,1.4614764163641,0.137979684558439,203.05139566783,47.3623043321703,250.4137,"N"
"470",2006,"SNOW","EBS","ALL",107.5,0.918304375865912,0.0157738057981897,2.43749112369797,0.207430742555008,190.958640048189,16.9883599518113,207.947,"N"
"471",2006,"SNOW","EBS","ALL",112.5,0.961317784410981,0.0142317044578475,3.26905601141797,0.336681282985947,98.6635049581228,3.97009504187719,102.6336,"N"
"472",2006,"SNOW","EBS","ALL",117.5,0.967450572240112,0.00998659519642682,3.44546494274611,0.35309482248068,67.0408418341797,2.25555816582029,69.2964,"N"
"473",2006,"SNOW","EBS","ALL",122.5,0.988366641249455,0.00547943948254708,4.53122218314797,0.406385266544732,42.2644354764451,0.497464523554939,42.7619,"N"
"474",2006,"SNOW","EBS","ALL",127.5,0.985353813289122,0.00747254424024367,4.39488902343967,0.596487174593392,16.7510148259151,0.248985174084918,17,"N"
"475",2006,"SNOW","EBS","ALL",132.5,0.978276121002934,0.0110836117331967,3.9770438175583,0.621950859066775,5.86965672601761,0.130343273982394,6,"N"
"476",2006,"SNOW","EBS","ALL",137.5,0.994457262091107,0.00282792750453738,5.77428092396915,1.34937091689687,1.98891452418221,0.0110854758177865,2,"N"
"477",2007,"SNOW","EBS","ALL",7.5,2.46894973147843e-07,3.09822949612298e-07,-13.8155095579638,0,7.4068491944353e-07,2.99999925931508,3,"N"
"478",2007,"SNOW","EBS","ALL",12.5,3.24006445265498e-05,4.71769993415266e-05,-11.6733788931377,1.75109505501857,3.24006445265498e-05,0.999967599355473,1,"N"
"479",2007,"SNOW","EBS","ALL",17.5,2.00577886103588e-05,2.37945439243377e-05,-11.899334356636,1.61696395997377,8.02311544414353e-05,3.99991976884556,4,"N"
"480",2007,"SNOW","EBS","ALL",22.5,3.91159078987503e-05,3.82185956554065e-05,-10.9011887747071,1.39650837403524,0.00250571029772288,64.0560942897023,64.0586,"N"
"481",2007,"SNOW","EBS","ALL",27.5,0.000460871506797965,0.000437147645403967,-8.22337980779391,1.08368532899004,0.0303472826310297,65.817252717369,65.8476,"N"
"482",2007,"SNOW","EBS","ALL",32.5,0.00191839418467874,0.00140386174097835,-6.49582663941741,0.678040801977616,0.684272597251316,356.006027402749,356.6903,"N"
"483",2007,"SNOW","EBS","ALL",37.5,0.00649326006911672,0.00274995888367374,-5.11216334391283,0.40251604257837,10.5207838447592,1609.74141615524,1620.2622,"N"
"484",2007,"SNOW","EBS","ALL",42.5,0.0190093838717608,0.0023499582436457,-3.95147969953982,0.129310088144652,48.6994314910455,2513.16326850895,2561.8627,"N"
"485",2007,"SNOW","EBS","ALL",47.5,0.06483140207393,0.00737733448206001,-2.67549183995858,0.123800747879553,307.814064175526,4440.10213582447,4747.9162,"N"
"486",2007,"SNOW","EBS","ALL",52.5,0.136961692493787,0.0199295445518952,-1.8513219877459,0.17184697666592,993.463182374362,6260.12111762564,7253.5843,"N"
"487",2007,"SNOW","EBS","ALL",57.5,0.238746184267002,0.0284945698952548,-1.16618935333423,0.159633423216687,1452.2540755189,4630.5827244811,6082.8368,"N"
"488",2007,"SNOW","EBS","ALL",62.5,0.323564407266028,0.0221684632193891,-0.739283661853278,0.102087012854034,1544.76818216067,3229.45341783933,4774.2216,"N"
"489",2007,"SNOW","EBS","ALL",67.5,0.391754208248481,0.0115449127666336,-0.440191902994773,0.0483562313934709,1078.87592862846,1675.08537137154,2753.9613,"N"
"490",2007,"SNOW","EBS","ALL",72.5,0.399745110671132,0.00760785650346275,-0.406626821659833,0.0316946829976254,1007.76366002565,1513.25193997435,2521.0156,"N"
"491",2007,"SNOW","EBS","ALL",77.5,0.420924234507861,0.00826963879452103,-0.319070579364522,0.0339259414528468,920.205156873874,1265.94874312613,2186.1539,"N"
"492",2007,"SNOW","EBS","ALL",82.5,0.406253790771671,0.011021098006275,-0.379663399530489,0.0456008119127759,916.650415804627,1339.69878419537,2256.3492,"N"
"493",2007,"SNOW","EBS","ALL",87.5,0.393675632950876,0.0142948199537624,-0.432263061470681,0.0598633611080676,733.084733337131,1129.06946666287,1862.1542,"N"
"494",2007,"SNOW","EBS","ALL",92.5,0.442077143000345,0.0131200489884803,-0.232910696928861,0.0533707531485014,764.834172695467,965.257927304533,1730.0921,"N"
"495",2007,"SNOW","EBS","ALL",97.5,0.572538986439045,0.014598777687208,0.292462932677596,0.0595324021101748,750.55801820745,560.37108179255,1310.9291,"N"
"496",2007,"SNOW","EBS","ALL",102.5,0.766306831924743,0.0077851534400456,1.18807455903997,0.0435402796987183,957.686292527391,292.056307472609,1249.7426,"N"
"497",2007,"SNOW","EBS","ALL",107.5,0.885660465494521,0.00618133194731629,2.04860467437986,0.0615376414738156,1041.33362547682,134.437074523181,1175.7707,"N"
"498",2007,"SNOW","EBS","ALL",112.5,0.946117695241007,0.00556262455803511,2.87077492314939,0.108232037792686,785.327074393727,44.725125606273,830.0522,"N"
"499",2007,"SNOW","EBS","ALL",117.5,0.961165341773811,0.0052442890767453,3.21821034014142,0.144315193150464,364.009174157882,14.7073258421184,378.7165,"N"
"500",2007,"SNOW","EBS","ALL",122.5,0.968531790443596,0.00159844225077188,3.4281152270311,0.0534339200924986,137.554468446424,4.46923155357587,142.0237,"N"
"501",2007,"SNOW","EBS","ALL",127.5,0.983354176437377,0.00534522255136313,4.12788163680586,0.317117100623201,25.1438746144155,0.425625385584496,25.5695,"N"
"502",2007,"SNOW","EBS","ALL",132.5,0.993462576919907,0.00333541993882317,5.16042724010431,0.491156437364441,10.9880934857649,0.0723065142350645,11.0604,"N"
"503",2008,"SNOW","EBS","ALL",12.5,4.03016570528212e-05,6.33090368048684e-05,-12.0141829395925,2.13741781296701,0.0040307581396408,100.01066924186,100.0147,"Y"
"504",2008,"SNOW","EBS","ALL",17.5,2.60668499118463e-05,3.55966213767476e-05,-11.7793538887018,1.67547750329494,0.00509287075528178,195.372207129245,195.3773,"Y"
"505",2008,"SNOW","EBS","ALL",22.5,0.000156087597607562,0.00013853906533511,-9.40703521337761,1.38282960259577,0.46672142779631,2989.6582785722,2990.125,"Y"
"506",2008,"SNOW","EBS","ALL",27.5,0.00148681877566379,0.00110864298400325,-7.2269027367067,1.54822016057452,1.27031625437302,853.115083745627,854.3854,"Y"
"507",2008,"SNOW","EBS","ALL",32.5,0.00290435647186126,0.00188503378861844,-6.32247613324516,1.2596234967219,4.22733528144809,1451.28796471855,1455.5153,"Y"
"508",2008,"SNOW","EBS","ALL",37.5,0.00823818984582818,0.00332210822084439,-4.95498023596093,0.688354771140046,6.99325272034429,841.888947279656,848.8822,"Y"
"509",2008,"SNOW","EBS","ALL",42.5,0.024452367424687,0.0137288761755189,-3.91879503568456,0.786711643373865,26.5737350058525,1060.18136499415,1086.7551,"Y"
"510",2008,"SNOW","EBS","ALL",47.5,0.0723371420358909,0.0353893576888096,-2.72451558513317,0.696766585424223,85.9186574645555,1101.83434253544,1187.753,"Y"
"511",2008,"SNOW","EBS","ALL",52.5,0.147790474060144,0.0604907313945603,-1.87545833637679,0.630152260953314,340.630085726164,1964.18751427384,2304.8176,"Y"
"512",2008,"SNOW","EBS","ALL",57.5,0.237293250993928,0.088390421545056,-1.26776291805048,0.626655147274508,743.898561864772,2391.03493813523,3134.9335,"Y"
"513",2008,"SNOW","EBS","ALL",62.5,0.314301489227024,0.116401235655631,-0.858455861014957,0.63017163880472,1147.33982838911,2503.10367161089,3650.4435,"Y"
"514",2008,"SNOW","EBS","ALL",67.5,0.349577625462813,0.143620570666948,-0.696908467551887,0.695733560816383,1434.08477285733,2668.25092714267,4102.3357,"Y"
"515",2008,"SNOW","EBS","ALL",72.5,0.383849938933534,0.172299536230904,-0.55330091796911,0.804947523441956,1438.64416025693,2309.28963974307,3747.9338,"Y"
"516",2008,"SNOW","EBS","ALL",77.5,0.425852185452042,0.188481507846939,-0.359764592098005,0.855280939822521,969.293572145963,1306.83322785404,2276.1268,"Y"
"517",2008,"SNOW","EBS","ALL",82.5,0.445679192591477,0.18413899856528,-0.256062546389564,0.827375967822107,718.295405438099,893.391694561901,1611.6871,"Y"
"518",2008,"SNOW","EBS","ALL",87.5,0.471285736185763,0.15319113149474,-0.124865377815306,0.663220809379939,602.969427490651,676.444272509349,1279.4137,"Y"
"519",2008,"SNOW","EBS","ALL",92.5,0.524785524473086,0.133167403247108,0.111695988957378,0.572098202041757,636.147584215345,576.057315784655,1212.2049,"Y"
"520",2008,"SNOW","EBS","ALL",97.5,0.623115656079727,0.125601969644952,0.54122288161013,0.568949219399116,593.896765981099,359.211634018901,953.1084,"Y"
"521",2008,"SNOW","EBS","ALL",102.5,0.773157472431086,0.0974184160606765,1.3070964020191,0.555611536583879,702.093631141549,205.992568858451,908.0862,"Y"
"522",2008,"SNOW","EBS","ALL",107.5,0.880066460921912,0.0611905811622896,2.13480412720877,0.610138042956811,602.120702994295,82.0556970057054,684.1764,"Y"
"523",2008,"SNOW","EBS","ALL",112.5,0.927211861413233,0.0371368054014115,2.67734216372327,0.542746496482137,602.389704026343,47.2888959736565,649.6786,"Y"
"524",2008,"SNOW","EBS","ALL",117.5,0.951085702815997,0.0249562740734708,3.09610690310745,0.518144234799409,355.109056357525,18.2632436424747,373.3723,"Y"
"525",2008,"SNOW","EBS","ALL",122.5,0.965004985587908,0.0175240096863591,3.43889515086157,0.513917507937276,187.478563086558,6.79873691344227,194.2773,"Y"
"526",2008,"SNOW","EBS","ALL",127.5,0.972910891069694,0.00923733705098818,3.66136349526004,0.44724437494572,77.6848915390438,2.16300846095618,79.8479,"Y"
"527",2008,"SNOW","EBS","ALL",132.5,0.983320609657227,0.00850989303202692,4.21117269423001,0.500654534922163,22.87233237681,0.387967623189997,23.2603,"Y"
"528",2008,"SNOW","EBS","ALL",137.5,0.977480740648527,0.0110820941047927,3.87021559332156,0.438332885345228,18.6630397812023,0.429960218797671,19.093,"Y"
"529",2008,"SNOW","EBS","ALL",142.5,0.996000946726192,0.00204033330296333,6.29085808409644,1.33681076969361,0.996000946726192,0.00399905327380812,1,"Y"
"530",2009,"SNOW","EBS","ALL",12.5,9.37155836406656e-05,0.000107288919306875,-10.5192581147293,1.83797213448266,0.00140573375460998,14.9985942662454,15,"N"
"531",2009,"SNOW","EBS","ALL",17.5,0.000137633369723422,0.000151639533988277,-9.72147901115274,1.39510702504813,0.036372797280255,264.23672720272,264.2731,"N"
"532",2009,"SNOW","EBS","ALL",22.5,0.000358612215576063,0.000335850609458917,-8.42976906860534,1.09107928257712,0.293041047794627,816.859958952205,817.153,"N"
"533",2009,"SNOW","EBS","ALL",27.5,0.000715036918006649,0.000507068323271786,-7.5552464750816,0.869308821768629,1.10080155188568,1538.40229844811,1539.5031,"N"
"534",2009,"SNOW","EBS","ALL",32.5,0.00181920588385708,0.000697970105598148,-6.39882666804352,0.458708442318397,4.82672159906431,2648.37577840094,2653.2025,"N"
"535",2009,"SNOW","EBS","ALL",37.5,0.009219252398405,0.00237250241456058,-4.71955931768247,0.314194291902461,43.3713893296195,4661.06531067038,4704.4367,"N"
"536",2009,"SNOW","EBS","ALL",42.5,0.0321646512578005,0.00500355998201235,-3.41666026296485,0.165376040460089,115.864995984202,3486.3813040158,3602.2463,"N"
"537",2009,"SNOW","EBS","ALL",47.5,0.0735502024546598,0.00666870716478132,-2.53736687410894,0.0965689229375663,322.494984301327,4062.19701569867,4384.692,"N"
"538",2009,"SNOW","EBS","ALL",52.5,0.159679425607993,0.015544301651954,-1.66511988567279,0.115479662913117,518.21600712752,2727.13639287248,3245.3524,"N"
"539",2009,"SNOW","EBS","ALL",57.5,0.246974922339204,0.0185017227074455,-1.11725047046126,0.0987511743628603,653.734469259436,1993.23253074056,2646.967,"N"
"540",2009,"SNOW","EBS","ALL",62.5,0.306519933982273,0.017534158930264,-0.817682282544287,0.0812989478789056,741.346047130186,1677.24395286981,2418.59,"N"
"541",2009,"SNOW","EBS","ALL",67.5,0.339931937681812,0.0187313558773514,-0.664693654838464,0.0833323244262154,572.584177266327,1111.82412273367,1684.4083,"N"
"542",2009,"SNOW","EBS","ALL",72.5,0.363059321878441,0.0184480552240347,-0.56300999789952,0.0804202553975767,663.245083266006,1163.57781673399,1826.8229,"N"
"543",2009,"SNOW","EBS","ALL",77.5,0.377790507088239,0.0211505582204294,-0.499985400356592,0.0910283829662873,635.447259711286,1046.56234028871,1682.0096,"N"
"544",2009,"SNOW","EBS","ALL",82.5,0.360149748038543,0.0260175196930576,-0.576611783461888,0.114648839657382,495.987464521215,881.182635478785,1377.1701,"N"
"545",2009,"SNOW","EBS","ALL",87.5,0.336432417069831,0.0204339509773788,-0.680583552927637,0.0914404663144169,452.728188191819,892.945311808181,1345.6735,"N"
"546",2009,"SNOW","EBS","ALL",92.5,0.377158551781215,0.0360732352214958,-0.504443630314645,0.153583318902626,485.437641581622,801.654058418378,1287.0917,"N"
"547",2009,"SNOW","EBS","ALL",97.5,0.477588566866411,0.0515846736323049,-0.0907297484608517,0.208522111783257,565.620222730632,618.705077269368,1184.3253,"N"
"548",2009,"SNOW","EBS","ALL",102.5,0.689880149823361,0.0390046663129467,0.805851829854088,0.183252638984813,578.067341624635,259.856958375365,837.9243,"N"
"549",2009,"SNOW","EBS","ALL",107.5,0.85265314064886,0.0204772544976235,1.76460842286774,0.160523029465072,565.713189838862,97.760810161138,663.474,"N"
"550",2009,"SNOW","EBS","ALL",112.5,0.919426286524824,0.00675290559324354,2.43808680126187,0.0920860324553091,586.838354309796,51.4274456902039,638.2658,"N"
"551",2009,"SNOW","EBS","ALL",117.5,0.940138622328178,0.00978731549001018,2.76769339665342,0.17831445841336,468.38007008749,29.8231299125104,498.2032,"N"
"552",2009,"SNOW","EBS","ALL",122.5,0.951820931734953,0.0113309943596385,3.01315104333824,0.262556410605086,355.868618416835,18.0132815831655,373.8819,"N"
"553",2009,"SNOW","EBS","ALL",127.5,0.964791918701996,0.0146859522652029,3.4042818949465,0.463711438544492,117.287823972764,4.28017602723578,121.568,"N"
"554",2009,"SNOW","EBS","ALL",132.5,0.974506230129803,0.0107981311745713,3.72263843599719,0.400779220226144,39.4908904697801,1.03310953021986,40.524,"N"
"555",2009,"SNOW","EBS","ALL",137.5,0.993085941133752,0.00225292897538718,5.01184702651215,0.289553506426428,2.97925782340126,0.0207421765987443,3,"N"
"556",2009,"SNOW","EBS","ALL",147.5,0.983101632401536,0.00862161612166546,4.52112977709529,1.09885956787691,0.983101632401536,0.0168983675984643,1,"N"
"557",2010,"SNOW","EBS","ALL",7.5,6.92902893528675e-05,9.15745012130235e-05,-11.316610485438,2.15773623629072,6.92902893528675e-05,0.999930709710647,1,"N"
"558",2010,"SNOW","EBS","ALL",12.5,0.000353623668422872,0.000496492872962435,-10.149143870902,2.68940338075767,0.0100485347995375,28.4058514652005,28.4159,"N"
"559",2010,"SNOW","EBS","ALL",17.5,0.000370750076249437,0.00052670951669337,-9.51891799428294,2.07809622210277,0.0318069456415002,85.7589930543585,85.7908,"N"
"560",2010,"SNOW","EBS","ALL",22.5,0.000593191160718096,0.000704827093699102,-8.37231317758407,1.49374364177112,0.8297481434465,1397.95735185655,1398.7871,"N"
"561",2010,"SNOW","EBS","ALL",27.5,0.00277801284650792,0.00379328703051336,-6.92843670180058,1.53354999897434,7.74352912760068,2779.6910708724,2787.4346,"N"
"562",2010,"SNOW","EBS","ALL",32.5,0.00763066674299403,0.00799966446282349,-5.48677852383078,1.19263163553137,36.6944273034438,4772.11567269656,4808.8101,"N"
"563",2010,"SNOW","EBS","ALL",37.5,0.0125527787114006,0.00771006587516533,-4.52265309772439,0.551843805244044,65.6337148471147,5162.98668515289,5228.6204,"N"
"564",2010,"SNOW","EBS","ALL",42.5,0.0363262404322421,0.0107937948408764,-3.32102789226084,0.302911655905679,509.309028004422,13511.1076719956,14020.4167,"N"
"565",2010,"SNOW","EBS","ALL",47.5,0.0966385457263397,0.0217587095682536,-2.25727988068653,0.230934837588896,2215.74686042637,20712.4423395736,22928.1892,"N"
"566",2010,"SNOW","EBS","ALL",52.5,0.202345967828023,0.0204361330914392,-1.37631037180849,0.125030987935021,2849.39182776782,11232.3902722322,14081.7821,"N"
"567",2010,"SNOW","EBS","ALL",57.5,0.339159093872678,0.0394722336038336,-0.672566346060968,0.181562677817649,2318.88186999885,4518.26893000115,6837.1508,"N"
"568",2010,"SNOW","EBS","ALL",62.5,0.434529861241719,0.0562858431657601,-0.267759865489459,0.234594800871668,1968.15590345741,2561.23569654259,4529.3916,"N"
"569",2010,"SNOW","EBS","ALL",67.5,0.466883850786017,0.0495528540552028,-0.134175300634889,0.201022830402904,972.056239225989,1109.95246077401,2082.0087,"N"
"570",2010,"SNOW","EBS","ALL",72.5,0.482830488724802,0.0248732947149785,-0.0687665715922695,0.0996294614225813,457.806977834808,490.366322165192,948.1733,"N"
"571",2010,"SNOW","EBS","ALL",77.5,0.467037767893283,0.0197462695718356,-0.132236233393065,0.079347114359852,334.229460398069,381.407439601931,715.6369,"N"
"572",2010,"SNOW","EBS","ALL",82.5,0.441277973601275,0.028288221410253,-0.236778186866202,0.115109635910221,244.766610179842,309.910089820158,554.6767,"N"
"573",2010,"SNOW","EBS","ALL",87.5,0.434445478289825,0.0412912792825692,-0.265788144822894,0.169779373232547,255.751536387046,332.933463612954,588.685,"N"
"574",2010,"SNOW","EBS","ALL",92.5,0.493682174092719,0.0378772999859954,-0.0257058093823871,0.152458750991196,427.313467968173,438.250432031827,865.5639,"N"
"575",2010,"SNOW","EBS","ALL",97.5,0.589264469748453,0.0432821870318015,0.363260237663853,0.17718277509283,586.483023598347,408.796776401653,995.2798,"N"
"576",2010,"SNOW","EBS","ALL",102.5,0.741411520967215,0.0406231937406506,1.06307546080402,0.204384692043809,672.867432724579,234.681767275421,907.5492,"N"
"577",2010,"SNOW","EBS","ALL",107.5,0.856120660880172,0.0359055876595076,1.81078948948784,0.276151978808315,730.173582811644,122.712717188356,852.8863,"N"
"578",2010,"SNOW","EBS","ALL",112.5,0.888484400534491,0.0230638950305407,2.09630370143077,0.233357256739248,835.547078375605,104.871321624395,940.4184,"N"
"579",2010,"SNOW","EBS","ALL",117.5,0.916986998002703,0.0131068715268313,2.41382043070681,0.166949589355592,853.793664323645,77.2922356763547,931.0859,"N"
"580",2010,"SNOW","EBS","ALL",122.5,0.930007721531037,0.0123034495100522,2.60206913204815,0.189552690362495,612.522429560948,46.0983704390516,658.6208,"N"
"581",2010,"SNOW","EBS","ALL",127.5,0.9538507820398,0.00932214108170826,3.04945259927946,0.216359890513968,282.813323011985,13.6830769880146,296.4964,"N"
"582",2010,"SNOW","EBS","ALL",132.5,0.962735465114943,0.00970370194388003,3.28118595384919,0.245951714964646,58.5838971554419,2.26760284455806,60.8515,"N"
"583",2010,"SNOW","EBS","ALL",137.5,0.969654016754488,0.0154565357996126,3.61062054013099,0.577661157545381,30.4198888482201,0.952011151779885,31.3719,"N"
"584",2010,"SNOW","EBS","ALL",142.5,0.980362993661327,0.010018880785037,4.41797850522093,1.02065243292653,5.88217796196796,0.117822038032036,6,"N"
"585",2011,"SNOW","EBS","ALL",12.5,0.000337851625896132,0.000510344071332262,-9.35667958545645,1.76546521152497,0.0028636641662582,8.47323633583374,8.4761,"N"
"586",2011,"SNOW","EBS","ALL",17.5,6.58530054159061e-05,7.83586581304079e-05,-10.982793075369,1.8897787344077,0.0028637957436253,43.4848362042564,43.4877,"N"
"587",2011,"SNOW","EBS","ALL",22.5,0.000594427970417819,0.000655648313543646,-7.98929684077048,1.03244420151421,0.275489842273629,463.178210157726,463.4537,"N"
"588",2011,"SNOW","EBS","ALL",27.5,0.00127177101895359,0.00129718125720824,-7.02855244963035,0.76639288239487,3.43421008365388,2696.90258991635,2700.3368,"N"
"589",2011,"SNOW","EBS","ALL",32.5,0.00383620417938814,0.00309616154751784,-5.79362164813917,0.630979851780443,11.2907403088615,2931.91555969114,2943.2063,"N"
"590",2011,"SNOW","EBS","ALL",37.5,0.00605664195074489,0.00282428991722192,-5.18522654464647,0.390860208591073,21.8682101506233,3588.74808984938,3610.6163,"N"
"591",2011,"SNOW","EBS","ALL",42.5,0.0254926150725701,0.00883822578454335,-3.69069348633678,0.299039784753962,156.527838023942,5983.59696197606,6140.1248,"N"
"592",2011,"SNOW","EBS","ALL",47.5,0.0611573027673357,0.00881627997808104,-2.7405014131773,0.143372620827015,424.75986352342,6520.60633647658,6945.3662,"N"
"593",2011,"SNOW","EBS","ALL",52.5,0.155259793666618,0.0153075145326261,-1.69869080239365,0.118219160432652,1247.03862027296,6784.90957972704,8031.9482,"N"
"594",2011,"SNOW","EBS","ALL",57.5,0.263911849484113,0.0220990998725637,-1.02882684808348,0.114719623082415,2480.60818206294,6918.77341793706,9399.3816,"N"
"595",2011,"SNOW","EBS","ALL",62.5,0.349265993048033,0.0200288838545828,-0.623392308094387,0.0876080711243923,3004.24681984775,5597.35448015225,8601.6013,"N"
"596",2011,"SNOW","EBS","ALL",67.5,0.397703671224196,0.0162280285958847,-0.415530969629519,0.0681692154055115,1963.54057704974,2973.65442295026,4937.195,"N"
"597",2011,"SNOW","EBS","ALL",72.5,0.409831017209773,0.0158932465476221,-0.365067784990245,0.0660203344760534,1040.50898612263,1498.36421387737,2538.8732,"N"
"598",2011,"SNOW","EBS","ALL",77.5,0.408357855452705,0.0220815764605664,-0.37158538815535,0.0922796901071568,912.814197507025,1322.51490249298,2235.3291,"N"
"599",2011,"SNOW","EBS","ALL",82.5,0.399224204032263,0.0280458688258387,-0.4100204739243,0.116730921791608,533.740883304754,803.204316695246,1336.9452,"N"
"600",2011,"SNOW","EBS","ALL",87.5,0.487852866715226,0.0190254352949702,-0.0486453016622137,0.0761812058586667,398.533153765788,418.379446234212,816.9126,"N"
"601",2011,"SNOW","EBS","ALL",92.5,0.599227741110017,0.0217775283907785,0.403117809303817,0.0915156246531124,411.288349299236,275.075650700764,686.364,"N"
"602",2011,"SNOW","EBS","ALL",97.5,0.720635076130236,0.0201255550510115,0.949842273276016,0.100691989655956,503.699993130507,195.266806869493,698.9668,"N"
"603",2011,"SNOW","EBS","ALL",102.5,0.82671254684149,0.0115098513461324,1.56469560825801,0.0824721240679585,499.536840194981,104.708059805019,604.2449,"N"
"604",2011,"SNOW","EBS","ALL",107.5,0.891165331638105,0.0102426336812349,2.10742931812299,0.111887128837404,598.604843147698,73.1053568523024,671.7102,"N"
"605",2011,"SNOW","EBS","ALL",112.5,0.932078700279611,0.0081542463988459,2.62643012728737,0.132065616199697,645.110962492614,47.0097375073857,692.1207,"N"
"606",2011,"SNOW","EBS","ALL",117.5,0.939906003843979,0.0065520639996065,2.75567603370167,0.115134129882178,639.74833738481,40.9030626151902,680.6514,"N"
"607",2011,"SNOW","EBS","ALL",122.5,0.944249510291192,0.0103505535395404,2.84673792912309,0.198116708190545,464.428555087016,27.4208449129836,491.8494,"N"
"608",2011,"SNOW","EBS","ALL",127.5,0.959912089098805,0.0107349282028439,3.2088175776766,0.26561766041057,199.997107816482,8.35229218351751,208.3494,"N"
"609",2011,"SNOW","EBS","ALL",132.5,0.962626665403007,0.012155677739308,3.29307587014269,0.299636106850964,58.5717895577783,2.27401044222174,60.8458,"N"
"610",2011,"SNOW","EBS","ALL",137.5,0.968452856459953,0.016095481397983,3.6775589543855,0.83120646543189,16.4688313599584,0.536468640041555,17.0053,"N"
"611",2011,"SNOW","EBS","ALL",147.5,0.963439795846865,0.0186531653842526,3.71965388149945,1.06496431213923,4.50331029374742,0.170889706252584,4.6742,"N"
"612",2011,"SNOW","EBS","ALL",152.5,0.959836592905376,0.0204915342319508,3.87143409053816,1.43073740724913,0.959836592905376,0.0401634070946235,1,"N"
"613",2012,"SNOW","EBS","ALL",7.5,1.85726842091068e-06,3.37738793453251e-06,-13.3857242261641,0.863029714450746,1.18189133233072e-05,6.36358818108668,6.3636,"Y"
"614",2012,"SNOW","EBS","ALL",12.5,3.80639008963932e-05,4.45007045642438e-05,-11.5374028689221,1.8964603190334,0.0022284663035397,58.5431715336965,58.5454,"Y"
"615",2012,"SNOW","EBS","ALL",17.5,0.000317458565232153,0.000320061837609956,-9.29029527594417,2.17189943812192,0.0063898377468493,20.1217101622532,20.1281,"Y"
"616",2012,"SNOW","EBS","ALL",22.5,0.000273030257043373,0.000282761492622018,-8.93988006626492,1.44013725196147,0.1537918552178,563.123908144782,563.2777,"Y"
"617",2012,"SNOW","EBS","ALL",27.5,0.00203983964217734,0.00154753100832086,-6.64971515737384,1.11220229006983,1.34410602785288,657.583193972147,658.9273,"Y"
"618",2012,"SNOW","EBS","ALL",32.5,0.0053371097881118,0.00454798884813218,-5.67839116675447,1.06532924242962,12.5476022189256,2338.46309778107,2351.0107,"Y"
"619",2012,"SNOW","EBS","ALL",37.5,0.0126082043030673,0.00868060725578799,-4.73738050817738,0.99790321719192,66.4544646218943,5204.27743537811,5270.7319,"Y"
"620",2012,"SNOW","EBS","ALL",42.5,0.047849008771108,0.0272192796084984,-3.23152268055948,0.798426439347712,222.58227251262,4429.18122748738,4651.7635,"Y"
"621",2012,"SNOW","EBS","ALL",47.5,0.0999186312505362,0.0431598372718965,-2.32839679716845,0.612491319755102,331.036540353259,2982.02465964674,3313.0612,"Y"
"622",2012,"SNOW","EBS","ALL",52.5,0.165075474220211,0.0516388547464897,-1.68833272059821,0.468548011139794,588.488849210066,2976.47955078993,3564.9684,"Y"
"623",2012,"SNOW","EBS","ALL",57.5,0.270226958041224,0.0774799497247757,-1.0423257255431,0.456681289878339,1308.13854654905,3532.74985345095,4840.8884,"Y"
"624",2012,"SNOW","EBS","ALL",62.5,0.333091404230098,0.0916171822943962,-0.733888227205645,0.463989057290722,1821.93626801088,3647.84243198912,5469.7787,"Y"
"625",2012,"SNOW","EBS","ALL",67.5,0.397683696379479,0.0928847494778448,-0.437110177571988,0.416839975775754,1594.89225041661,2415.56194958339,4010.4542,"Y"
"626",2012,"SNOW","EBS","ALL",72.5,0.474702534317944,0.100627721410739,-0.108593865891652,0.41592162922483,1299.19119756643,1437.66210243357,2736.8533,"Y"
"627",2012,"SNOW","EBS","ALL",77.5,0.51704491435297,0.108401398553342,0.0704853981350084,0.443331168282204,1093.85980716921,1021.73939283079,2115.5992,"Y"
"628",2012,"SNOW","EBS","ALL",82.5,0.506036980412209,0.111831237142407,0.0243682679353383,0.45793696073524,897.180946417822,875.774353582178,1772.9553,"Y"
"629",2012,"SNOW","EBS","ALL",87.5,0.503205035818817,0.110316217625287,0.00999250132748898,0.451671574528683,500.670744296923,494.292955703077,994.9637,"Y"
"630",2012,"SNOW","EBS","ALL",92.5,0.523097168395074,0.138229590607612,0.0942771539257566,0.573123120802908,225.06025507444,205.18534492556,430.2456,"Y"
"631",2012,"SNOW","EBS","ALL",97.5,0.593837620240506,0.162335115228036,0.414401121179843,0.700991068223876,262.143441543921,179.296158456079,441.4396,"Y"
"632",2012,"SNOW","EBS","ALL",102.5,0.740319603320512,0.132489998305861,1.15966342526938,0.709045724397449,270.019952293385,94.7143477066152,364.7343,"Y"
"633",2012,"SNOW","EBS","ALL",107.5,0.862273190401366,0.0702687804074661,2.0501981326683,0.770208240922531,242.983325188644,38.8105748113564,281.7939,"Y"
"634",2012,"SNOW","EBS","ALL",112.5,0.915174949319509,0.0432780870818833,2.53604808473464,0.59625503873766,183.160643384443,16.9766566155567,200.1373,"Y"
"635",2012,"SNOW","EBS","ALL",117.5,0.944766933343031,0.0281801360494742,3.02357829057794,0.650388448157022,128.63389151908,7.52020848091968,136.1541,"Y"
"636",2012,"SNOW","EBS","ALL",122.5,0.936098598441951,0.0326027558969636,2.93396016259567,0.81283701139216,76.2852958631103,5.20750413688974,81.4928,"Y"
"637",2012,"SNOW","EBS","ALL",127.5,0.929636560130553,0.0358997142191057,3.03095722439782,1.18314423794406,56.3859899908465,4.26781000915348,60.6538,"Y"
"638",2012,"SNOW","EBS","ALL",132.5,0.972898343195431,0.0121590042906536,3.70426627644958,0.541435263796631,12.6476784615406,0.352321538459394,13,"Y"
"639",2012,"SNOW","EBS","ALL",137.5,0.994687682664566,0.00271036598746651,5.52162326269875,0.83979641097356,3.97875073065826,0.0212492693417374,4,"Y"
"640",2012,"SNOW","EBS","ALL",142.5,0.959325503708166,0.0207522940264458,4.38341731665807,2.35542712541536,0.959325503708166,0.0406744962918337,1,"Y"
"641",2013,"SNOW","EBS","ALL",12.5,2.05922834568346e-05,3.26567562775979e-05,-12.3386607318031,1.82860450804045,0.000215487950234046,10.4642845120498,10.4645,"N"
"642",2013,"SNOW","EBS","ALL",17.5,0.000208235953990467,0.000184582866304224,-9.1172039451862,1.33929268262039,0.0338655797862328,162.596934420214,162.6308,"N"
"643",2013,"SNOW","EBS","ALL",22.5,0.00073374372188102,0.000474133323401955,-7.61163660982676,1.04934035067017,0.212260392215001,289.071839607785,289.2841,"N"
"644",2013,"SNOW","EBS","ALL",27.5,0.00134990238946129,0.00101608232274797,-6.93336979883387,0.854722569582912,0.804830568240037,595.40906943176,596.2139,"N"
"645",2013,"SNOW","EBS","ALL",32.5,0.00269547674560592,0.00161044205596811,-6.11794334570617,0.673372148140048,6.65972841184764,2464.04547158815,2470.7052,"N"
"646",2013,"SNOW","EBS","ALL",37.5,0.00700560434663212,0.00212700390666267,-5.00982452307102,0.355667282611719,22.4051640936198,3175.77203590638,3198.1772,"N"
"647",2013,"SNOW","EBS","ALL",42.5,0.0271368727969193,0.00342046499302759,-3.58835292446636,0.142810265300402,82.4245062321965,2954.9374937678,3037.362,"N"
"648",2013,"SNOW","EBS","ALL",47.5,0.0600337159275007,0.00470548268578933,-2.7540692658121,0.0852263571139134,269.89299436822,4225.79730563178,4495.6903,"N"
"649",2013,"SNOW","EBS","ALL",52.5,0.112390215578387,0.00939857469295897,-2.06985999429604,0.0923036400841168,488.379161525865,3857.00943847414,4345.3886,"N"
"650",2013,"SNOW","EBS","ALL",57.5,0.212928296683494,0.0161935160139184,-1.30988618782821,0.0941842085685468,922.024665438426,3408.18733456157,4330.212,"N"
"651",2013,"SNOW","EBS","ALL",62.5,0.299378528053236,0.0155828220102553,-0.851292470666078,0.072898347458237,970.272157759657,2270.68224224034,3240.9544,"N"
"652",2013,"SNOW","EBS","ALL",67.5,0.370080906278137,0.0125352643455112,-0.532246470389959,0.0538840718155464,830.046767008382,1412.83243299162,2242.8792,"N"
"653",2013,"SNOW","EBS","ALL",72.5,0.412439051379758,0.0207774521715077,-0.354550161882378,0.0860202065704824,966.526912955672,1376.91488704433,2343.4418,"N"
"654",2013,"SNOW","EBS","ALL",77.5,0.430531935385419,0.0199646644768414,-0.280174967275868,0.081874344793062,1058.29365020083,1399.81354979917,2458.1072,"N"
"655",2013,"SNOW","EBS","ALL",82.5,0.404903807681751,0.0236633543404913,-0.386025231783413,0.0987910463636182,907.317562588942,1333.50493741106,2240.8225,"N"
"656",2013,"SNOW","EBS","ALL",87.5,0.407827972780278,0.0208490339865993,-0.373614393725302,0.0862151911490981,628.785294066891,913.005205933109,1541.7905,"N"
"657",2013,"SNOW","EBS","ALL",92.5,0.482639694062569,0.0203921871416721,-0.0695640790063534,0.0816968597228153,378.178365278901,405.384134721099,783.5625,"N"
"658",2013,"SNOW","EBS","ALL",97.5,0.581016052102985,0.0335092425162842,0.328615062849879,0.139098932010162,477.800293495046,344.552706504954,822.353,"N"
"659",2013,"SNOW","EBS","ALL",102.5,0.722958953746421,0.0343347617078855,0.966089918717877,0.17584576266794,540.674541209241,207.188858790759,747.8634,"N"
"660",2013,"SNOW","EBS","ALL",107.5,0.827911225465463,0.0369398202490077,1.59482972561983,0.273908017472529,476.250964981655,98.9930350183454,575.244,"N"
"661",2013,"SNOW","EBS","ALL",112.5,0.883239409388055,0.0297752259008164,2.0587575853058,0.310558341386926,342.98049901692,45.3406009830802,388.3211,"N"
"662",2013,"SNOW","EBS","ALL",117.5,0.909233475121572,0.0230440589750602,2.33930439222287,0.299559380379657,241.766999501776,24.1350004982237,265.902,"N"
"663",2013,"SNOW","EBS","ALL",122.5,0.930128123601945,0.0228003511836584,2.63838784177127,0.339748700983202,147.708252566108,11.095947433892,158.8042,"N"
"664",2013,"SNOW","EBS","ALL",127.5,0.95353253527788,0.0194196165944907,3.10212476101558,0.420445945664612,65.0079387718512,3.16796122814881,68.1759,"N"
"665",2013,"SNOW","EBS","ALL",132.5,0.977385932982552,0.0104776015629725,3.84759345817723,0.387524339638347,16.4031748974663,0.379525102533727,16.7827,"N"
"666",2013,"SNOW","EBS","ALL",137.5,0.966368371318667,0.0171589942251698,3.69344263404274,0.924409315565386,12.9584200383605,0.450979961639463,13.4094,"N"
"667",2013,"SNOW","EBS","ALL",142.5,0.993511955206047,0.00331022693569021,5.79895334667393,1.16811965533515,0.993511955206047,0.00648804479395282,1,"N"
"668",2014,"SNOW","EBS","ALL",12.5,3.56669262764549e-06,4.62737078334504e-06,-12.9712064973206,1.06090381152802,1.78334631382275e-05,4.99998216653686,5,"Y"
"669",2014,"SNOW","EBS","ALL",17.5,0.000163443628929352,0.00024427332275937,-10.4834671031481,2.1404723239532,0.029964136835981,183.300135863164,183.3301,"Y"
"670",2014,"SNOW","EBS","ALL",22.5,6.16850282259928e-05,5.85141636537793e-05,-10.2923406302936,1.15343860094144,0.116808768043654,1893.51559123196,1893.6324,"Y"
"671",2014,"SNOW","EBS","ALL",27.5,0.00243161066170235,0.00322503617209738,-6.7888444375775,1.1798149750955,1.68683676586766,692.024863234132,693.7117,"Y"
"672",2014,"SNOW","EBS","ALL",32.5,0.00126098047687011,0.000478180970474684,-6.74434098806393,0.373712179698074,4.01860922438377,3182.87389077562,3186.8925,"Y"
"673",2014,"SNOW","EBS","ALL",37.5,0.00642345606650134,0.0018208015588811,-5.07778855506919,0.267164346493899,8.93589648210916,1382.19940351789,1391.1353,"Y"
"674",2014,"SNOW","EBS","ALL",42.5,0.0277635860458878,0.00923681118121118,-3.62506538826775,0.407026996742826,108.899201369456,3813.47599863054,3922.3752,"Y"
"675",2014,"SNOW","EBS","ALL",47.5,0.0891881037119095,0.0271121317708092,-2.3736987650759,0.356598087590148,750.338339245326,7662.64846075467,8412.9868,"Y"
"676",2014,"SNOW","EBS","ALL",52.5,0.169511630551473,0.0298802262198091,-1.60497804109146,0.221280880148168,825.649842431857,4045.10645756814,4870.7563,"Y"
"677",2014,"SNOW","EBS","ALL",57.5,0.269134028532324,0.0300573541967552,-1.00486720496622,0.158632756128067,1478.36390334899,4014.67579665101,5493.0397,"Y"
"678",2014,"SNOW","EBS","ALL",62.5,0.342736471895213,0.0407361712014725,-0.656305540119121,0.181878856039171,2243.45691026664,4302.26288973336,6545.7198,"Y"
"679",2014,"SNOW","EBS","ALL",67.5,0.395364187849797,0.0656938247009363,-0.433478941373407,0.280948085059814,1835.17381166804,2806.55618833196,4641.73,"Y"
"680",2014,"SNOW","EBS","ALL",72.5,0.467285550559908,0.0696861887771053,-0.134394238819612,0.284190621391889,1527.41497071563,1741.28222928437,3268.6972,"Y"
"681",2014,"SNOW","EBS","ALL",77.5,0.497880305811518,0.0578325736256425,-0.00908305295569009,0.233201277287365,1179.55073668789,1189.59446331211,2369.1452,"Y"
"682",2014,"SNOW","EBS","ALL",82.5,0.50210010695161,0.0628934892376487,0.00778493474600374,0.253561198144771,848.56936517252,841.47083482748,1690.0402,"Y"
"683",2014,"SNOW","EBS","ALL",87.5,0.511425265155653,0.0724844170859066,0.0458132257755955,0.292322876268715,630.805935095247,602.621464904753,1233.4274,"Y"
"684",2014,"SNOW","EBS","ALL",92.5,0.551434115017086,0.0787073821533141,0.211422751153711,0.321749631777622,613.068016339368,498.702183660631,1111.7702,"Y"
"685",2014,"SNOW","EBS","ALL",97.5,0.641620592829651,0.0880131493982112,0.602123409154305,0.384931987714914,807.542587380391,451.055712619609,1258.5983,"Y"
"686",2014,"SNOW","EBS","ALL",102.5,0.783003963843659,0.0741775336824615,1.33587414242488,0.435080210724591,1076.25750549705,298.266194502948,1374.5237,"Y"
"687",2014,"SNOW","EBS","ALL",107.5,0.887623990784725,0.0442247145724387,2.14816385758316,0.467354224232173,1150.81000732114,145.696192678862,1296.5062,"Y"
"688",2014,"SNOW","EBS","ALL",112.5,0.936282492533336,0.030047342064459,2.80300284915705,0.522436654378666,696.940224454042,47.4293755459578,744.3696,"Y"
"689",2014,"SNOW","EBS","ALL",117.5,0.959159748409331,0.0178860797119637,3.26092813289065,0.494058800928665,527.528174111673,22.461725888327,549.9899,"Y"
"690",2014,"SNOW","EBS","ALL",122.5,0.969238233259126,0.0156947789494257,3.57966886070103,0.527833684100482,277.512387870576,8.80771212942381,286.3201,"Y"
"691",2014,"SNOW","EBS","ALL",127.5,0.974720760236342,0.0128975713079886,3.89982403854664,0.70130295993686,102.996110988122,2.67118901187834,105.6673,"Y"
"692",2014,"SNOW","EBS","ALL",132.5,0.983920310557815,0.00820392318478819,4.35193289276099,0.715415060627906,25.6879946839813,0.419805316018675,26.1078,"Y"
"693",2014,"SNOW","EBS","ALL",137.5,0.990662638395836,0.00476396000212465,5.00649359539124,0.823237371598317,4.51147765525464,0.0425223447453646,4.554,"Y"
"694",2014,"SNOW","EBS","ALL",142.5,0.996518465733311,0.00177629299320854,6.60504052003913,1.38314594457924,0.996518465733311,0.00348153426668874,1,"Y"
"695",2014,"SNOW","EBS","ALL",147.5,0.980492472336725,0.0099528202363648,4.20492591415509,0.827040065510966,0.980492472336725,0.019507527663275,1,"Y"
"696",2015,"SNOW","EBS","ALL",12.5,0.000165777106421103,0.000263740114880704,-10.3718237779838,2.07274140973164,0.00199040614378711,12.0045295938562,12.00652,"N"
"697",2015,"SNOW","EBS","ALL",17.5,0.000139905357145664,0.000137224525980893,-9.89378446713778,1.76129923609279,0.0269281157301831,192.44687188427,192.4738,"N"
"698",2015,"SNOW","EBS","ALL",22.5,0.000733900639029424,0.000741891979113506,-8.14393781909277,1.70623568273096,0.412167405686593,561.199832594313,561.612,"N"
"699",2015,"SNOW","EBS","ALL",27.5,0.00239632365216561,0.00159716848943215,-6.41863674242464,1.0063141270456,6.58753824349671,2742.4310417565,2749.01858,"N"
"700",2015,"SNOW","EBS","ALL",32.5,0.00272269705897994,0.00117455539246385,-6.05175799725861,0.619535413739184,22.5394918007138,8255.82982819929,8278.36932,"N"
"701",2015,"SNOW","EBS","ALL",37.5,0.00576951220512348,0.00227657115810995,-5.24975376702525,0.481546441881296,64.1240761738307,11050.1736138262,11114.29769,"N"
"702",2015,"SNOW","EBS","ALL",42.5,0.0213518077904163,0.00472077441570727,-3.84835661157784,0.219863435539991,162.918428645491,7467.27524135451,7630.19367,"N"
"703",2015,"SNOW","EBS","ALL",47.5,0.0500960776051557,0.00783574025534209,-2.95424896859817,0.161935352443739,210.41546533983,3989.82286466017,4200.23833,"N"
"704",2015,"SNOW","EBS","ALL",52.5,0.103980612884035,0.0195825119562919,-2.17065637798931,0.206377732416376,338.353778403543,2915.65453159646,3254.00831,"N"
"705",2015,"SNOW","EBS","ALL",57.5,0.177627657104094,0.0181752716050562,-1.53738717195607,0.123486610733568,572.087416637894,2648.62396336211,3220.71138,"N"
"706",2015,"SNOW","EBS","ALL",62.5,0.236507218512775,0.0118602747672987,-1.1730476064347,0.0655561197611738,656.912519202977,2120.64549079702,2777.55801,"N"
"707",2015,"SNOW","EBS","ALL",67.5,0.274680277779381,0.011508740456331,-0.971738255364237,0.0574112409536596,522.168622662033,1378.83652733797,1901.00515,"N"
"708",2015,"SNOW","EBS","ALL",72.5,0.333444438825366,0.0161850526604724,-0.693511128972949,0.0725925279422669,412.253188327311,824.094281672689,1236.34747,"N"
"709",2015,"SNOW","EBS","ALL",77.5,0.398252666226467,0.0168876368065915,-0.413213730414781,0.0699351809494509,398.986928649716,602.856781350284,1001.84371,"N"
"710",2015,"SNOW","EBS","ALL",82.5,0.404039588378394,0.0186364021269044,-0.389219953259626,0.0772929768668625,381.222672824281,562.305347175719,943.52802,"N"
"711",2015,"SNOW","EBS","ALL",87.5,0.453216292819344,0.0152746416272506,-0.187865098671935,0.0617061386453196,252.230607155815,304.304122844185,556.53473,"N"
"712",2015,"SNOW","EBS","ALL",92.5,0.492574216348862,0.025367926451405,-0.0298160816418657,0.101634657964885,209.136121445803,215.441768554197,424.57789,"N"
"713",2015,"SNOW","EBS","ALL",97.5,0.63837586446604,0.0266001227300243,0.570153745728812,0.115522423816502,244.077451524811,138.263838475189,382.34129,"N"
"714",2015,"SNOW","EBS","ALL",102.5,0.799031524565417,0.018279608313827,1.38407626757427,0.113594611348447,226.477479342191,56.9625006578088,283.43998,"N"
"715",2015,"SNOW","EBS","ALL",107.5,0.885205710177642,0.00704942659811609,2.04448497342832,0.0685936166616568,209.542443410982,27.1736565890182,236.7161,"N"
"716",2015,"SNOW","EBS","ALL",112.5,0.931666003409408,0.00887610917360962,2.62116885759846,0.142583367443737,166.474926152411,12.2102738475893,178.6852,"N"
"717",2015,"SNOW","EBS","ALL",117.5,0.928683984898953,0.0189222745492654,2.60709532596544,0.318664141665645,196.210216356286,15.0674836437144,211.2777,"N"
"718",2015,"SNOW","EBS","ALL",122.5,0.927378113131378,0.0249680599477521,2.61655027553123,0.419857409380054,182.104974136288,14.2604258637116,196.3654,"N"
"719",2015,"SNOW","EBS","ALL",127.5,0.949914392463501,0.0150060519998871,2.99038952569587,0.332489665248128,122.786884284225,6.47411571577545,129.261,"N"
"720",2015,"SNOW","EBS","ALL",132.5,0.963672623506651,0.00981042445922231,3.31794990450093,0.300180065918037,45.7996014720395,1.72649852796054,47.5261,"N"
"721",2015,"SNOW","EBS","ALL",137.5,0.978861454788494,0.00623290305205746,3.89510591727319,0.383758610977972,11.2824550140377,0.243644985962336,11.5261,"N"
"722",2015,"SNOW","EBS","ALL",142.5,0.974964274149172,0.0127733295157284,3.87748940619968,0.661848123414444,1.94992854829834,0.0500714517016552,2,"N"
"723",2016,"SNOW","EBS","ALL",7.5,1.54018353319867e-05,2.97156072170118e-05,-12.8455996300849,1.69073556111726,0.00147512756692153,95.7746148724331,95.77609,"Y"
"724",2016,"SNOW","EBS","ALL",12.5,0.000186950599505427,0.000215843239455491,-9.79589472446114,2.00611556892006,0.000373901199010853,1.99962609880099,2,"Y"
"725",2016,"SNOW","EBS","ALL",17.5,0.000786241149409133,0.000855449327159284,-8.29916719989726,1.84788835460942,0.0897237407067014,114.027606259293,114.11733,"Y"
"726",2016,"SNOW","EBS","ALL",22.5,9.63932714450427e-05,9.29471128877029e-05,-10.0283564558767,1.44709616933355,0.280202679083537,2906.58948732092,2906.86969,"Y"
"727",2016,"SNOW","EBS","ALL",27.5,0.00354535860728501,0.00279929611058807,-6.19701812345535,1.24530012821605,4.39760371534834,1235.98572628465,1240.38333,"Y"
"728",2016,"SNOW","EBS","ALL",32.5,0.00216009640462642,0.00182876823378793,-6.52700429432423,0.927115935420638,26.4853353706798,12234.6967646293,12261.1821,"Y"
"729",2016,"SNOW","EBS","ALL",37.5,0.00735963297861904,0.00535331671219017,-5.18393137905494,0.776368438608723,122.663438839301,16544.3958011607,16667.05924,"Y"
"730",2016,"SNOW","EBS","ALL",42.5,0.0333831893980063,0.0232065403875968,-3.67591302412445,0.864334882303615,566.382740293439,16399.7235697066,16966.10631,"Y"
"731",2016,"SNOW","EBS","ALL",47.5,0.0746595387341833,0.0475626649236512,-2.76472175107591,0.801293132873432,1034.27965975307,12819.0025502469,13853.28221,"Y"
"732",2016,"SNOW","EBS","ALL",52.5,0.154104520256941,0.063887809149471,-1.80909303229053,0.574358094841691,1190.95437524179,6537.27042475821,7728.2248,"Y"
"733",2016,"SNOW","EBS","ALL",57.5,0.266899077650147,0.0847633924805794,-1.06904813024927,0.498577033451528,1129.56520267948,3102.61578732052,4232.18099,"Y"
"734",2016,"SNOW","EBS","ALL",62.5,0.312097947205815,0.0803375600442836,-0.824570357349525,0.413622160285791,848.828098540944,1870.92096145906,2719.74906,"Y"
"735",2016,"SNOW","EBS","ALL",67.5,0.352602980439903,0.0770772335962354,-0.627756271392443,0.355993136739547,449.864563440869,825.974236559131,1275.8388,"Y"
"736",2016,"SNOW","EBS","ALL",72.5,0.377963584182238,0.0833242254592289,-0.515880268128918,0.367063201818344,322.165647989664,530.206542010336,852.37219,"Y"
"737",2016,"SNOW","EBS","ALL",77.5,0.411217778015799,0.0863699781757306,-0.371374249972438,0.364359406858582,383.059961416034,548.465818583966,931.52578,"Y"
"738",2016,"SNOW","EBS","ALL",82.5,0.433229198224639,0.077028707165574,-0.275021657755888,0.316325490669784,328.507840717192,429.769399282808,758.27724,"Y"
"739",2016,"SNOW","EBS","ALL",87.5,0.465427231372452,0.0780741652143715,-0.141155331521837,0.316252530780291,261.196728997766,300.001051002234,561.19778,"Y"
"740",2016,"SNOW","EBS","ALL",92.5,0.567250176712377,0.0765914861816527,0.278094151732912,0.317531238335744,188.545699576621,143.839740423379,332.38544,"Y"
"741",2016,"SNOW","EBS","ALL",97.5,0.697276322273441,0.064340785424736,0.855123025236611,0.320512774182122,169.792160474028,73.7155495259723,243.50771,"Y"
"742",2016,"SNOW","EBS","ALL",102.5,0.840244020979926,0.053002916392349,1.70807403075121,0.376004405042769,207.372173963205,39.4277660367954,246.79994,"Y"
"743",2016,"SNOW","EBS","ALL",107.5,0.924969101401658,0.0244507148172407,2.55892613400248,0.32832656348536,180.486288604454,14.6405413955459,195.12683,"Y"
"744",2016,"SNOW","EBS","ALL",112.5,0.959677813892944,0.00769802932502622,3.18740501306905,0.196257739323737,141.743760531074,5.95555946892566,147.69932,"Y"
"745",2016,"SNOW","EBS","ALL",117.5,0.970204276860289,0.00612079373118899,3.5048605916992,0.217507912026553,90.2289977480069,2.77100225199308,93,"Y"
"746",2016,"SNOW","EBS","ALL",122.5,0.97538837015455,0.0104366437900231,3.77132176110859,0.446327206091124,43.8924766569548,1.10752334304524,45,"Y"
"747",2016,"SNOW","EBS","ALL",127.5,0.979513080914555,0.00908590776206756,3.97376628678408,0.482520008916696,31.3444185892658,0.655581410734243,32,"Y"
"748",2016,"SNOW","EBS","ALL",132.5,0.975260663798481,0.0126221103068973,3.97940351184761,0.844744661546081,14.6289099569772,0.371090043022781,15,"Y"
"749",2016,"SNOW","EBS","ALL",137.5,0.978035953669901,0.0112061460867852,4.17514744571485,1.01837840307245,3.9121438146796,0.0878561853203963,4,"Y"
"750",2016,"SNOW","EBS","ALL",142.5,0.988857589383391,0.00568490337582116,5.49746666822369,1.88411638399215,2.96657276815017,0.0334272318498283,3,"Y"
"751",2017,"SNOW","EBS","ALL",7.5,1.07639886708652e-06,1.36315186970184e-06,-13.4455594255931,0.492107829309844,1.07639886708652e-06,0.999998923601133,1,"N"
"752",2017,"SNOW","EBS","ALL",12.5,8.46501198032092e-05,9.7679829563946e-05,-10.9248667288788,2.13406686130758,0.00134789062963608,15.9217321093704,15.92308,"N"
"753",2017,"SNOW","EBS","ALL",17.5,0.000291786246758782,0.000317560418955338,-9.31589295896595,1.80832121885619,0.0208784380862283,71.5330015619138,71.55388,"N"
"754",2017,"SNOW","EBS","ALL",22.5,0.000405375846892698,0.000482247851294092,-8.74842971324774,1.45145082662988,0.0323396283999741,79.7445603716,79.7769,"N"
"755",2017,"SNOW","EBS","ALL",27.5,0.00171621247136187,0.00160314618350062,-6.81382094140364,0.978767555574016,3.23727574408878,1883.05349425591,1886.29077,"N"
"756",2017,"SNOW","EBS","ALL",32.5,0.00397771436834747,0.002417627761744,-5.69038649349589,0.580324470021424,30.9069454150563,7739.11939458494,7770.02634,"N"
"757",2017,"SNOW","EBS","ALL",37.5,0.0104287038790059,0.00295415192999487,-4.59534391942715,0.301311794392606,140.72457285591,13353.2411671441,13493.96574,"N"
"758",2017,"SNOW","EBS","ALL",42.5,0.0310797562921084,0.00431907791661921,-3.44834199225423,0.134034541160277,1007.22652813898,31400.573541861,32407.80007,"N"
"759",2017,"SNOW","EBS","ALL",47.5,0.0848622511126439,0.00903149498055686,-2.38332534425122,0.112212069388571,1936.85326579287,20886.6429342071,22823.4962,"N"
"760",2017,"SNOW","EBS","ALL",52.5,0.176619415935702,0.0116427082319423,-1.5414604119733,0.0796906131247097,2450.43502711028,11423.6626428897,13874.09767,"N"
"761",2017,"SNOW","EBS","ALL",57.5,0.263506458718591,0.0145115092585081,-1.02914738024125,0.075092966561905,3171.55509149005,8864.41209850995,12035.96719,"N"
"762",2017,"SNOW","EBS","ALL",62.5,0.332775026860438,0.0203403790027951,-0.697075701007784,0.0920293180089407,2759.3178377845,5532.5238422155,8291.84168,"N"
"763",2017,"SNOW","EBS","ALL",67.5,0.36193481244517,0.0249737887740889,-0.568519844588191,0.107561733069379,1432.04269072519,2524.58883927481,3956.63153,"N"
"764",2017,"SNOW","EBS","ALL",72.5,0.396043013741338,0.0347175449307686,-0.423976449269297,0.144304639235545,987.483907804514,1505.89149219549,2493.3754,"N"
"765",2017,"SNOW","EBS","ALL",77.5,0.413106028614017,0.0293487011573985,-0.352351543562057,0.120946954202591,760.452021926728,1080.36357807327,1840.8156,"N"
"766",2017,"SNOW","EBS","ALL",82.5,0.442800329242028,0.0201069112047681,-0.230157985579436,0.0813710392427646,438.31508957905,551.55565042095,989.87074,"N"
"767",2017,"SNOW","EBS","ALL",87.5,0.512417260609076,0.0128778342091842,0.0497183250136494,0.0515787711944293,294.546444569366,280.271125430634,574.81757,"N"
"768",2017,"SNOW","EBS","ALL",92.5,0.645319952866404,0.00732040288874816,0.598678563772268,0.0320296814500746,177.539818831849,97.5792411681507,275.11906,"N"
"769",2017,"SNOW","EBS","ALL",97.5,0.760496780877541,0.00410135283208799,1.15553364640903,0.0223327410742726,276.55971166971,87.0969383302896,363.65665,"N"
"770",2017,"SNOW","EBS","ALL",102.5,0.875205434423752,0.00955666746436543,1.95048436826804,0.0844934443299053,295.589844193616,42.1478258063842,337.73767,"N"
"771",2017,"SNOW","EBS","ALL",107.5,0.945422208053807,0.00702548638082361,2.85940354325731,0.126722240508032,260.168610234359,15.0191397656411,275.18775,"N"
"772",2017,"SNOW","EBS","ALL",112.5,0.975912234725597,0.00177929076979554,3.70457210028064,0.0797120129570874,206.366859833825,5.09361016617493,211.46047,"N"
"773",2017,"SNOW","EBS","ALL",117.5,0.98796357786394,0.000928755814310611,4.41062848909769,0.0774740670188362,115.591738610081,1.40826138991905,117,"N"
"774",2017,"SNOW","EBS","ALL",122.5,0.990113077772451,0.00190942205581042,4.62712339086907,0.210905085417983,51.4858800441675,0.514119955832548,52,"N"
"775",2017,"SNOW","EBS","ALL",127.5,0.995382025390765,0.00103953681728021,5.39670950480006,0.215426270357506,23.8891686093784,0.110831390621627,24,"N"
"776",2017,"SNOW","EBS","ALL",132.5,0.992832643939609,0.00365681431652596,5.66259792624221,1.08062978152565,2.97849793181883,0.0215020681811726,3,"N"
"777",2017,"SNOW","EBS","ALL",137.5,0.999012616223352,0.000503767232983661,7.07049376704826,0.531039598210267,0.999012616223352,0.000987383776647976,1,"N"
"778",2017,"SNOW","EBS","ALL",142.5,0.998731519873502,0.000647183738009096,7.16151070235276,1.0172020636774,0.998731519873502,0.00126848012649783,1,"N"
"779",2018,"SNOW","EBS","ALL",7.5,3.3076160257361e-05,4.19404534459635e-05,-12.0640365825178,2.1590854239958,0.000389865062575886,11.7865001349374,11.78689,"N"
"780",2018,"SNOW","EBS","ALL",12.5,1.02356167981273e-05,1.40275137755061e-05,-12.5774684355301,1.55475700720742,8.18849343850184e-05,7.99991811506561,8,"N"
"781",2018,"SNOW","EBS","ALL",17.5,0.00026817550759659,0.000231225240211059,-8.88529957714295,1.33844121236323,0.00226033603806339,8.42630966396194,8.42857,"N"
"782",2018,"SNOW","EBS","ALL",22.5,0.000615980926169583,0.000588517059889231,-8.02698039803202,1.20923381082739,0.0586351997228456,95.1313248002772,95.18996,"N"
"783",2018,"SNOW","EBS","ALL",27.5,0.00176265256710041,0.00153242382896988,-6.78433537042879,0.966054373000084,1.19100881062063,674.500181189379,675.69119,"N"
"784",2018,"SNOW","EBS","ALL",32.5,0.00464827516811588,0.00284017462451274,-5.56648366140077,0.642922669051975,2.68412278962516,574.760777210375,577.4449,"N"
"785",2018,"SNOW","EBS","ALL",37.5,0.0120254278936251,0.00506364924223035,-4.48596171773522,0.388186737983766,65.5222763818131,5383.12179361819,5448.64407,"N"
"786",2018,"SNOW","EBS","ALL",42.5,0.0370748946112336,0.00875586973163469,-3.28160119641535,0.225443810201871,740.363923205583,19229.0501767944,19969.4141,"N"
"787",2018,"SNOW","EBS","ALL",47.5,0.0996714624672751,0.0105062875926295,-2.20632708935884,0.11713241915515,2932.45850579414,26488.7863842059,29421.24489,"N"
"788",2018,"SNOW","EBS","ALL",52.5,0.201459510789432,0.00669371240950357,-1.377712348244,0.0417116056072056,8483.92070098144,33628.3661190186,42112.28682,"N"
"789",2018,"SNOW","EBS","ALL",57.5,0.303391707459549,0.0134169330229073,-0.831966077178885,0.0630258080354822,10495.2299550673,24097.7720849327,34593.00204,"N"
"790",2018,"SNOW","EBS","ALL",62.5,0.391116372026066,0.0185600110551134,-0.443299327605925,0.0783143059994695,9004.98665942991,14018.8172605701,23023.80392,"N"
"791",2018,"SNOW","EBS","ALL",67.5,0.452384380216779,0.0186529856695695,-0.191355424157024,0.0757389944389197,6201.18208061207,7506.59022938793,13707.77231,"N"
"792",2018,"SNOW","EBS","ALL",72.5,0.533958653940458,0.0142774276696158,0.136143942680001,0.0573327935701084,4613.29222992501,4026.50075007499,8639.79298,"N"
"793",2018,"SNOW","EBS","ALL",77.5,0.595578338432408,0.0179076965572321,0.387598991068809,0.0743945576021832,3845.00529071023,2610.91333928977,6455.91863,"N"
"794",2018,"SNOW","EBS","ALL",82.5,0.595151037337146,0.0242544195205668,0.386254565887709,0.100745281055279,2842.39352798485,1933.52611201515,4775.91964,"N"
"795",2018,"SNOW","EBS","ALL",87.5,0.543384229525794,0.0174704770691702,0.174156467874179,0.0702590944668776,1411.62896010868,1186.21779989132,2597.84676,"N"
"796",2018,"SNOW","EBS","ALL",92.5,0.543130632085166,0.0365563614886131,0.173837297687657,0.147509370972877,1062.81532500619,894.01653499381,1956.83186,"N"
"797",2018,"SNOW","EBS","ALL",97.5,0.659505161483204,0.0456005029862277,0.667720401950036,0.204383335071758,832.54593449667,429.83377550333,1262.37971,"N"
"798",2018,"SNOW","EBS","ALL",102.5,0.813814534762147,0.0366070146493482,1.49371752310267,0.2459182749941,771.573230914667,176.521449085333,948.09468,"N"
"799",2018,"SNOW","EBS","ALL",107.5,0.908401218582679,0.0304515331217287,2.34835144979995,0.365891569534169,441.422229273671,44.510880726329,485.93311,"N"
"800",2018,"SNOW","EBS","ALL",112.5,0.952139805819804,0.0131536011763547,3.02864583891821,0.294757034198717,210.939280588465,10.603059411535,221.54234,"N"
"801",2018,"SNOW","EBS","ALL",117.5,0.979135390541696,0.00360448705359832,3.8639563332985,0.181315736774723,87.8737099606949,1.87252003930509,89.74623,"N"
"802",2018,"SNOW","EBS","ALL",122.5,0.989869817860231,0.00225347666988284,4.60779871116902,0.232915745706558,47.2474762762867,0.483523723713297,47.731,"N"
"803",2018,"SNOW","EBS","ALL",127.5,0.99220076412412,0.00279927494015294,4.90499204648562,0.341902743634636,24.2612236303095,0.190706369690503,24.45193,"N"
"804",2018,"SNOW","EBS","ALL",132.5,0.99596325551669,0.00205956351189265,5.67339206445851,0.557998251369762,7.96770604413352,0.0322939558664768,8,"N"
"805",2018,"SNOW","EBS","ALL",137.5,0.997701893091557,0.00117250352471593,6.71310100121488,1.36414104165257,2.99310567927467,0.00689432072532981,3,"N"
"806",2019,"SNOW","EBS","ALL",12.5,4.26013547609357e-05,4.97391786282229e-05,-11.4752563559836,1.92882803555467,0.000390193050485719,9.15877980694951,9.15917,"N"
"807",2019,"SNOW","EBS","ALL",17.5,0.000828237322720226,0.00101628315895388,-8.27725618508736,1.69295281397079,0.00165647464544045,1.99834352535456,2,"N"
"808",2019,"SNOW","EBS","ALL",22.5,0.00854309931144304,0.00927718967447525,-5.48903827253824,1.26603478468732,0.0523666358493524,6.07733336415065,6.1297,"N"
"809",2019,"SNOW","EBS","ALL",27.5,0.00453247600869613,0.00365567013560188,-5.77926269428523,0.919761577936626,0.106670417797101,23.4280195822029,23.53469,"N"
"810",2019,"SNOW","EBS","ALL",32.5,0.0113850605069435,0.00715398464016693,-4.67808440441928,0.673949137100175,0.217792791979678,18.9119072080203,19.1297,"N"
"811",2019,"SNOW","EBS","ALL",37.5,0.133655027960547,0.0147790603903332,-1.87483634950556,0.126250469782414,3.51037847221895,22.754091527781,26.26447,"N"
"812",2019,"SNOW","EBS","ALL",42.5,0.0957167827988125,0.00989732384265549,-2.25091888160166,0.113250436450814,39.6648567586119,374.733283241388,414.39814,"N"
"813",2019,"SNOW","EBS","ALL",47.5,0.114666967879585,0.0125446217883424,-2.04991815467808,0.125567450611269,298.343642850649,2303.48361714935,2601.82726,"N"
"814",2019,"SNOW","EBS","ALL",52.5,0.222086180766391,0.0144643665931901,-1.25551162700517,0.0843314394664066,1204.04992086592,4217.49371913408,5421.54364,"N"
"815",2019,"SNOW","EBS","ALL",57.5,0.321136293526643,0.0111072486753914,-0.749009386735416,0.0507721509012368,2143.59073563677,4531.42787436323,6675.01861,"N"
"816",2019,"SNOW","EBS","ALL",62.5,0.351021977582443,0.00713537682570644,-0.614694151500081,0.0312857578596255,3425.04708709899,6332.31087290101,9757.35796,"N"
"817",2019,"SNOW","EBS","ALL",67.5,0.382591260430851,0.00900819529523163,-0.478730684601524,0.038054365197815,3961.16393671525,6392.34997328475,10353.51391,"N"
"818",2019,"SNOW","EBS","ALL",72.5,0.469400226399769,0.00732912931664772,-0.122577583456027,0.0294187949411634,4986.24365843672,5636.34103156328,10622.58469,"N"
"819",2019,"SNOW","EBS","ALL",77.5,0.529237892704735,0.0074310016515716,0.117110822918935,0.029828637521765,5089.12980340182,4526.82905659818,9615.95886,"N"
"820",2019,"SNOW","EBS","ALL",82.5,0.592893629736552,0.0127348958046348,0.3762047793765,0.0529307796096259,4107.39821663802,2820.31699336198,6927.71521,"N"
"821",2019,"SNOW","EBS","ALL",87.5,0.633759228132745,0.0134169126022433,0.548827884851351,0.0579710180612518,2834.18877897711,1637.83885102289,4472.02763,"N"
"822",2019,"SNOW","EBS","ALL",92.5,0.672920374022669,0.0145397828431707,0.722191474027451,0.0665491369554796,2093.9464145195,1017.7834354805,3111.72985,"N"
"823",2019,"SNOW","EBS","ALL",97.5,0.773180623032692,0.0162785733146101,1.22862619839677,0.0915813573231589,1436.30934499703,421.35405500297,1857.6634,"N"
"824",2019,"SNOW","EBS","ALL",102.5,0.887307428768912,0.0108074602756957,2.067918646552,0.106583579509152,1018.39773140307,129.341708596929,1147.73944,"N"
"825",2019,"SNOW","EBS","ALL",107.5,0.91161704641911,0.0118658778607908,2.34180775460768,0.140708386238722,535.751850245892,51.9421297541085,587.69398,"N"
"826",2019,"SNOW","EBS","ALL",112.5,0.931847339140199,0.0100007270167428,2.62541534365462,0.151046295897822,294.876045705032,21.566394294968,316.44244,"N"
"827",2019,"SNOW","EBS","ALL",117.5,0.937646953265269,0.0109858034097976,2.72636730560699,0.191954698628467,139.089086318123,9.24935368187707,148.33844,"N"
"828",2019,"SNOW","EBS","ALL",122.5,0.964368631866031,0.0087458500119711,3.33145885703178,0.275959159753409,55.3699193440031,2.04580065599691,57.41572,"N"
"829",2019,"SNOW","EBS","ALL",127.5,0.947548918690343,0.0155040736951416,2.94796955844557,0.365896608248202,43.024017706997,2.38157229300295,45.40559,"N"
"830",2019,"SNOW","EBS","ALL",132.5,0.997693853292347,0.00117660546308835,6.23863600047209,0.582873073139446,3.99077541316939,0.00922458683061267,4,"N"
"831",2019,"SNOW","EBS","ALL",137.5,0.990443983478661,0.00487551863333644,5.04581672295119,0.901381988393205,0.990443983478661,0.00955601652133942,1,"N"
"832",2021,"SNOW","EBS","ALL",7.5,0.000451769988109157,0.000510469775233324,-9.42121727146072,2.59240323793911,0.00135530996432747,2.99864469003567,3,"N"
"833",2021,"SNOW","EBS","ALL",12.5,3.02904309757729e-06,4.06552714425487e-06,-13.0412409853723,0.984851210218015,0.000369434999904121,121.963890565,121.96426,"N"
"834",2021,"SNOW","EBS","ALL",17.5,0.000246771584014716,0.000303845647515776,-9.7533675003195,2.02451626777074,0.00718281504393809,29.0999571849561,29.10714,"N"
"835",2021,"SNOW","EBS","ALL",22.5,0.000785307504390622,0.000832905094171629,-7.97674019142899,1.37842648202427,0.00549715253073435,6.99450284746927,7,"N"
"836",2021,"SNOW","EBS","ALL",27.5,0.00267150983249505,0.00203358522307333,-6.28307091750476,0.896749269899454,0.216392296432099,80.7836077035679,81,"N"
"837",2021,"SNOW","EBS","ALL",32.5,0.0071947866332886,0.00506382773531191,-5.23507053525055,0.833921821737483,0.539608997496645,74.4603910025034,75,"N"
"838",2021,"SNOW","EBS","ALL",37.5,0.0138030774441543,0.00893507656923048,-4.46082006391447,0.625942291455776,1.03652277636034,74.0570772236397,75.0936,"N"
"839",2021,"SNOW","EBS","ALL",42.5,0.0701231219691219,0.0176919169327046,-2.61905508376614,0.287738203814659,3.30671261618274,43.8490973838173,47.15581,"N"
"840",2021,"SNOW","EBS","ALL",47.5,0.0924779391636606,0.0317373569976649,-2.3328982430223,0.339813488366335,7.35183432711748,72.1464156728825,79.49825,"N"
"841",2021,"SNOW","EBS","ALL",52.5,0.262924435729273,0.0175103560520144,-1.03281901523331,0.0918246310544812,24.5933128117374,68.9442571882626,93.53757,"N"
"842",2021,"SNOW","EBS","ALL",57.5,0.353460984571564,0.0134600475998471,-0.6043686456967,0.0590180325963984,45.7326767347463,83.6526832652537,129.38536,"N"
"843",2021,"SNOW","EBS","ALL",62.5,0.396637317378351,0.00908569558950745,-0.41964589853884,0.0380283644966347,75.2284508165823,114.437139183418,189.66559,"N"
"844",2021,"SNOW","EBS","ALL",67.5,0.40743243009769,0.0079268542815498,-0.374687936546058,0.0328091868007499,98.5463093136707,143.325230686329,241.87154,"N"
"845",2021,"SNOW","EBS","ALL",72.5,0.402299506032637,0.0108818367348609,-0.396090330805349,0.0452382772884368,179.69457323227,266.97406676773,446.66864,"N"
"846",2021,"SNOW","EBS","ALL",77.5,0.416407397214188,0.0160276820630796,-0.337887781490917,0.0658122815105864,308.209985447563,431.954544552437,740.16453,"N"
"847",2021,"SNOW","EBS","ALL",82.5,0.422860015099587,0.0198902662139416,-0.311534198221102,0.0813732403290071,420.222227011196,573.539802988804,993.76203,"N"
"848",2021,"SNOW","EBS","ALL",87.5,0.49022793737677,0.0187320714496605,-0.0391482051650561,0.0750295765664807,504.846975674489,524.973924325511,1029.8209,"N"
"849",2021,"SNOW","EBS","ALL",92.5,0.601564492605814,0.0215379128795697,0.41276128913676,0.0894826566072199,507.464063019493,336.109766980507,843.57383,"N"
"850",2021,"SNOW","EBS","ALL",97.5,0.79399097166002,0.0144684532341305,1.35140600213525,0.0879283120565943,499.110228000171,129.499221999829,628.60945,"N"
"851",2021,"SNOW","EBS","ALL",102.5,0.911681590232592,0.00532410473181101,2.3361167201883,0.0658507206470073,382.296325563375,37.0346444366248,419.33097,"N"
"852",2021,"SNOW","EBS","ALL",107.5,0.96417693105939,0.00125453954424791,3.29329514508889,0.0365327046383394,189.520941235438,7.04146876456247,196.56241,"N"
"853",2021,"SNOW","EBS","ALL",112.5,0.985935698887098,0.00158535050153243,4.25636159351801,0.11581473024055,128.664805891906,1.83539410809394,130.5002,"N"
"854",2021,"SNOW","EBS","ALL",117.5,0.97964672745191,0.00188400220621096,3.87810873597565,0.0930125631106271,32.328342005913,0.671657994086978,33,"N"
"855",2021,"SNOW","EBS","ALL",122.5,0.990913159670347,0.00364755733247455,4.78833338559177,0.465574437679749,7.92730527736278,0.0726947226372241,8,"N"
"856",2021,"SNOW","EBS","ALL",127.5,0.994367237356554,0.00172417461449871,5.22419591039855,0.329317063339745,1.98873447471311,0.0112655252868921,2,"N"
"857",2021,"SNOW","EBS","ALL",132.5,0.998471897215028,0.000779644278047028,6.90527658789044,0.913608464929154,0.998471897215028,0.00152810278497217,1,"N"
"858",2022,"SNOW","EBS","ALL",12.5,6.16687526666545e-06,8.12773908266823e-06,-12.7740442275568,1.31103018398656,0.000610520651399879,98.9993894793486,99,"N"
"859",2022,"SNOW","EBS","ALL",17.5,2.85500340451085e-05,3.83603612666001e-05,-11.4913516820388,1.46382956611276,0.00128249322433692,44.9196175067757,44.9209,"N"
"860",2022,"SNOW","EBS","ALL",22.5,4.86310603043849e-05,4.53352329471636e-05,-10.4674332406417,1.06671176423878,0.0291181449793395,598.727001855021,598.75612,"N"
"861",2022,"SNOW","EBS","ALL",27.5,0.00091236230125851,0.000862212467458711,-7.45666765738628,0.95205050634269,1.03297546615563,1131.16578453384,1132.19876,"N"
"862",2022,"SNOW","EBS","ALL",32.5,0.0053318680170065,0.00324406854778478,-5.4214360737653,0.626971935598973,12.4777444373523,2327.74230556265,2340.22005,"N"
"863",2022,"SNOW","EBS","ALL",37.5,0.0107541241140198,0.00463160864663928,-4.6264828658771,0.477797209166569,19.3413733051605,1779.16616669484,1798.50754,"N"
"864",2022,"SNOW","EBS","ALL",42.5,0.0238322018794268,0.00390566877243899,-3.72553030865326,0.164350863392793,96.3234561409239,3945.41203385908,4041.73549,"N"
"865",2022,"SNOW","EBS","ALL",47.5,0.0416555325067499,0.00573127897023052,-3.14450042523201,0.13646660682578,175.721172099214,4042.71420790079,4218.43538,"N"
"866",2022,"SNOW","EBS","ALL",52.5,0.0795711606694073,0.012565639014016,-2.45966759610993,0.164010744143838,197.368594971999,2283.035025028,2480.40362,"N"
"867",2022,"SNOW","EBS","ALL",57.5,0.139622652539095,0.0146343511090257,-1.82346109366946,0.118002329432984,195.091314430343,1202.18420556966,1397.27552,"N"
"868",2022,"SNOW","EBS","ALL",62.5,0.202575465070119,0.0157517457809396,-1.37316066105374,0.098981784465644,173.404148382489,682.593631617511,855.99778,"N"
"869",2022,"SNOW","EBS","ALL",67.5,0.298042769845142,0.0274958894875135,-0.860339850910297,0.134693456805226,143.395779954901,337.729060045099,481.12484,"N"
"870",2022,"SNOW","EBS","ALL",72.5,0.351275422195865,0.0385952896923459,-0.617838171595896,0.171453166362133,142.501816216095,263.167943783905,405.66976,"N"
"871",2022,"SNOW","EBS","ALL",77.5,0.427414894482472,0.028443214979293,-0.293332699499005,0.116178420891731,158.042170887033,211.720729112967,369.7629,"N"
"872",2022,"SNOW","EBS","ALL",82.5,0.44313623447324,0.0404376486442526,-0.229794530549663,0.163906342944331,124.238175440863,156.122954559137,280.36113,"N"
"873",2022,"SNOW","EBS","ALL",87.5,0.474350909360741,0.0267535667318135,-0.102885313672262,0.107268590202452,120.614870694847,133.658639305153,254.27351,"N"
"874",2022,"SNOW","EBS","ALL",92.5,0.570348426608499,0.0173530060440301,0.283600958843883,0.0706319992040431,113.621340127027,85.5925698729729,199.21391,"N"
"875",2022,"SNOW","EBS","ALL",97.5,0.712156413014734,0.0252957158300132,0.90915890921379,0.124554734795787,141.88927460013,57.3496453998704,199.23892,"N"
"876",2022,"SNOW","EBS","ALL",102.5,0.861154623397175,0.0148873332761772,1.83028875132894,0.122119065909938,175.210950253701,28.249549746299,203.4605,"N"
"877",2022,"SNOW","EBS","ALL",107.5,0.922189899899361,0.0137501088384865,2.48637436604344,0.178909762742684,171.857815797607,14.500564202393,186.35838,"N"
"878",2022,"SNOW","EBS","ALL",112.5,0.962119302172581,0.00955853882671396,3.26317475190261,0.243881848477036,140.272914870921,5.52284512907886,145.79576,"N"
"879",2022,"SNOW","EBS","ALL",117.5,0.973444989125883,0.00486493010323185,3.61869046993536,0.191669493973532,67.4996879287774,1.84135207122257,69.34104,"N"
"880",2022,"SNOW","EBS","ALL",122.5,0.982730296477379,0.00294764001646808,4.05488052166074,0.165258447863786,26.8631881640862,0.472071835913749,27.33526,"N"
"881",2022,"SNOW","EBS","ALL",127.5,0.984160418348807,0.00579101846275587,4.19153315974598,0.355967839589498,4.92080209174404,0.0791979082559626,5,"N"
"882",2022,"SNOW","EBS","ALL",132.5,0.998489657670364,0.000770582821242792,6.74405692247178,0.748264437234307,0.998489657670364,0.00151034232963587,1,"N"
"883",2022,"SNOW","EBS","ALL",137.5,0.990731024420472,0.0047290691732284,4.96074894393182,0.890658801238605,1.98146204884094,0.0185379511590553,2,"N"
"884",2023,"SNOW","EBS","ALL",12.5,7.8147965581743e-06,9.58230181679968e-06,-12.6435371531003,1.44695088387997,6.37741321243275e-05,8.16062622586787,8.16069,"N"
"885",2023,"SNOW","EBS","ALL",17.5,8.96785530415985e-06,1.04229072772651e-05,-12.5215310473741,1.42004155545514,0.00146883425884198,163.787331165741,163.7888,"N"
"886",2023,"SNOW","EBS","ALL",22.5,0.000118252048941739,0.000117868305389585,-9.73968506532132,1.26424963356936,0.118550141071753,1002.40226985893,1002.52082,"N"
"887",2023,"SNOW","EBS","ALL",27.5,0.000456654504118061,0.000368426995840324,-8.06650424667266,0.882122210642836,0.895023685114587,1959.06305631489,1959.95808,"N"
"888",2023,"SNOW","EBS","ALL",32.5,0.00129496385525344,0.000751948081582497,-6.81768522640668,0.584945803235243,6.22016550175742,4797.13050449824,4803.35067,"N"
"889",2023,"SNOW","EBS","ALL",37.5,0.00679081606426215,0.00267085159622266,-5.05835288272421,0.380600075899485,57.3046988926486,8381.25384110735,8438.55854,"N"
"890",2023,"SNOW","EBS","ALL",42.5,0.032978840292693,0.00490169585141466,-3.38975169513252,0.158369561111888,125.669406926563,3684.93781307344,3810.60722,"N"
"891",2023,"SNOW","EBS","ALL",47.5,0.114234219122969,0.0105216575908251,-2.05253846679316,0.107187458294297,340.632436309428,2641.24496369057,2981.8774,"N"
"892",2023,"SNOW","EBS","ALL",52.5,0.17993550545672,0.00595072400323236,-1.51729638979268,0.0401375270464796,538.536958019793,2454.40741198021,2992.94437,"N"
"893",2023,"SNOW","EBS","ALL",57.5,0.241384157280154,0.00817802217615167,-1.1456158150781,0.0445977912446897,541.46192001022,1701.69241998978,2243.15434,"N"
"894",2023,"SNOW","EBS","ALL",62.5,0.301542662164672,0.0225456323206805,-0.842175866174975,0.106452049678238,481.138212073773,1114.45097792623,1595.58919,"N"
"895",2023,"SNOW","EBS","ALL",67.5,0.32609336424339,0.0270224673534108,-0.728524953631811,0.123193670209918,199.666829967014,412.632750032986,612.29958,"N"
"896",2023,"SNOW","EBS","ALL",72.5,0.358120704972642,0.0349887711314958,-0.586773208297594,0.152317031760139,112.545655675505,201.721724324495,314.26738,"N"
"897",2023,"SNOW","EBS","ALL",77.5,0.410105380913904,0.0281644066785463,-0.364777134537171,0.116893402370177,76.0542356400125,109.396234359988,185.45047,"N"
"898",2023,"SNOW","EBS","ALL",82.5,0.417826040152938,0.0211029387596894,-0.332356406892189,0.0872523961376469,55.0059123949291,76.6419676050709,131.64788,"N"
"899",2023,"SNOW","EBS","ALL",87.5,0.43954556326948,0.0142934296826314,-0.24321298186639,0.0580973358754685,47.3579752051661,60.3850647948339,107.74304,"N"
"900",2023,"SNOW","EBS","ALL",92.5,0.50631019017033,0.0257280954623326,0.0252902026660409,0.103125872496742,72.564822008179,70.756057991821,143.32088,"N"
"901",2023,"SNOW","EBS","ALL",97.5,0.660341229225771,0.0240549961020864,0.666605747131752,0.106825286019513,93.1673459290952,47.9223540709048,141.0897,"N"
"902",2023,"SNOW","EBS","ALL",102.5,0.842552771383975,0.0129557551093985,1.68040453356048,0.094443447445098,115.079514194651,21.5048258053489,136.58434,"N"
"903",2023,"SNOW","EBS","ALL",107.5,0.93442942335895,0.0065710215651862,2.6616839975726,0.106028275611755,151.807478873249,10.6526011267512,162.46008,"N"
"904",2023,"SNOW","EBS","ALL",112.5,0.963941895875444,0.00606711501781876,3.29951767690427,0.170736768744938,138.287181497643,5.17289850235716,143.46008,"N"
"905",2023,"SNOW","EBS","ALL",117.5,0.971879592832985,0.00351953039494668,3.55053631575462,0.129237540940048,78.4598784045906,2.27016159540941,80.73004,"N"
"906",2023,"SNOW","EBS","ALL",122.5,0.985459711466253,0.00207464196363586,4.22588484644385,0.140653120456126,48.021491158139,0.708548841861052,48.73004,"N"
"907",2023,"SNOW","EBS","ALL",127.5,0.988391518842853,0.00260677005365498,4.47195699042273,0.244633322211796,15.6808512142722,0.184168785727755,15.86502,"N"
"908",2023,"SNOW","EBS","ALL",132.5,0.995365318736884,0.00159183403411087,5.42257905485736,0.32091004503727,3.98146127494754,0.0185387250524642,4,"N"
"909",2023,"SNOW","EBS","ALL",137.5,0.998125404807239,0.000779299609401872,6.37441746264432,0.45800356317408,0.998125404807239,0.0018745951927609,1,"N"
"910",2024,"SNOW","EBS","ALL",12.5,9.01271376524951e-05,0.000112624119221873,-11.0874166622826,2.23314966187475,0.00018025427530499,1.9998197457247,2,"N"
"911",2024,"SNOW","EBS","ALL",17.5,5.34517341770353e-05,6.07455222076447e-05,-11.1703222218093,1.91705051557797,0.00154906653459504,28.9791109334654,28.98066,"N"
"912",2024,"SNOW","EBS","ALL",22.5,6.43270516444734e-05,8.3575731710018e-05,-10.6418638745338,1.43210975097281,0.00850633656276619,132.227253663437,132.23576,"N"
"913",2024,"SNOW","EBS","ALL",27.5,0.000794197952086182,0.000615624081412957,-7.49179393381316,0.918646004544008,0.995340011960539,1252.26904998804,1253.26439,"N"
"914",2024,"SNOW","EBS","ALL",32.5,0.00163670175847067,0.00123254811576535,-6.65961854665674,0.694265474104035,11.1533841187133,6803.39548588129,6814.54887,"N"
"915",2024,"SNOW","EBS","ALL",37.5,0.00442001496681994,0.00185035773390028,-5.48832891753,0.361957129909525,39.5508936307355,8908.58478636926,8948.13568,"N"
"916",2024,"SNOW","EBS","ALL",42.5,0.0204609375530841,0.00351905880702299,-3.88251124673363,0.169369574555897,209.98459027463,10052.7215897254,10262.70618,"N"
"917",2024,"SNOW","EBS","ALL",47.5,0.0654215298403936,0.00555227184196083,-2.66271916194747,0.0894008444415162,856.891896551414,12241.1187834486,13098.01068,"N"
"918",2024,"SNOW","EBS","ALL",52.5,0.134135659129681,0.00895100247794051,-1.86697608888249,0.0758379096528027,1601.15038164317,10335.6484683568,11936.79885,"N"
"919",2024,"SNOW","EBS","ALL",57.5,0.21077425424397,0.0168300367748839,-1.32316779572557,0.100645421915081,1502.46646269242,5625.85415730758,7128.32062,"N"
"920",2024,"SNOW","EBS","ALL",62.5,0.273920874392958,0.0142589658103949,-0.975992756048134,0.0721976707811314,1688.58359488777,4475.91043511223,6164.49403,"N"
"921",2024,"SNOW","EBS","ALL",67.5,0.300457258815991,0.0144537241963973,-0.846088961453497,0.0695470236922649,1104.04084872918,2570.49460127082,3674.53545,"N"
"922",2024,"SNOW","EBS","ALL",72.5,0.323758715153023,0.020417065824734,-0.738130310438507,0.0943125443471872,696.206959563267,1454.18136043673,2150.38832,"N"
"923",2024,"SNOW","EBS","ALL",77.5,0.35537768849698,0.0207719737919436,-0.596706453422132,0.0913984273846148,596.406397271838,1081.82613272816,1678.23253,"N"
"924",2024,"SNOW","EBS","ALL",82.5,0.388753069142545,0.0229826421744959,-0.453631304227001,0.0973225574684852,408.313234241882,642.001905758118,1050.31514,"N"
"925",2024,"SNOW","EBS","ALL",87.5,0.389306437479817,0.0182073278696645,-0.450875271409838,0.0766636494066981,213.031955202378,334.176964797622,547.20892,"N"
"926",2024,"SNOW","EBS","ALL",92.5,0.462322623459208,0.0210699483152669,-0.151268845073179,0.0848488303860976,147.350911761771,171.367888238229,318.7188,"N"
"927",2024,"SNOW","EBS","ALL",97.5,0.599050527828585,0.0159270512485756,0.401928312603764,0.0661248661106637,117.497243363834,78.6418766361658,196.13912,"N"
"928",2024,"SNOW","EBS","ALL",102.5,0.783600715491202,0.0137706352801769,1.2885872563465,0.0803144998843958,107.475179277582,29.6803607224178,137.15554,"N"
"929",2024,"SNOW","EBS","ALL",107.5,0.882009163055513,0.00939701090725191,2.01481814570894,0.0927558870630924,93.4929712838844,12.5070287161156,106,"N"
"930",2024,"SNOW","EBS","ALL",112.5,0.939471676387799,0.00595086456206607,2.74735929755131,0.110412583770043,127.768147988741,8.23185201125929,136,"N"
"931",2024,"SNOW","EBS","ALL",117.5,0.946509781606081,0.00517390794132868,2.87804168869003,0.104236378220166,108.049335234524,6.10620476547572,114.15554,"N"
"932",2024,"SNOW","EBS","ALL",122.5,0.961110967332519,0.00532211918159986,3.2165248102761,0.140947860510173,45.1722154646284,1.82778453537158,47,"N"
"933",2024,"SNOW","EBS","ALL",127.5,0.97287556488962,0.0092038876132287,3.62700520337225,0.303401769467103,14.5931334733443,0.406866526655696,15,"N"
"934",2024,"SNOW","EBS","ALL",132.5,0.997917986585682,0.000754056989987705,6.24227610348595,0.383135818715128,2.99375395975705,0.00624604024295428,3,"N"
"935",2025,"SNOW","EBS","ALL",7.5,2.69309969894998e-06,3.4263737635519e-06,-13.0742284443766,0.928659915541605,1.22753638757899e-05,4.55806772463612,4.55808,"N"
"936",2025,"SNOW","EBS","ALL",17.5,1.23552233182367e-05,1.53077895593888e-05,-12.4424631293518,1.6401979131379,5.63160963023882e-05,4.5580236839037,4.55808,"N"
"937",2025,"SNOW","EBS","ALL",22.5,1.50153272437473e-05,1.85915546961938e-05,-12.0808133764495,1.44235115929753,1.50153272437473e-05,0.999984984672756,1,"N"
"938",2025,"SNOW","EBS","ALL",27.5,0.000517149028829596,0.00070446444388914,-8.42685290127265,1.2712884688827,0.324450783243184,627.059079216757,627.38353,"N"
"939",2025,"SNOW","EBS","ALL",32.5,0.000688038602887315,0.000595187732391936,-7.58287613801688,0.739860763874325,0.972835532018329,1412.95296446798,1413.9258,"N"
"940",2025,"SNOW","EBS","ALL",37.5,0.0050457013941253,0.00268121868522797,-5.39164441633003,0.436821425529783,15.9196134024639,3139.16471659754,3155.08433,"N"
"941",2025,"SNOW","EBS","ALL",42.5,0.0250568098782789,0.004703573245061,-3.67875978709223,0.192935123959706,214.53854302257,8347.54673697743,8562.08528,"N"
"942",2025,"SNOW","EBS","ALL",47.5,0.0762258172775027,0.00639124320335794,-2.49819022996795,0.0900800796239683,970.449356897995,11760.793043102,12731.2424,"N"
"943",2025,"SNOW","EBS","ALL",52.5,0.168650509899533,0.0109842222808322,-1.59721093054822,0.0777174209489912,1877.59086410433,9255.43722589567,11133.02809,"N"
"944",2025,"SNOW","EBS","ALL",57.5,0.266576919175986,0.00912890444047523,-1.01255592600645,0.0463744036915095,3035.39865127514,8351.17847872486,11386.57713,"N"
"945",2025,"SNOW","EBS","ALL",62.5,0.348490164717855,0.00559193980875522,-0.625772870942126,0.024584718380638,3906.59968444334,7303.47187555666,11210.07156,"N"
"946",2025,"SNOW","EBS","ALL",67.5,0.392180809778222,0.0107079676028878,-0.438367857190819,0.0448664955879582,3992.12472865538,6187.17173134462,10179.29646,"N"
"947",2025,"SNOW","EBS","ALL",72.5,0.458158553571164,0.0172473440147976,-0.167948758754826,0.0694411711014328,2226.56858746428,2633.25247253572,4859.82106,"N"
"948",2025,"SNOW","EBS","ALL",77.5,0.511663046329508,0.0142617582200247,0.0466942411396661,0.0570950407810314,1483.02111976154,1415.41200023846,2898.43312,"N"
"949",2025,"SNOW","EBS","ALL",82.5,0.513543474645602,0.0106774461098545,0.0542122155300396,0.0427547273525461,1504.43590552096,1425.08414447904,2929.52005,"N"
"950",2025,"SNOW","EBS","ALL",87.5,0.524897266129884,0.0143662193847456,0.0997612579695085,0.057681860789826,784.050499676554,709.671320323446,1493.72182,"N"
"951",2025,"SNOW","EBS","ALL",92.5,0.588496863936181,0.026435182736717,0.35878678887212,0.109167646347404,472.221983117914,330.198576882086,802.42056,"N"
"952",2025,"SNOW","EBS","ALL",97.5,0.686190078082305,0.0236454891656003,0.784681707065056,0.111176589725348,346.634537840016,158.523652159984,505.15819,"N"
"953",2025,"SNOW","EBS","ALL",102.5,0.795317475490383,0.0166192295650443,1.36048301345457,0.104660394612852,292.954166137339,75.3945438626608,368.34871,"N"
"954",2025,"SNOW","EBS","ALL",107.5,0.910503822741373,0.0114925259898461,2.32813519940956,0.143734457448376,229.594892886907,22.5675771130933,252.16247,"N"
"955",2025,"SNOW","EBS","ALL",112.5,0.936460586745144,0.0138687031643054,2.71530170718521,0.242065528060493,142.326304741222,9.65692525877782,151.98323,"N"
"956",2025,"SNOW","EBS","ALL",117.5,0.962484888214827,0.0112613507909265,3.28952879785656,0.312710583694878,72.5369228620976,2.82729713790241,75.36422,"N"
"957",2025,"SNOW","EBS","ALL",122.5,0.963064932134195,0.00414567802254651,3.26725912746744,0.117453242068753,32.9195914473536,1.26251855264643,34.18211,"N"
"958",2025,"SNOW","EBS","ALL",127.5,0.979150260243301,0.00953912721962845,3.95408019358266,0.467995763355277,7.83320208194641,0.166797918053594,8,"N"
"959",2025,"SNOW","EBS","ALL",132.5,0.924423412796089,0.0385594832673015,2.70600298958143,0.719031905522303,2.77327023838827,0.226729761611733,3,"N"
"960",2025,"SNOW","EBS","ALL",137.5,0.91661005597679,0.0425458898077603,2.67481812736865,0.934460641600809,0.91661005597679,0.0833899440232101,1,"N"
"961",2025,"SNOW","EBS","ALL",147.5,0.966768278066052,0.0169549601703814,3.95970003251946,1.54986218326293,2.90030483419816,0.0996951658018426,3,"N"
