"","YEAR","SPECIES","REGION","DISTRICT","SIZE_5MM","PROP_MATURE","PROP_MATURE_SD","PROP_MATURE_LOGIT","PROP_MATURE_LOGIT_SD","NUM_MATURE","NUM_IMMATURE","TOTAL_CRAB","INTERPOLATED"
"1",1990,"TANNER","EBS","ALL",17.5,0.0010078058725195,0.00152470337915454,-8.47061040355398,2.09599642278562,0.00302341761755849,2.99697658238244,3,"N"
"2",1990,"TANNER","EBS","ALL",22.5,0.000901089047104122,0.00122827103795125,-8.13052561104883,1.63539763327818,0.0108130685652495,11.9891869314347,12,"N"
"3",1990,"TANNER","EBS","ALL",27.5,0.00110347310586535,0.00119287900713995,-7.38966872268959,1.15290301519506,0.0550281071906041,49.8130718928094,49.8681,"N"
"4",1990,"TANNER","EBS","ALL",32.5,0.00206389843906176,0.00205169205971096,-6.64893783823738,1.00217355357045,0.433375330335749,209.545624669664,209.979,"N"
"5",1990,"TANNER","EBS","ALL",37.5,0.0026286046642446,0.00215268431140932,-6.28978556958837,0.883468559081271,0.970321548596453,368.169078451403,369.1394,"N"
"6",1990,"TANNER","EBS","ALL",42.5,0.00469068501093606,0.0032988443377322,-5.63829970573048,0.787998095366317,3.2998467148639,700.189453285136,703.4893,"N"
"7",1990,"TANNER","EBS","ALL",47.5,0.0074800984162976,0.00434427078741711,-5.05933500082756,0.599818261779214,4.10278910074874,544.391210899251,548.494,"N"
"8",1990,"TANNER","EBS","ALL",52.5,0.0102314473246266,0.0041798883049218,-4.64467921816083,0.374886776164776,4.48979747876883,434.333502521231,438.8233,"N"
"9",1990,"TANNER","EBS","ALL",57.5,0.0139605458239465,0.00364832522191442,-4.28739722914254,0.241921133890683,10.7379101786017,758.423289821398,769.1612,"N"
"10",1990,"TANNER","EBS","ALL",62.5,0.0175157112467215,0.00333633205130214,-4.04374832158181,0.184189279287419,12.6123577856009,707.447342214399,720.0597,"N"
"11",1990,"TANNER","EBS","ALL",67.5,0.0248289794350609,0.0035685415479629,-3.68103847682217,0.149431240316428,13.4850259264443,529.631374073556,543.1164,"N"
"12",1990,"TANNER","EBS","ALL",72.5,0.0385405110093087,0.00591987435113828,-3.2281017117198,0.156690010882897,26.216600652366,654.018299347634,680.2349,"N"
"13",1990,"TANNER","EBS","ALL",77.5,0.0681836012763693,0.012023377533459,-2.62908759958974,0.178999190423258,46.5523333163607,636.197366683639,682.7497,"N"
"14",1990,"TANNER","EBS","ALL",82.5,0.124181154987022,0.0150202914054046,-1.96075224572053,0.140945790573274,88.3180720608125,622.885427939187,711.2035,"N"
"15",1990,"TANNER","EBS","ALL",87.5,0.229145732350193,0.0288073891476943,-1.22138218453625,0.174868943236074,140.695502577592,473.304597422408,614.0001,"N"
"16",1990,"TANNER","EBS","ALL",92.5,0.294054496462981,0.0293651424755032,-0.880301727284682,0.14684147086467,154.81295853979,371.66414146021,526.4771,"N"
"17",1990,"TANNER","EBS","ALL",97.5,0.309409071047778,0.0240944899590035,-0.805522712370169,0.116259393012207,161.588206654746,360.659593345254,522.2478,"N"
"18",1990,"TANNER","EBS","ALL",102.5,0.31718961307976,0.0257274944086051,-0.769595110919713,0.123221861390245,186.213870066071,400.860429933929,587.0743,"N"
"19",1990,"TANNER","EBS","ALL",107.5,0.388776405922982,0.0204102718856003,-0.453332982114559,0.0868234472540339,182.144273221556,286.362226778444,468.5065,"N"
"20",1990,"TANNER","EBS","ALL",112.5,0.484036152524265,0.0187390652356771,-0.0639535456091056,0.0750702912190055,201.603332496273,214.901367503727,416.5047,"N"
"21",1990,"TANNER","EBS","ALL",117.5,0.619925106810992,0.0151471009373697,0.48974659821028,0.0648037919360977,278.842313043584,170.957686956416,449.8,"N"
"22",1990,"TANNER","EBS","ALL",122.5,0.697538147495248,0.0156573573387846,0.836703705760313,0.0747190183409038,310.386688412624,134.587811587376,444.9745,"N"
"23",1990,"TANNER","EBS","ALL",127.5,0.737154661171966,0.014791296326285,1.03260677178717,0.0764616973938784,345.864710889681,123.324089110319,469.1888,"N"
"24",1990,"TANNER","EBS","ALL",132.5,0.769130249555338,0.0196358480116322,1.20653006262067,0.108400167844884,353.790146841286,106.197153158714,459.9873,"N"
"25",1990,"TANNER","EBS","ALL",137.5,0.850266294142663,0.0199745176666305,1.74511090685019,0.155531970053269,373.12303807166,65.7077619283399,438.8308,"N"
"26",1990,"TANNER","EBS","ALL",142.5,0.922993330165639,0.0160460038564284,2.50908761088515,0.25412797309665,247.502968967241,20.6495310327585,268.1525,"N"
"27",1990,"TANNER","EBS","ALL",147.5,0.977831675074006,0.00651108947001329,3.85123080179821,0.405519721066255,254.596664274674,5.77193572532616,260.3686,"N"
"28",1990,"TANNER","EBS","ALL",152.5,0.988789725553364,0.00477158132915478,4.62958269648801,0.634127673775636,179.733000566643,2.03769943335715,181.7707,"N"
"29",1990,"TANNER","EBS","ALL",157.5,0.995726242918645,0.00218048830681396,5.70280278845608,0.836034695687981,133.047745707298,0.5710542927022,133.6188,"N"
"30",1990,"TANNER","EBS","ALL",162.5,0.998393495315227,0.000819645247333374,6.79964245786133,1.02787290286885,74.8235022735548,0.120397726445191,74.9439,"N"
"31",1990,"TANNER","EBS","ALL",167.5,0.999348811781315,0.00033223888708426,7.87291135724357,1.25857909215129,68.335871489131,0.0445285108689717,68.3804,"N"
"32",1990,"TANNER","EBS","ALL",172.5,0.99979953000356,0.000102280610428668,9.18375070617946,1.43090536214224,34.9631895241305,0.00701047586951375,34.9702,"N"
"33",1990,"TANNER","EBS","ALL",177.5,0.999891706729506,5.52516686194432e-05,9.97597683893331,1.6954813064694,9.99891706729506,0.00108293270494109,10,"N"
"34",1990,"TANNER","EBS","ALL",182.5,0.999951502253331,2.47437483004176e-05,10.8416300495109,1.71966160444322,2.99985450675999,0.000145493240006456,3,"N"
"35",1990,"TANNER","EBS","E166",17.5,0.000545775956677259,0.000877375992919524,-8.8700978926727,1.69856977584805,0.000545775956677259,0.999454224043323,1,"N"
"36",1990,"TANNER","EBS","E166",22.5,0.000761117358762976,0.00115361594215801,-8.31289581615546,1.52266236427386,0.00532782151134083,6.99467217848866,7,"N"
"37",1990,"TANNER","EBS","E166",27.5,0.000562047490282915,0.00061545492256635,-8.11725259831111,1.23098896380947,0.0141694420490284,25.196230557951,25.2104,"N"
"38",1990,"TANNER","EBS","E166",32.5,0.000985133187605074,0.000852455082154881,-7.36890950826271,1.01398026086552,0.0638774150707757,64.7775225849292,64.8414,"N"
"39",1990,"TANNER","EBS","E166",37.5,0.00197902693028355,0.00126361418015331,-6.54533940994697,0.925062607981329,0.376995724597829,190.118504275402,190.4955,"N"
"40",1990,"TANNER","EBS","E166",42.5,0.003609845297143,0.00257412486777431,-5.98749452177176,0.964853982184225,1.31441939648742,362.806280603513,364.1207,"N"
"41",1990,"TANNER","EBS","E166",47.5,0.00554387877809837,0.00375466603301195,-5.47472910377409,0.813283834783263,1.23683381151497,221.862166188485,223.099,"N"
"42",1990,"TANNER","EBS","E166",52.5,0.0083291283958482,0.00367136732171346,-4.88575307613159,0.475938722182014,2.19003853175766,260.747261468242,262.9373,"N"
"43",1990,"TANNER","EBS","E166",57.5,0.0110805964469248,0.00394745862457097,-4.55535109906816,0.363856451321099,5.79542895665283,517.229571043347,523.025,"N"
"44",1990,"TANNER","EBS","E166",62.5,0.0131617874783079,0.00324635191884314,-4.34626700507144,0.242769180576309,5.71818726856455,428.735512731436,434.4537,"N"
"45",1990,"TANNER","EBS","E166",67.5,0.0164796143495972,0.00298799213431132,-4.10488129914505,0.180512630250609,5.33142880369291,318.185171196307,323.5166,"N"
"46",1990,"TANNER","EBS","E166",72.5,0.0308548918187491,0.00647735725394338,-3.46945821767799,0.220442411271575,11.8878004893303,373.39309951067,385.2809,"N"
"47",1990,"TANNER","EBS","E166",77.5,0.0482330562034228,0.0112335249190309,-3.01175906378104,0.261923226314242,17.9123824318494,353.459117568151,371.3715,"N"
"48",1990,"TANNER","EBS","E166",82.5,0.0913181598198279,0.0118726409268246,-2.30618793626111,0.145837944243295,27.3462639850694,272.115136014931,299.4614,"N"
"49",1990,"TANNER","EBS","E166",87.5,0.162840870477646,0.0269739221898478,-1.65059958628442,0.200266818269924,40.4996480897967,208.207251910203,248.7069,"N"
"50",1990,"TANNER","EBS","E166",92.5,0.191501469572366,0.0245785300262823,-1.44820704344024,0.161088230623225,37.7323005557216,159.301699444278,197.034,"N"
"51",1990,"TANNER","EBS","E166",97.5,0.207346654105409,0.0262237206031535,-1.34823168852449,0.158000657935548,49.2045636298073,188.101236370193,237.3058,"N"
"52",1990,"TANNER","EBS","E166",102.5,0.226165012781571,0.0238046260207657,-1.23518471669921,0.136995862213801,57.1637950095754,195.588804990425,252.7526,"N"
"53",1990,"TANNER","EBS","E166",107.5,0.303016050232805,0.0152543065488495,-0.833998931273674,0.0723244425797788,57.6585606736086,132.623639326391,190.2822,"N"
"54",1990,"TANNER","EBS","E166",112.5,0.39926946073933,0.0194102804315525,-0.40918279495761,0.0812471652685526,62.481837618882,94.0085623811179,156.4904,"N"
"55",1990,"TANNER","EBS","E166",117.5,0.5619451843937,0.0105709473322114,0.249170193351996,0.0428987196031853,97.2529309480588,75.8118690519412,173.0648,"N"
"56",1990,"TANNER","EBS","E166",122.5,0.639504655868617,0.0122027945508422,0.573621717981067,0.0534491749611033,108.357157286654,61.0820427133463,169.4392,"N"
"57",1990,"TANNER","EBS","E166",127.5,0.668218946785778,0.0166707838671575,0.70110528932159,0.0756594332497182,103.158371388789,51.2197286112105,154.3781,"N"
"58",1990,"TANNER","EBS","E166",132.5,0.71482930181513,0.0240813740823705,0.9217062621582,0.115091078164489,146.052207356543,58.2653926434569,204.3176,"N"
"59",1990,"TANNER","EBS","E166",137.5,0.807517977647311,0.0295333066434195,1.44431215612172,0.184088746550242,130.085170565947,31.0074294340528,161.0926,"N"
"60",1990,"TANNER","EBS","E166",142.5,0.91089110099049,0.0182906132183368,2.34829994973572,0.247580724671523,140.15225529348,13.7105447065204,153.8628,"N"
"61",1990,"TANNER","EBS","E166",147.5,0.975182334852463,0.00723814495208667,3.73465615485561,0.403093600177574,128.289136879181,3.26486312081911,131.554,"N"
"62",1990,"TANNER","EBS","E166",152.5,0.986917408482888,0.005497383566376,4.46903940675936,0.625236101397099,92.7702363973915,1.22976360260854,94,"N"
"63",1990,"TANNER","EBS","E166",157.5,0.994898344563495,0.00260288542678826,5.52570522183628,0.837706447612003,92.6633394651271,0.475160534872913,93.1385,"N"
"64",1990,"TANNER","EBS","E166",162.5,0.998175869699672,0.000930678724656983,6.67141698393959,1.02711500421642,57.5002204268105,0.105079573189464,57.6053,"N"
"65",1990,"TANNER","EBS","E166",167.5,0.999298436209008,0.000357940709689603,7.79638461204839,1.25508902700213,54.9614139914955,0.038586008504538,55,"N"
"66",1990,"TANNER","EBS","E166",172.5,0.999784570577065,0.000109912970885181,9.1077529132217,1.42737754617712,26.9941834055808,0.00581659441924387,27,"N"
"67",1990,"TANNER","EBS","E166",177.5,0.999891706729506,5.52516686194432e-05,9.97597683893407,1.69548130647084,9.99891706729506,0.00108293270494109,10,"N"
"68",1990,"TANNER","EBS","E166",182.5,0.999951502253331,2.47437483004176e-05,10.8416300495109,1.71966160444322,2.99985450675999,0.000145493240006456,3,"N"
"69",1990,"TANNER","EBS","W166",17.5,0.00123882083044062,0.00184983537823232,-8.3920769541569,2.2987934266369,0.00247764166088123,1.99752235833912,2,"N"
"70",1990,"TANNER","EBS","W166",22.5,0.00109704941078173,0.00136385434642148,-7.99833687850993,1.78902992342186,0.00548524705390863,4.99451475294609,5,"N"
"71",1990,"TANNER","EBS","W166",27.5,0.00172224523795957,0.00185325867969998,-6.92740381875076,1.12829923671481,0.0424666064040357,24.615233393596,24.6577,"N"
"72",1990,"TANNER","EBS","W166",32.5,0.00259748125161023,0.00266349300540377,-6.43501761670406,1.01307414362768,0.376992194903704,144.760607805096,145.1376,"N"
"73",1990,"TANNER","EBS","W166",37.5,0.00323968890285981,0.00310123170873727,-6.12751981465113,0.886102305146158,0.578750660393598,178.065149339606,178.6439,"N"
"74",1990,"TANNER","EBS","W166",42.5,0.005847284517752,0.00473701946859167,-5.41587201778784,0.73222921327295,1.98438476059117,337.384215239409,339.3686,"N"
"75",1990,"TANNER","EBS","W166",47.5,0.00889630478023761,0.00558355173290822,-4.87384361317861,0.550584026824195,2.89481309396542,322.500186906035,325.395,"N"
"76",1990,"TANNER","EBS","W166",52.5,0.01182408642779,0.00527598708773831,-4.50091817017536,0.367206817113444,2.07969126543826,173.806308734562,175.886,"N"
"77",1990,"TANNER","EBS","W166",57.5,0.017454254904268,0.00428653242439862,-4.05585928530654,0.220750790900205,4.29612397596789,241.840076024032,246.1362,"N"
"78",1990,"TANNER","EBS","W166",62.5,0.0234507968047169,0.00527507512628932,-3.75319584099087,0.22324792909235,6.69768827220797,278.908311727792,285.606,"N"
"79",1990,"TANNER","EBS","W166",67.5,0.0351396047754991,0.00829783910844989,-3.34453470738275,0.271294573984173,7.71665018077866,211.883149819221,219.5998,"N"
"80",1990,"TANNER","EBS","W166",72.5,0.0476540594483876,0.0102783956959451,-3.01788974138313,0.226055357029319,14.0557554505397,280.89824454946,294.954,"N"
"81",1990,"TANNER","EBS","W166",77.5,0.0922509254913523,0.0175831647323476,-2.30245001850136,0.195392692104469,28.7249271278314,282.653272872169,311.3782,"N"
"82",1990,"TANNER","EBS","W166",82.5,0.15672815981607,0.0254573833080876,-1.69561351222536,0.194588531294948,64.5315816518043,347.210518348196,411.7421,"N"
"83",1990,"TANNER","EBS","W166",87.5,0.285090459555155,0.0434173444168346,-0.929918786055935,0.220718421221265,104.141606260373,261.151593739627,365.2932,"N"
"84",1990,"TANNER","EBS","W166",92.5,0.36961988469817,0.0484661097451763,-0.539670361149926,0.210463076921728,121.768720636608,207.674379363392,329.4431,"N"
"85",1990,"TANNER","EBS","W166",97.5,0.417205331638596,0.0439251922773596,-0.337108709504491,0.182114673175558,118.879321607765,166.062678392235,284.942,"N"
"86",1990,"TANNER","EBS","W166",102.5,0.414976040828671,0.0380812121748114,-0.345790816956864,0.159214939881721,138.735495429111,195.586204570889,334.3217,"N"
"87",1990,"TANNER","EBS","W166",107.5,0.491135540133839,0.0401490057205145,-0.0356810872042728,0.161238577652896,136.645841858859,141.578458141141,278.2243,"N"
"88",1990,"TANNER","EBS","W166",112.5,0.579304912317953,0.0260333699169672,0.320792405962328,0.106771445406261,150.627561262914,109.386738737086,260.0143,"N"
"89",1990,"TANNER","EBS","W166",117.5,0.692673500032689,0.0254793505228328,0.815633097642992,0.123178044808237,191.687139566246,85.0480604337537,276.7352,"N"
"90",1990,"TANNER","EBS","W166",122.5,0.772824839335202,0.0276963978520467,1.23172291377817,0.165117046913902,212.940523953677,62.5947760463234,275.5353,"N"
"91",1990,"TANNER","EBS","W166",127.5,0.825517713248808,0.0177627629988841,1.55897492129833,0.121621962279586,259.881809170256,54.9288908297436,314.8107,"N"
"92",1990,"TANNER","EBS","W166",132.5,0.872533118124458,0.0161743134125502,1.93118655140467,0.14341966943735,223.080280550945,32.5894194490554,255.6697,"N"
"93",1990,"TANNER","EBS","W166",137.5,0.925584756539236,0.00913304840372525,2.52851785420384,0.136704349470861,257.070244228646,20.6679557713544,277.7382,"N"
"94",1990,"TANNER","EBS","W166",142.5,0.966089073082022,0.0108159114603521,3.41572298949167,0.403902160521806,110.414030335822,3.87566966417759,114.2897,"N"
"95",1990,"TANNER","EBS","W166",147.5,0.988027620775097,0.00487707285445304,4.51409774396638,0.482572925493803,127.272382759096,1.54221724090425,128.8146,"N"
"96",1990,"TANNER","EBS","W166",152.5,0.99644180401531,0.00181540611463792,5.91668519670292,0.853776836299137,87.4583946476865,0.312305352313459,87.7707,"N"
"97",1990,"TANNER","EBS","W166",157.5,0.999353226188824,0.000329986638355189,7.58612502493009,0.805765993272974,40.4541184020914,0.026181597908554,40.4803,"N"
"98",1990,"TANNER","EBS","W166",162.5,0.999771790880403,0.000116433224284116,8.81377086798394,1.07790139471691,17.334643173359,0.00395682664104058,17.3386,"N"
"99",1990,"TANNER","EBS","W166",167.5,0.999902943076686,4.95188384256057e-05,10.0623201492658,1.77105559192546,13.3791013395433,0.00129866045671356,13.3804,"N"
"100",1990,"TANNER","EBS","W166",172.5,0.999934164842012,3.35893663202796e-05,10.4475195717399,1.54367107857482,7.96967528062381,0.000524719376193694,7.9702,"N"
"101",1991,"TANNER","EBS","ALL",7.5,3.82461208871848e-05,3.41498935383828e-05,-10.9498383699376,1.60699832927312,3.82461208871848e-05,0.999961753879113,1,"N"
"102",1991,"TANNER","EBS","ALL",12.5,0.00092630268518137,0.00117122534844168,-8.06604155283028,1.79032896922881,0.00185260537036274,1.99814739462964,2,"N"
"103",1991,"TANNER","EBS","ALL",17.5,0.00127356232235237,0.00164336499814431,-7.82061001997689,1.84810322556649,0.10188498578819,79.8981150142118,80,"N"
"104",1991,"TANNER","EBS","ALL",22.5,0.00203001369215272,0.00221709656726185,-7.02437681736789,1.57412098091409,0.346205437106278,170.197194562894,170.5434,"N"
"105",1991,"TANNER","EBS","ALL",27.5,0.0016870650542955,0.0014185201447333,-6.96387277407847,1.30071815092194,0.187080668348893,110.704119331651,110.8912,"N"
"106",1991,"TANNER","EBS","ALL",32.5,0.00185716300851274,0.00144647221458607,-6.73173551306235,1.08183117199958,0.520960224169943,279.99303977583,280.514,"N"
"107",1991,"TANNER","EBS","ALL",37.5,0.0025673472606281,0.00157386016987659,-6.23791944515393,0.837267745382876,0.36019702352304,139.939102976477,140.2993,"N"
"108",1991,"TANNER","EBS","ALL",42.5,0.00402438214482267,0.00221875890720536,-5.71815573915028,0.70242103356066,1.77161632486134,438.449083675139,440.2207,"N"
"109",1991,"TANNER","EBS","ALL",47.5,0.00416459947181914,0.00209623782176104,-5.61554403806908,0.549342939576011,3.61147527774985,863.57282472225,867.1843,"N"
"110",1991,"TANNER","EBS","ALL",52.5,0.00875663887833194,0.0029012205698751,-4.78918243518596,0.359506959264314,5.37642915976265,608.606770840237,613.9832,"N"
"111",1991,"TANNER","EBS","ALL",57.5,0.0227510050617681,0.00584520119567671,-3.79693200136365,0.286233553612052,8.87684154856829,381.296758451432,390.1736,"N"
"112",1991,"TANNER","EBS","ALL",62.5,0.0293829436027408,0.00516777137856665,-3.51504866728357,0.1999849853776,8.93787126786022,295.24782873214,304.1857,"N"
"113",1991,"TANNER","EBS","ALL",67.5,0.0337305488214104,0.00376342208878767,-3.36117249539407,0.115011040229169,11.1870704490541,320.472829550946,331.6599,"N"
"114",1991,"TANNER","EBS","ALL",72.5,0.0385418764680233,0.00401181317636382,-3.2224797537779,0.114145930889971,17.8829527618946,446.104647238105,463.9876,"N"
"115",1991,"TANNER","EBS","ALL",77.5,0.0555172973273465,0.00420352217346277,-2.83682970698091,0.0812269297614637,35.1894279452087,598.656772054791,633.8462,"N"
"116",1991,"TANNER","EBS","ALL",82.5,0.0953842991726241,0.00762900061261967,-2.25270802465977,0.0879592217364652,67.3693677382593,638.924732261741,706.2941,"N"
"117",1991,"TANNER","EBS","ALL",87.5,0.194200405910349,0.00759936463368219,-1.4236593781278,0.0485480607668745,127.775866032286,530.182933967714,657.9588,"N"
"118",1991,"TANNER","EBS","ALL",92.5,0.261000379929987,0.00762518601543808,-1.04114151846813,0.0393386298122052,151.811366886999,429.840533113001,581.6519,"N"
"119",1991,"TANNER","EBS","ALL",97.5,0.301903762617571,0.0068115051106393,-0.838459240371491,0.0325900521493066,157.618882479422,364.464317520578,522.0832,"N"
"120",1991,"TANNER","EBS","ALL",102.5,0.273517618492076,0.00705169933637612,-0.977128817434489,0.0353781097991561,164.028953437887,435.672646562113,599.7016,"N"
"121",1991,"TANNER","EBS","ALL",107.5,0.30426277058047,0.0119068606664817,-0.827711694427053,0.0567538550239785,145.282795439793,332.208404560207,477.4912,"N"
"122",1991,"TANNER","EBS","ALL",112.5,0.412467843323005,0.0144464069150731,-0.35408833130407,0.0597534717703716,196.474520020637,279.864479979363,476.339,"N"
"123",1991,"TANNER","EBS","ALL",117.5,0.455812209249021,0.019014366091763,-0.177462088933342,0.0766425815216037,209.657708408447,250.307391591553,459.9651,"N"
"124",1991,"TANNER","EBS","ALL",122.5,0.499545609315126,0.0283691719585454,-0.00181987333100799,0.113648830258776,250.591060365621,251.046939634379,501.638,"N"
"125",1991,"TANNER","EBS","ALL",127.5,0.609743332794666,0.0287259463239023,0.447854952993657,0.121220242557013,294.238291442394,188.322608557606,482.5609,"N"
"126",1991,"TANNER","EBS","ALL",132.5,0.697299553734364,0.0187947165915406,0.835992150248897,0.0885130567255526,274.398740377198,119.117559622802,393.5163,"N"
"127",1991,"TANNER","EBS","ALL",137.5,0.818380686525967,0.0118443806699563,1.5074093443835,0.0794552464906524,240.501133224406,53.3732667755935,293.8744,"N"
"128",1991,"TANNER","EBS","ALL",142.5,0.871251692318384,0.0167587534031646,1.92019297593452,0.148263706311907,186.046563626652,27.4928363733478,213.5394,"N"
"129",1991,"TANNER","EBS","ALL",147.5,0.9573709830777,0.0147254797214857,3.18039983072179,0.402795921115915,122.527497738528,5.45580226147182,127.9833,"N"
"130",1991,"TANNER","EBS","ALL",152.5,0.986198410920058,0.00523853303715148,4.35776523629685,0.454148972281383,113.043387331076,1.58201266892394,114.6254,"N"
"131",1991,"TANNER","EBS","ALL",157.5,0.994713594533308,0.00269714564627166,5.44731733436137,0.714283420007745,80.6368554262804,0.428544573719606,81.0654,"N"
"132",1991,"TANNER","EBS","ALL",162.5,0.996906335084245,0.00157840046722206,6.15437572056885,1.00132038652689,53.268194655724,0.165305344276007,53.4335,"N"
"133",1991,"TANNER","EBS","ALL",167.5,0.998660043463867,0.000683651293945155,7.11687115712184,1.17944846873898,55.0706087667932,0.0738912332067585,55.1445,"N"
"134",1991,"TANNER","EBS","ALL",172.5,0.999494749303172,0.000257780967769528,8.12387477804178,1.23147291534516,22.9883792339729,0.0116207660270504,23,"N"
"135",1991,"TANNER","EBS","ALL",177.5,0.999842980042587,8.01122231699639e-05,9.39967206348398,1.3792738188491,5.99905788025552,0.000942119744478553,6,"N"
"136",1991,"TANNER","EBS","ALL",182.5,0.999938856782209,3.11955192812039e-05,10.5852896578755,1.7083376724393,1.99987771356442,0.000122286435582319,2,"N"
"137",1991,"TANNER","EBS","E166",7.5,3.82461208871848e-05,3.41498935383828e-05,-10.9498383699376,1.60699832927312,3.82461208871848e-05,0.999961753879113,1,"N"
"138",1991,"TANNER","EBS","E166",17.5,0.000771219175024979,0.00104844787445513,-8.74191318073235,2.10137330152862,0.0532141230767236,68.9467858769233,69,"N"
"139",1991,"TANNER","EBS","E166",22.5,0.00131472410059701,0.00158224739191728,-7.87339501476446,1.90038530717401,0.105835290098059,80.3941647099019,80.5,"N"
"140",1991,"TANNER","EBS","E166",27.5,0.00222839510037926,0.0023309216707383,-7.11023554519592,1.7210450608115,0.0612808652604298,27.4387191347396,27.5,"N"
"141",1991,"TANNER","EBS","E166",32.5,0.00235062262092193,0.00211105668210999,-6.76308407969557,1.40358248447623,0.355649202545488,150.944350797455,151.3,"N"
"142",1991,"TANNER","EBS","E166",37.5,0.00317938828568085,0.00267963264606356,-6.24121969732059,1.08357590605154,0.0842537895705424,26.4157462104295,26.5,"N"
"143",1991,"TANNER","EBS","E166",42.5,0.00415274491653892,0.00359026790591251,-6.03843910726859,1.1641017584461,0.38630328201815,92.6372967179819,93.0236,"N"
"144",1991,"TANNER","EBS","E166",47.5,0.0037981160835381,0.0032094953583684,-6.10720605442518,1.15564871687062,0.105587627122359,27.6944123728776,27.8,"N"
"145",1991,"TANNER","EBS","E166",52.5,0.00600565676568637,0.00441735749071307,-5.40899489348886,0.792368407803581,0.290914013729848,48.1490859862702,48.44,"N"
"146",1991,"TANNER","EBS","E166",57.5,0.00755257391310974,0.00397416468515615,-5.06181707561187,0.656204282897936,0.492024511687795,64.6545754883122,65.1466,"N"
"147",1991,"TANNER","EBS","E166",62.5,0.00915573630035621,0.00334907547288239,-4.76753141549692,0.440247106351444,0.712316284167713,77.0876837158323,77.8,"N"
"148",1991,"TANNER","EBS","E166",67.5,0.0105390421881321,0.0017649208800947,-4.55857685624967,0.192108665409261,1.02914063138376,96.6211593686162,97.6503,"N"
"149",1991,"TANNER","EBS","E166",72.5,0.00832692072482065,0.00122321201931196,-4.79074512333237,0.149571703992243,1.87615099889043,223.43534900111,225.3115,"N"
"150",1991,"TANNER","EBS","E166",77.5,0.0182727473465026,0.00489281065616439,-4.01361487173781,0.238694213636557,6.32700272334222,339.926497276658,346.2535,"N"
"151",1991,"TANNER","EBS","E166",82.5,0.0377867318344922,0.00664567973221807,-3.25178014517077,0.175629288803264,15.7496723115632,401.054627688437,416.8043,"N"
"152",1991,"TANNER","EBS","E166",87.5,0.073503231954684,0.0102390560323379,-2.5437835261541,0.151791189200638,25.8042136674449,325.258086332555,351.0623,"N"
"153",1991,"TANNER","EBS","E166",92.5,0.122523613502217,0.011509109392091,-1.97306884310186,0.107533494638457,39.8948280259276,285.714471974072,325.6093,"N"
"154",1991,"TANNER","EBS","E166",97.5,0.144123024910833,0.0147985874600164,-1.78666230508617,0.121685856573754,36.3588090570102,215.91739094299,252.2762,"N"
"155",1991,"TANNER","EBS","E166",102.5,0.126852176384713,0.00787298125129788,-1.93087927655731,0.0693288627467784,46.7756617983635,321.965838201636,368.7415,"N"
"156",1991,"TANNER","EBS","E166",107.5,0.192771314628746,0.0140114136120936,-1.43465516179858,0.0916406767509029,66.6455350387884,279.077764961212,345.7233,"N"
"157",1991,"TANNER","EBS","E166",112.5,0.273696895712349,0.0195812252620917,-0.978208558160903,0.10000084154195,75.7064224929265,200.900377507074,276.6068,"N"
"158",1991,"TANNER","EBS","E166",117.5,0.355840637062146,0.0213872850930815,-0.594680650477192,0.0929426195647044,113.256922380076,205.022977619924,318.2799,"N"
"159",1991,"TANNER","EBS","E166",122.5,0.490349266797939,0.0308644676307748,-0.0386829448673635,0.123638176610709,153.655552034242,159.703847965758,313.3594,"N"
"160",1991,"TANNER","EBS","E166",127.5,0.603611365396568,0.0335341116777754,0.422662045579222,0.141229275320847,188.602354953169,123.854245046831,312.4566,"N"
"161",1991,"TANNER","EBS","E166",132.5,0.690115827638748,0.0193206565265822,0.802262535951018,0.0914990855412145,138.361943387537,62.1289566124626,200.4909,"N"
"162",1991,"TANNER","EBS","E166",137.5,0.78964746188014,0.0182262990092029,1.32618893222946,0.108621529508527,162.201011356323,43.2083886436775,205.4094,"N"
"163",1991,"TANNER","EBS","E166",142.5,0.849166030216829,0.0217077300007875,1.7380676233906,0.169939970971709,134.60580802963,23.9094919703703,158.5153,"N"
"164",1991,"TANNER","EBS","E166",147.5,0.947508103108141,0.0193056865986155,2.97281600052892,0.439667011388464,71.5976918048842,3.96650819511584,75.5642,"N"
"165",1991,"TANNER","EBS","E166",152.5,0.984484747950857,0.00573576492418535,4.23435953865737,0.442770484338537,83.1970339767806,1.31116602321939,84.5082,"N"
"166",1991,"TANNER","EBS","E166",157.5,0.993985680716007,0.00306853024693537,5.30624214253991,0.695436755341798,49.8018633580502,0.301336641949774,50.1032,"N"
"167",1991,"TANNER","EBS","E166",162.5,0.996627973126367,0.00172042187430251,6.04189244316139,0.970910381432952,38.8684909519283,0.131509048071685,39,"N"
"168",1991,"TANNER","EBS","E166",167.5,0.998637008083341,0.000695404039111965,7.09982803921283,1.17949078812988,51.9291244203337,0.0708755796662928,52,"N"
"169",1991,"TANNER","EBS","E166",172.5,0.999494749303172,0.000257780967769528,8.1238747780418,1.23147291534521,22.9883792339729,0.0116207660270504,23,"N"
"170",1991,"TANNER","EBS","E166",177.5,0.999842980042587,8.01122231699639e-05,9.3996720634841,1.37927381884893,5.99905788025552,0.000942119744478553,6,"N"
"171",1991,"TANNER","EBS","E166",182.5,0.999938856782209,3.11955192812039e-05,10.5852896578755,1.7083376724393,1.99987771356442,0.000122286435582319,2,"N"
"172",1991,"TANNER","EBS","W166",12.5,0.00092630268518137,0.00117122534844168,-8.06604155283028,1.79032896922881,0.00185260537036274,1.99814739462964,2,"N"
"173",1991,"TANNER","EBS","W166",17.5,0.00168457035198387,0.00213643027822341,-7.46486495559318,1.80442873426195,0.0185302738718226,10.9814697261282,11,"N"
"174",1991,"TANNER","EBS","W166",22.5,0.00215739403037497,0.00233358748731112,-6.94314599107541,1.55874571875745,0.194259093634665,89.8491409063653,90.0434,"N"
"175",1991,"TANNER","EBS","W166",27.5,0.00163873201446659,0.00134060570428535,-6.96792702983869,1.27599558930603,0.136655829164786,83.2545441708352,83.3912,"N"
"176",1991,"TANNER","EBS","W166",32.5,0.00160056401005996,0.00111213232521048,-6.7820457269768,0.955332988452488,0.206815277995888,129.007184722004,129.214,"N"
"177",1991,"TANNER","EBS","W166",37.5,0.0024305380903222,0.00140731174146611,-6.26475162469997,0.801142210398437,0.276593533302003,113.522706466698,113.7993,"N"
"178",1991,"TANNER","EBS","W166",42.5,0.00397681241177488,0.00183073588885314,-5.66959532829169,0.593542922473763,1.38073773661224,345.816362263388,347.1971,"N"
"179",1991,"TANNER","EBS","W166",47.5,0.00420380467149571,0.00203443344912214,-5.59107720289788,0.514791784282882,3.52860764152016,835.85569235848,839.3843,"N"
"180",1991,"TANNER","EBS","W166",52.5,0.00931268845429221,0.00275045825765804,-4.71458070251548,0.320247688624929,5.26672762904347,560.276472370957,565.5432,"N"
"181",1991,"TANNER","EBS","W166",57.5,0.026675874644114,0.00637433289415606,-3.628478433804,0.265369242940347,8.67037950795243,316.356620492048,325.027,"N"
"182",1991,"TANNER","EBS","W166",62.5,0.0364553937084696,0.00642386351960048,-3.29128460502614,0.194816817546237,8.25297982346749,218.132720176533,226.3857,"N"
"183",1991,"TANNER","EBS","W166",67.5,0.045234996993824,0.00495333116573656,-3.05543724828452,0.113416281323146,10.5854235525259,223.424176447474,234.0096,"N"
"184",1991,"TANNER","EBS","W166",72.5,0.0711308644481919,0.00804340891700767,-2.57610128016809,0.126372968635453,16.9772373161231,221.698862683877,238.6761,"N"
"185",1991,"TANNER","EBS","W166",77.5,0.101371140268586,0.00898754982346344,-2.18595372512212,0.0990833715757049,29.1535999319215,258.439100068078,287.5927,"N"
"186",1991,"TANNER","EBS","W166",82.5,0.164757369166552,0.0155128244576398,-1.6278596406922,0.118602268983196,47.6955778485513,241.794222151449,289.4898,"N"
"187",1991,"TANNER","EBS","W166",87.5,0.309411344686211,0.0160481794478601,-0.804002309726651,0.0764990733565881,94.9572587444919,211.939241255508,306.8965,"N"
"188",1991,"TANNER","EBS","W166",92.5,0.41219440041745,0.0150863281303925,-0.35525785750813,0.0625998664684048,105.539325988325,150.503274011675,256.0426,"N"
"189",1991,"TANNER","EBS","W166",97.5,0.455420156061966,0.0149741722398609,-0.178931243004342,0.0602176981588893,122.875546046611,146.931453953389,269.807,"N"
"190",1991,"TANNER","EBS","W166",102.5,0.499932394745318,0.0151231566599781,-0.000260251234608015,0.0605367981667043,115.464435883618,115.495664116382,230.9601,"N"
"191",1991,"TANNER","EBS","W166",107.5,0.559655989446627,0.0124754951811157,0.239919808033162,0.0506688060310179,73.7446944518042,58.0232055481957,131.7679,"N"
"192",1991,"TANNER","EBS","W166",112.5,0.599177845562797,0.0167959294942311,0.402523240214848,0.0699943792053743,119.675109285518,80.0570907144823,199.7322,"N"
"193",1991,"TANNER","EBS","W166",117.5,0.630762460576052,0.0184486563020308,0.536317826235836,0.0795064282617902,89.3697053792101,52.3154946207899,141.6852,"N"
"194",1991,"TANNER","EBS","W166",122.5,0.514029848779696,0.0349288812378354,0.0561988714690649,0.140084296175191,96.7808202864529,91.4977797135471,188.2786,"N"
"195",1991,"TANNER","EBS","W166",127.5,0.619907278755897,0.0350007193177839,0.491660039201075,0.147888479954736,105.448893717677,64.6554062823232,170.1043,"N"
"196",1991,"TANNER","EBS","W166",132.5,0.705766088061341,0.0301014981750608,0.879095920437558,0.143992800681908,136.230781454476,56.7946185455245,193.0254,"N"
"197",1991,"TANNER","EBS","W166",137.5,0.866965957290727,0.0108317319208406,1.87766776084162,0.0950768516193859,76.6961434117242,11.7688565882758,88.465,"N"
"198",1991,"TANNER","EBS","W166",142.5,0.924766950487535,0.00829290633422461,2.5154214256192,0.125748314966721,50.8844691603211,4.13963083967885,55.0241,"N"
"199",1991,"TANNER","EBS","W166",147.5,0.977993368468597,0.00579402793196554,3.82982822211231,0.277042047951194,51.2655321810922,1.15356781890779,52.4191,"N"
"200",1991,"TANNER","EBS","W166",152.5,0.992657602111664,0.00355497402392948,5.04614981016432,0.561806065199361,29.8960675343174,0.221132465682594,30.1172,"N"
"201",1991,"TANNER","EBS","W166",157.5,0.996585372920652,0.00174215667313652,5.95696823617926,0.811794645970743,30.8564756334438,0.105724366556174,30.9622,"N"
"202",1991,"TANNER","EBS","W166",162.5,0.998263349628899,0.000886046107704841,7.30757896531581,1.40570355597449,14.4084340568687,0.0250659431312936,14.4335,"N"
"203",1991,"TANNER","EBS","W166",167.5,0.999857883251267,7.25085452718204e-05,9.35073342510066,1.16589600126546,3.14405311388361,0.00044688611639021,3.1445,"N"
"204",1992,"TANNER","EBS","ALL",7.5,8.522943707813e-05,0.000141164072556664,-10.8584749684413,1.88520877096091,0.00017045887415626,1.99982954112584,2,"N"
"205",1992,"TANNER","EBS","ALL",12.5,9.27822936407669e-05,0.00014611413741867,-10.6638310264975,1.9005493069879,0.000556693761844602,5.99944330623816,6,"N"
"206",1992,"TANNER","EBS","ALL",17.5,0.000815903726557372,0.00130975960014796,-9.0799112531481,2.34020177117176,0.00941006244950414,11.5238899375505,11.5333,"N"
"207",1992,"TANNER","EBS","ALL",22.5,0.000862472615879854,0.00120426844020132,-8.31894845526591,1.89220435864835,0.094005547756871,108.901394452243,108.9954,"N"
"208",1992,"TANNER","EBS","ALL",27.5,0.00123380341314849,0.00170288886049704,-7.8012710394925,1.70311905371003,0.144349323842673,116.851050676157,116.9954,"N"
"209",1992,"TANNER","EBS","ALL",32.5,0.00174520225366675,0.00180997628092127,-7.05688402676865,1.41478918512515,0.353407993893376,202.149192006107,202.5026,"N"
"210",1992,"TANNER","EBS","ALL",37.5,0.00151152754420874,0.00114182254719688,-6.91086180791671,1.03077204231044,0.172471641209903,113.93172835879,114.1042,"N"
"211",1992,"TANNER","EBS","ALL",42.5,0.00242124348767851,0.00172255724855787,-6.32250010918628,0.842471851108955,0.597481054729174,246.168718945271,246.7662,"N"
"212",1992,"TANNER","EBS","ALL",47.5,0.00341829940231787,0.00258809394223207,-5.99973743453539,0.835925764843298,0.709425654038485,206.828174345962,207.5376,"N"
"213",1992,"TANNER","EBS","ALL",52.5,0.00939213238838591,0.00535754593773103,-4.83413438193525,0.614938523934818,1.54030971169529,162.459690288305,164,"N"
"214",1992,"TANNER","EBS","ALL",57.5,0.0135718917315174,0.00403057026041773,-4.34263905294297,0.364861014216057,3.35678348357726,243.976716516423,247.3335,"N"
"215",1992,"TANNER","EBS","ALL",62.5,0.0243420926298518,0.0068080368955863,-3.74146469562593,0.34863205599774,5.04253994876095,202.110560051239,207.1531,"N"
"216",1992,"TANNER","EBS","ALL",67.5,0.0334877926776508,0.00849454266796328,-3.40106663676418,0.301781012105652,6.67190688633907,192.562093113661,199.234,"N"
"217",1992,"TANNER","EBS","ALL",72.5,0.0462370301903233,0.00890239344071617,-3.04874659079104,0.230741607462711,11.4289523490985,235.752847650902,247.1818,"N"
"218",1992,"TANNER","EBS","ALL",77.5,0.0723003504152591,0.00941794462489378,-2.56149272560349,0.15451421486533,16.3073584962318,209.242841503768,225.5502,"N"
"219",1992,"TANNER","EBS","ALL",82.5,0.127481230959267,0.0171341781900418,-1.93269519826701,0.159737398241506,30.95816678418,211.88673321582,242.8449,"N"
"220",1992,"TANNER","EBS","ALL",87.5,0.241901935219235,0.0165027340028131,-1.14441390344082,0.0911884529936406,53.5375185909793,167.781581409021,221.3191,"N"
"221",1992,"TANNER","EBS","ALL",92.5,0.27876993845004,0.0168143329945463,-0.95214730276266,0.0844868939412802,76.8128542573947,198.729245742605,275.5421,"N"
"222",1992,"TANNER","EBS","ALL",97.5,0.278397006768467,0.018282085702527,-0.954348741472488,0.0929326388139476,84.9606417315871,220.217358268413,305.178,"N"
"223",1992,"TANNER","EBS","ALL",102.5,0.271271083508365,0.0290178110995258,-0.993110729354738,0.147353344266054,93.1875851489605,250.33441485104,343.522,"N"
"224",1992,"TANNER","EBS","ALL",107.5,0.319204350007363,0.0484978739606195,-0.766565724352711,0.225237428462783,101.869056796555,217.265243203445,319.1343,"N"
"225",1992,"TANNER","EBS","ALL",112.5,0.375129268941961,0.0501234146687881,-0.51630634888093,0.216885394181097,129.184429246277,215.188670753723,344.3731,"N"
"226",1992,"TANNER","EBS","ALL",117.5,0.449433645018799,0.0652731141386708,-0.206933801081845,0.267556681802048,127.076194601588,155.671205398412,282.7474,"N"
"227",1992,"TANNER","EBS","ALL",122.5,0.589764718340842,0.0553609224116053,0.368375855731817,0.234011822646506,247.208138398621,171.955861601379,419.164,"N"
"228",1992,"TANNER","EBS","ALL",127.5,0.632495642239312,0.0543101171872161,0.551529028267458,0.243666975872241,258.21425870858,150.03244129142,408.2467,"N"
"229",1992,"TANNER","EBS","ALL",132.5,0.68743067046609,0.0697111419645141,0.811560432167933,0.346574150948422,226.815068740671,103.131031259329,329.9461,"N"
"230",1992,"TANNER","EBS","ALL",137.5,0.812894558934546,0.0594529514307796,1.52146426059227,0.416443991453228,192.954098902249,44.4126010977514,237.3667,"N"
"231",1992,"TANNER","EBS","ALL",142.5,0.901978432406249,0.0242117461719285,2.24859079466341,0.269348829101745,193.225427703796,20.9985722962038,214.224,"N"
"232",1992,"TANNER","EBS","ALL",147.5,0.966589503916949,0.0170461714709446,3.51022314921914,0.545490575354039,191.833605941175,6.63079405882513,198.4644,"N"
"233",1992,"TANNER","EBS","ALL",152.5,0.985451309685134,0.00742280118105388,4.5211206555096,0.781081004745073,157.562922999377,2.32617700062258,159.8891,"N"
"234",1992,"TANNER","EBS","ALL",157.5,0.993892896877612,0.0031158689399939,5.59631602426545,1.03990952414433,70.6187738339759,0.433926166024108,71.0527,"N"
"235",1992,"TANNER","EBS","ALL",162.5,0.998729109538355,0.00064841350083944,6.90226781421863,0.726483040494549,17.2156928985783,0.0219071014216574,17.2376,"N"
"236",1992,"TANNER","EBS","ALL",167.5,0.999572745449014,0.000217987015809082,8.29423776991801,1.15374878906959,5.99743647269409,0.0025635273059148,6,"N"
"237",1992,"TANNER","EBS","ALL",172.5,0.999878875137288,6.17983993426798e-05,9.88044280086741,1.52723391708732,3.42078560761969,0.00041439238030927,3.4212,"N"
"238",1992,"TANNER","EBS","E166",7.5,0.00012052737694937,0.000200412852942834,-10.7228698610904,2.07677219948764,0.00012052737694937,0.999879472623051,1,"N"
"239",1992,"TANNER","EBS","E166",12.5,0.000124148187239566,0.000192693059711801,-10.4830417870201,2.04120525796351,0.000372444561718697,2.99962755543828,3,"N"
"240",1992,"TANNER","EBS","E166",22.5,0.000537240229644695,0.000452050422971297,-8.38774243700819,1.66403546613354,0.0044746201486877,8.32442537985131,8.3289,"N"
"241",1992,"TANNER","EBS","E166",27.5,0.000600119724116295,0.000771729093590665,-8.40849791255135,1.57550148572806,0.0067986963425411,11.3221013036575,11.3289,"N"
"242",1992,"TANNER","EBS","E166",32.5,0.00067088133393524,0.000672403679207389,-8.08558281733179,1.38735036015897,0.0140419488480649,20.9165580511519,20.9306,"N"
"243",1992,"TANNER","EBS","E166",37.5,0.000830425575132512,0.000785944051971322,-7.65197921142259,1.1012674165884,0.00581297902592759,6.99418702097407,7,"N"
"244",1992,"TANNER","EBS","E166",42.5,0.00146447341252007,0.00132043004708426,-7.0289866814578,1.08019812031412,0.0234315746003211,15.9765684253997,16,"N"
"245",1992,"TANNER","EBS","E166",47.5,0.00509819435244832,0.00506818284312036,-5.72933658424732,0.96133354543376,0.0572914688550733,11.1803085311449,11.2376,"N"
"246",1992,"TANNER","EBS","E166",52.5,0.00291747384372546,0.00230756850205003,-6.17648782460054,0.832656756955507,0.0145873692186273,4.98541263078137,5,"N"
"247",1992,"TANNER","EBS","E166",57.5,0.0132390827248377,0.00818909041595103,-4.49118369236637,0.606682848642434,0.135536433303799,10.1020635666962,10.2376,"N"
"248",1992,"TANNER","EBS","E166",62.5,0.00437265635563913,0.00226686250495519,-5.54459047231723,0.474369587728875,0.0342921202034643,7.80810787979653,7.8424,"N"
"249",1992,"TANNER","EBS","E166",67.5,0.00378554884097496,0.00193221900556364,-5.77874427464974,0.725680553683877,0.0884667621940484,23.2811332378059,23.3696,"N"
"250",1992,"TANNER","EBS","E166",72.5,0.00662155702242789,0.00429547632411187,-5.32547943063269,0.879471679878826,0.186347830659379,27.9562521693406,28.1426,"N"
"251",1992,"TANNER","EBS","E166",77.5,0.0104373998298724,0.00577566331502644,-4.74070431644064,0.659436659412426,0.39684142267156,37.6242585773284,38.0211,"N"
"252",1992,"TANNER","EBS","E166",82.5,0.0504262975366818,0.0197766601473,-3.01865152747637,0.439409297992689,2.76304341933568,52.0306565806643,54.7937,"N"
"253",1992,"TANNER","EBS","E166",87.5,0.0824755415461814,0.02515987285727,-2.4600385483538,0.357804376536818,6.81553132675179,75.8214686732482,82.637,"N"
"254",1992,"TANNER","EBS","E166",92.5,0.0852632267349346,0.0323775247218209,-2.44288511474763,0.411724094802411,8.33530746663919,89.4243925333608,97.7597,"N"
"255",1992,"TANNER","EBS","E166",97.5,0.119614431170229,0.0393269591271289,-2.04851941174367,0.373663238084519,21.7060360968387,159.760663903161,181.4667,"N"
"256",1992,"TANNER","EBS","E166",102.5,0.132747484198578,0.0486977666601084,-1.94838899799951,0.449344019768824,31.0741151901335,203.010284809867,234.0844,"N"
"257",1992,"TANNER","EBS","E166",107.5,0.185202846944617,0.0716264576803945,-1.56107704324067,0.509662442426585,43.8106038981298,192.74409610187,236.5547,"N"
"258",1992,"TANNER","EBS","E166",112.5,0.250172100757441,0.0775705155439393,-1.14664971065088,0.444033203730652,68.5015492335708,205.316150766429,273.8177,"N"
"259",1992,"TANNER","EBS","E166",117.5,0.353976680866884,0.0922281206989191,-0.626997003190089,0.416171434069112,81.508829794162,148.757270205838,230.2661,"N"
"260",1992,"TANNER","EBS","E166",122.5,0.476095613831957,0.0817413225430671,-0.097091389357834,0.333689933134143,163.618922633524,180.049277366476,343.6682,"N"
"261",1992,"TANNER","EBS","E166",127.5,0.550572725346569,0.0767228102895495,0.210736999301443,0.322384237917495,188.398388709986,153.787811290014,342.1862,"N"
"262",1992,"TANNER","EBS","E166",132.5,0.646444082998199,0.0831588805201299,0.627921217862955,0.390433569839191,194.966501121724,106.631898878276,301.5984,"N"
"263",1992,"TANNER","EBS","E166",137.5,0.793491888966278,0.0706426456446042,1.41017748846623,0.475703469159695,170.490143358428,44.3704566415721,214.8606,"N"
"264",1992,"TANNER","EBS","E166",142.5,0.890106948594589,0.0304042216914142,2.12954007953815,0.312648497508132,175.263037295918,21.6380627040819,196.9011,"N"
"265",1992,"TANNER","EBS","E166",147.5,0.962028946844225,0.0193729863039667,3.38903155883529,0.5627588666494,177.460092462252,7.00430753774808,184.4644,"N"
"266",1992,"TANNER","EBS","E166",152.5,0.984906804966489,0.00770060971097485,4.48554786857565,0.782302204427726,154.521142215068,2.36795778493197,156.8891,"N"
"267",1992,"TANNER","EBS","E166",157.5,0.993798278334848,0.00316414370671008,5.5852993266194,1.0408126438747,69.6182526527076,0.434447347292377,70.0527,"N"
"268",1992,"TANNER","EBS","E166",162.5,0.998729109538355,0.00064841350083944,6.90226781421864,0.72648304049456,17.2156928985783,0.0219071014216574,17.2376,"N"
"269",1992,"TANNER","EBS","E166",167.5,0.999572745449014,0.000217987015809082,8.29423776991801,1.15374878906959,5.99743647269409,0.0025635273059148,6,"N"
"270",1992,"TANNER","EBS","E166",172.5,0.999878875137288,6.17983993426798e-05,9.88044280086706,1.52723391708616,3.42078560761969,0.00041439238030927,3.4212,"N"
"271",1992,"TANNER","EBS","W166",7.5,4.99314972068895e-05,8.27152777593141e-05,-11.5201420988858,1.87049831402792,4.99314972068895e-05,0.999950068502793,1,"N"
"272",1992,"TANNER","EBS","W166",12.5,6.14164000419682e-05,0.000100632363538161,-11.3105403985617,1.9067261602008,0.000184249200125905,2.99981575079987,3,"N"
"273",1992,"TANNER","EBS","W166",17.5,0.000815903726557372,0.00130975960014796,-9.0799112531481,2.34020177117176,0.00941006244950414,11.5238899375505,11.5333,"N"
"274",1992,"TANNER","EBS","W166",22.5,0.000898114521220693,0.00129898812500273,-8.36039794139077,1.930881255717,0.0904100454504629,100.57608995455,100.6665,"N"
"275",1992,"TANNER","EBS","W166",27.5,0.00132316906160175,0.00183829886511161,-7.75779307896928,1.72100956516317,0.139814643647741,105.526685356352,105.6665,"N"
"276",1992,"TANNER","EBS","W166",32.5,0.00188749641522059,0.00198247078339192,-6.99040445342225,1.42431275465774,0.342716499104433,181.229283500896,181.572,"N"
"277",1992,"TANNER","EBS","W166",37.5,0.00155737094597349,0.00119173204268755,-6.88557133327889,1.03338953028364,0.166800969271734,106.937399030728,107.1042,"N"
"278",1992,"TANNER","EBS","W166",42.5,0.00250444088551838,0.0017769667098482,-6.28905156342567,0.84226313398745,0.577940306275711,230.188259693724,230.7662,"N"
"279",1992,"TANNER","EBS","W166",47.5,0.00334938063513303,0.00251973191298808,-6.01845919211545,0.832969234683199,0.657483418676614,195.642516581323,196.3,"N"
"280",1992,"TANNER","EBS","W166",52.5,0.00959573800299787,0.00547094992724141,-4.81224461446872,0.614519101488868,1.52572234247666,157.474277657523,159,"N"
"281",1992,"TANNER","EBS","W166",57.5,0.0135820649325949,0.00394981172726419,-4.34006554797103,0.359595289183593,3.22025190905204,233.875648090948,237.0959,"N"
"282",1992,"TANNER","EBS","W166",62.5,0.0250589441884133,0.00704997243550794,-3.71224704758765,0.350624962016322,4.99451570745358,194.316184292546,199.3107,"N"
"283",1992,"TANNER","EBS","W166",67.5,0.0375016094123367,0.00948199970496049,-3.28350395168951,0.302220143218164,6.59519803833494,169.269201961665,175.8644,"N"
"284",1992,"TANNER","EBS","W166",72.5,0.05095804512743,0.0096395626145084,-2.94575004338489,0.227390183981486,11.1618094382762,207.877390561724,219.0392,"N"
"285",1992,"TANNER","EBS","W166",77.5,0.0814778211064978,0.0103777338831401,-2.43162908197791,0.152610759712398,15.2794624620625,172.249637537937,187.5291,"N"
"286",1992,"TANNER","EBS","W166",82.5,0.142478499880441,0.0175269991807706,-1.80259602685816,0.148761256133862,26.7932528767168,161.257947123283,188.0512,"N"
"287",1992,"TANNER","EBS","W166",87.5,0.304117113237987,0.0214591961789025,-0.829792567485353,0.101892877614537,42.1755999097819,96.5065000902181,138.6821,"N"
"288",1992,"TANNER","EBS","W166",92.5,0.349930471145272,0.0186066631558418,-0.620329808662739,0.0816632522559284,62.2114789933372,115.570921006663,177.7824,"N"
"289",1992,"TANNER","EBS","W166",97.5,0.3981803532724,0.0233380232396856,-0.414033950224892,0.0977518605895366,49.2594091377878,74.4518908622121,123.7113,"N"
"290",1992,"TANNER","EBS","W166",102.5,0.445454223234533,0.0201852051978647,-0.219455531523701,0.0821261070695326,48.7494411006515,60.6881588993485,109.4376,"N"
"291",1992,"TANNER","EBS","W166",107.5,0.515739887832724,0.0227270487370224,0.0630794317598286,0.0910600949828448,42.5895936412713,39.9900063587287,82.5796,"N"
"292",1992,"TANNER","EBS","W166",112.5,0.623091149558116,0.0208641499808329,0.503622374317414,0.0884643927466169,43.9624452935327,26.5929547064673,70.5554,"N"
"293",1992,"TANNER","EBS","W166",117.5,0.707865913820326,0.0270433529290723,0.888517660089194,0.130287357193215,37.1497233829787,15.3315766170213,52.4813,"N"
"294",1992,"TANNER","EBS","W166",122.5,0.846436889812517,0.00829228864140624,1.7083311907926,0.0640329124741216,63.9024301459079,11.5933698540921,75.4958,"N"
"295",1992,"TANNER","EBS","W166",127.5,0.879902851255395,0.0171127389865942,2.00061865390949,0.153866876080735,58.1268223053571,7.93367769464295,66.0605,"N"
"296",1992,"TANNER","EBS","W166",132.5,0.915316096787563,0.0169400745846251,2.39944564987955,0.21396851381993,25.9471061169048,2.40059388309521,28.3477,"N"
"297",1992,"TANNER","EBS","W166",137.5,0.939582580492056,0.0248779163307956,2.81274884250889,0.380934017681651,21.1463395148123,1.35976048518773,22.5061,"N"
"298",1992,"TANNER","EBS","W166",142.5,0.968967519629184,0.0158328981483755,3.58750609854262,0.516121736745915,16.7853274457844,0.537572554215608,17.3229,"N"
"299",1992,"TANNER","EBS","W166",147.5,0.989392289280565,0.00541209730583441,4.82729023138992,0.716546662343703,13.8514920499279,0.148507950072096,14,"N"
"300",1992,"TANNER","EBS","W166",152.5,0.997974918213973,0.00103320499287115,6.60091458920787,0.875270971183298,2.99392475464192,0.00607524535808235,3,"N"
"301",1992,"TANNER","EBS","W166",157.5,0.997015308788816,0.00152280163835904,6.47062912470973,1.06683868844602,0.997015308788816,0.00298469121118372,1,"N"
"302",1993,"TANNER","EBS","ALL",12.5,0.000865602573155595,0.000720738387698338,-8.07429474643327,1.92157885976777,0.00346241029262238,3.99653758970738,4,"N"
"303",1993,"TANNER","EBS","ALL",17.5,0.00126468487517439,0.0009790398760554,-7.5139127096481,1.66210938204594,0.022764327753139,17.9772356722469,18,"N"
"304",1993,"TANNER","EBS","ALL",22.5,0.001333885926337,0.00122734137311881,-7.55440997149012,1.82216883427063,0.0546893229798168,40.9453106770202,41,"N"
"305",1993,"TANNER","EBS","ALL",27.5,0.000784793485463759,0.000635261339923291,-7.6618740204278,1.23820078059332,0.0500273670450242,63.695872632955,63.7459,"N"
"306",1993,"TANNER","EBS","ALL",32.5,0.00157526475256933,0.00127021858767316,-6.99877526007737,1.27226326256508,0.161796702948198,102.549003297052,102.7108,"N"
"307",1993,"TANNER","EBS","ALL",37.5,0.00690722240902193,0.00805285994251186,-5.63601534043468,1.2362620694107,0.564239947037147,81.1241600529628,81.6884,"N"
"308",1993,"TANNER","EBS","ALL",42.5,0.00594499568143066,0.00528515000721503,-5.50571901559174,0.917836864941745,0.758140924770558,126.767759075229,127.5259,"N"
"309",1993,"TANNER","EBS","ALL",47.5,0.00896677439367048,0.00529274130837836,-4.86866681473894,0.581332277443374,1.73076141340164,191.288638586598,193.0194,"N"
"310",1993,"TANNER","EBS","ALL",52.5,0.0156672587503311,0.00917942812483745,-4.28339838676445,0.527193680441552,2.21400300304429,139.099996996956,141.314,"N"
"311",1993,"TANNER","EBS","ALL",57.5,0.0299716303679508,0.0146041297177326,-3.57276067211721,0.432836443554173,5.2239143064711,169.071385693529,174.2953,"N"
"312",1993,"TANNER","EBS","ALL",62.5,0.0405772331825777,0.00842494725620728,-3.181705240819,0.195922853319597,6.87442442141295,162.541375578587,169.4158,"N"
"313",1993,"TANNER","EBS","ALL",67.5,0.0414878928491023,0.00481751643065941,-3.14670212130129,0.121822040126585,4.79518725065638,110.785212749344,115.5804,"N"
"314",1993,"TANNER","EBS","ALL",72.5,0.0500452725761603,0.0113357787793308,-2.9658906267551,0.218306851716971,6.41197047638442,121.711429523616,128.1234,"N"
"315",1993,"TANNER","EBS","ALL",77.5,0.119147906442872,0.0213741640257879,-2.01508087032834,0.194499284178344,17.1793528052562,127.005747194744,144.1851,"N"
"316",1993,"TANNER","EBS","ALL",82.5,0.210338699297427,0.0240020776771947,-1.32856134870337,0.140672123465493,32.7302791509244,122.877220849076,155.6075,"N"
"317",1993,"TANNER","EBS","ALL",87.5,0.291016262034202,0.0289738909160131,-0.894461199704165,0.139656688229578,48.2380116476294,117.519088352371,165.7571,"N"
"318",1993,"TANNER","EBS","ALL",92.5,0.383179303046578,0.0154988518257637,-0.476572247062346,0.0655759698176141,67.7318465085617,109.030953491438,176.7628,"N"
"319",1993,"TANNER","EBS","ALL",97.5,0.412109465056221,0.0073067867409975,-0.35533355079632,0.0302445011004815,95.4295925334394,136.134107466561,231.5637,"N"
"320",1993,"TANNER","EBS","ALL",102.5,0.358720536579708,0.0145790530699024,-0.581508028884065,0.0639140249081716,62.4617829672978,111.662017032702,174.1238,"N"
"321",1993,"TANNER","EBS","ALL",107.5,0.389636387174409,0.0120476100148412,-0.449121959709449,0.0506722508638495,59.5608311980868,93.3017688019132,152.8626,"N"
"322",1993,"TANNER","EBS","ALL",112.5,0.492685762354819,0.00831067186363395,-0.0292641791010746,0.0332495772573888,92.255852418126,94.995047581874,187.2509,"N"
"323",1993,"TANNER","EBS","ALL",117.5,0.487552460170665,0.0215826280672725,-0.0499025909837508,0.086509941064128,90.2321626429673,94.8395373570327,185.0717,"N"
"324",1993,"TANNER","EBS","ALL",122.5,0.501265945366706,0.0191735037389596,0.00505016979281137,0.0767744123885594,122.497065905367,121.878334094633,244.3754,"N"
"325",1993,"TANNER","EBS","ALL",127.5,0.570966060044422,0.0102019864134023,0.285913624475406,0.0416135506092218,135.386444418825,101.731755581175,237.1182,"N"
"326",1993,"TANNER","EBS","ALL",132.5,0.641928015111049,0.0110786356770047,0.584072455572782,0.0482994197186316,139.923167816205,78.0501321837948,217.9733,"N"
"327",1993,"TANNER","EBS","ALL",137.5,0.728176754051105,0.0146245376718925,0.98664933918597,0.0744222397064317,119.237559940036,44.5105400599642,163.7481,"N"
"328",1993,"TANNER","EBS","ALL",142.5,0.81753166777472,0.0362246750946882,1.52068182463111,0.26040152003826,79.2335341773903,17.6844658226097,96.918,"N"
"329",1993,"TANNER","EBS","ALL",147.5,0.921853400285858,0.0279607944617622,2.54518172257555,0.449382655465102,91.2651459644204,7.73665403557958,99.0018,"N"
"330",1993,"TANNER","EBS","ALL",152.5,0.962818187644037,0.0189703124265119,3.49528534154321,0.767793395126851,73.0346699055572,2.82043009444284,75.8551,"N"
"331",1993,"TANNER","EBS","ALL",157.5,0.986918902823843,0.0066740291715088,4.60961637452046,0.840532529801134,63.5763288010091,0.842671198990871,64.419,"N"
"332",1993,"TANNER","EBS","ALL",162.5,0.993963012223909,0.00308009580412799,5.67959498038728,1.22374614690501,36.4045910968092,0.221108903190768,36.6257,"N"
"333",1993,"TANNER","EBS","ALL",167.5,0.997425284319778,0.001313630449093,6.70083353807118,1.42176561215517,14.5044587420498,0.0374412579502241,14.5419,"N"
"334",1993,"TANNER","EBS","ALL",172.5,0.999551429334574,0.000228862584401149,8.62899082444975,1.7338946747611,8.99596286401116,0.00403713598883648,9,"N"
"335",1993,"TANNER","EBS","ALL",177.5,0.999831605808067,8.591540404747e-05,9.90638329647381,2.10110858896903,1.99966321161613,0.000336788383866082,2,"N"
"336",1993,"TANNER","EBS","E166",12.5,1.26686535025849e-05,1.17733615163942e-05,-11.9062542225294,1.2618206264809,1.26686535025849e-05,0.999987331346497,1,"N"
"337",1993,"TANNER","EBS","E166",22.5,0.000656120164816134,0.000820968124910825,-8.53999447424072,1.81788413661711,0.00131224032963227,1.99868775967037,2,"N"
"338",1993,"TANNER","EBS","E166",27.5,8.60612019382649e-05,8.20166291819325e-05,-9.88410480530727,1.10363098956509,0.00051636721162959,5.99948363278837,6,"N"
"339",1993,"TANNER","EBS","E166",32.5,0.000447234309859888,0.000522529239977019,-8.59074572888939,1.4297166494894,0.00447234309859888,9.9955276569014,10,"N"
"340",1993,"TANNER","EBS","E166",37.5,0.000723168351765261,0.000715965035682159,-7.97770500173873,1.34434447242442,0.00433901011059156,5.99566098988941,6,"N"
"341",1993,"TANNER","EBS","E166",42.5,0.00115507623779412,0.00106069348176265,-7.323214433325,1.12668491937627,0.0239754554373974,20.7326245445626,20.7566,"N"
"342",1993,"TANNER","EBS","E166",47.5,0.000702097966855992,0.000511579581623371,-7.49687757063754,0.669981494903069,0.00280839186742397,3.99719160813258,4,"N"
"343",1993,"TANNER","EBS","E166",52.5,0.00278427816096998,0.00112385035402984,-6.01588879328745,0.595986885213416,0.0139213908048499,4.98607860919515,5,"N"
"344",1993,"TANNER","EBS","E166",57.5,0.00271483792909519,0.00113196145190648,-6.00024563442105,0.446700842138312,0.0292024256681054,10.7273975743319,10.7566,"N"
"345",1993,"TANNER","EBS","E166",62.5,0.00419403964441499,0.00212078112828795,-5.58965046893419,0.487655838966341,0.0660838050611892,15.6905161949388,15.7566,"N"
"346",1993,"TANNER","EBS","E166",67.5,0.00697509057861668,0.00391986770398572,-5.0824111507295,0.474567090697888,0.0680531687393315,9.68854683126067,9.7566,"N"
"347",1993,"TANNER","EBS","E166",72.5,0.0125544570439589,0.00269126488132037,-4.38817873903679,0.219413778721183,0.21986871710226,17.2933312828977,17.5132,"N"
"348",1993,"TANNER","EBS","E166",77.5,0.0180513429757267,0.00552461780606512,-4.05465051153049,0.370036126426115,0.464412316139415,25.2628876838606,25.7273,"N"
"349",1993,"TANNER","EBS","E166",82.5,0.0594413216441923,0.0109392823494433,-2.77886037298401,0.20122308149634,1.7921558475724,28.3578441524276,30.15,"N"
"350",1993,"TANNER","EBS","E166",87.5,0.0434544424112941,0.00627826695160556,-3.10175930149223,0.148999560746052,1.66201074979325,36.5851892502068,38.2472,"N"
"351",1993,"TANNER","EBS","E166",92.5,0.0421328221631149,0.00942855001867272,-3.1464849065893,0.21891301979762,1.43251595354591,32.5674840464541,34,"N"
"352",1993,"TANNER","EBS","E166",97.5,0.0623164634631171,0.0119995776063553,-2.72815727747592,0.194884863410483,3.68437365920795,55.439226340792,59.1236,"N"
"353",1993,"TANNER","EBS","E166",102.5,0.0796515683313895,0.014443255730646,-2.4621181684738,0.187568593893672,5.80444077385652,67.0684592261435,72.8729,"N"
"354",1993,"TANNER","EBS","E166",107.5,0.127829350536637,0.0133142798535459,-1.92544403721409,0.117934455566775,10.044600272338,68.533599727662,78.5782,"N"
"355",1993,"TANNER","EBS","E166",112.5,0.20214929815961,0.0244016772502292,-1.37959031312682,0.150349271140133,19.1057164020294,75.4071835979706,94.5129,"N"
"356",1993,"TANNER","EBS","E166",117.5,0.260365247182535,0.0295936317314726,-1.0498211800505,0.155364715776871,30.6560030433402,87.0862969566598,117.7423,"N"
"357",1993,"TANNER","EBS","E166",122.5,0.35377891940876,0.0274641851420344,-0.604615106319873,0.120918084216106,66.2331095539223,120.982990446078,187.2161,"N"
"358",1993,"TANNER","EBS","E166",127.5,0.438501407154633,0.0147519735515166,-0.247486400649124,0.0602089385376838,77.9373545516136,99.7983454483864,177.7357,"N"
"359",1993,"TANNER","EBS","E166",132.5,0.514149988953637,0.0179717609537825,0.056696111696932,0.0720040670846734,80.5167109101219,76.0848890898781,156.6016,"N"
"360",1993,"TANNER","EBS","E166",137.5,0.644249651496081,0.0218504055019532,0.595209433285566,0.0962164442794875,78.2309130563434,43.1985869436566,121.4295,"N"
"361",1993,"TANNER","EBS","E166",142.5,0.799241666632001,0.0406887734584916,1.40327220214919,0.2722312813671,69.383607715324,17.428192284676,86.8118,"N"
"362",1993,"TANNER","EBS","E166",147.5,0.911588706875683,0.031695771922606,2.41075753586437,0.454676861688699,78.3014589303109,7.59414106968906,85.8956,"N"
"363",1993,"TANNER","EBS","E166",152.5,0.960552891027513,0.0201260760063707,3.43431558460628,0.770519611336571,67.099518258016,2.75558174198395,69.8551,"N"
"364",1993,"TANNER","EBS","E166",157.5,0.985961598091963,0.00716244995308014,4.53854399957538,0.842219415432918,57.5988905989344,0.820109401065615,58.419,"N"
"365",1993,"TANNER","EBS","E166",162.5,0.993787494575003,0.00316964562499839,5.65087685769148,1.22402295080238,35.4043751454807,0.22132485451931,35.6257,"N"
"366",1993,"TANNER","EBS","E166",167.5,0.997425284319778,0.001313630449093,6.70083353807117,1.42176561215515,14.5044587420498,0.0374412579502241,14.5419,"N"
"367",1993,"TANNER","EBS","E166",172.5,0.999551429334574,0.000228862584401149,8.62899082444975,1.73389467476111,8.99596286401116,0.00403713598883648,9,"N"
"368",1993,"TANNER","EBS","E166",177.5,0.999831605808067,8.591540404747e-05,9.90638329647381,2.10110858896903,1.99966321161613,0.000336788383866082,2,"N"
"369",1993,"TANNER","EBS","W166",12.5,0.0011499138797066,0.000958161417247306,-7.79318010062392,1.92570637268799,0.00344974163911979,2.99655025836088,3,"N"
"370",1993,"TANNER","EBS","W166",17.5,0.00126468487517439,0.0009790398760554,-7.5139127096481,1.66210938204594,0.022764327753139,17.9772356722469,18,"N"
"371",1993,"TANNER","EBS","W166",22.5,0.00136864314487653,0.00127985558312237,-7.53612053608382,1.82327776435437,0.0533770826501845,38.9466229173498,39,"N"
"372",1993,"TANNER","EBS","W166",27.5,0.00086243040585548,0.000697142671173302,-7.56860682404109,1.24133545725495,0.04980181997349,57.6960981800265,57.7459,"N"
"373",1993,"TANNER","EBS","W166",32.5,0.00170200974613219,0.00136040439207919,-6.91762161436049,1.27055664822147,0.157794685171713,92.5530053148283,92.7108,"N"
"374",1993,"TANNER","EBS","W166",37.5,0.00746101829474641,0.0087237118377818,-5.5616670842059,1.23928280110981,0.564712537100084,75.1236874628999,75.6884,"N"
"375",1993,"TANNER","EBS","W166",42.5,0.00696412747794907,0.00622465031709183,-5.34745159254115,0.917532598137176,0.743555015931388,106.025744984069,106.7693,"N"
"376",1993,"TANNER","EBS","W166",47.5,0.00920290800586518,0.00543063656605867,-4.84251713521038,0.581824306476635,1.73952814952383,187.279871850476,189.0194,"N"
"377",1993,"TANNER","EBS","W166",52.5,0.0162373021392409,0.00956416073965374,-4.24893046530153,0.531467395783435,2.21337160380849,134.100628396191,136.314,"N"
"378",1993,"TANNER","EBS","W166",57.5,0.0320210132580904,0.0156536669091658,-3.5054141474641,0.436414341890286,5.23667488091086,158.302025119089,163.5387,"N"
"379",1993,"TANNER","EBS","W166",62.5,0.0446806008748517,0.00932163321288772,-3.08123541044168,0.197638818407187,6.86558538594901,146.793614614051,153.6592,"N"
"380",1993,"TANNER","EBS","W166",67.5,0.0447923100877658,0.00513810377882835,-3.06642881301044,0.120496877932874,4.74009246426571,101.083707535734,105.8238,"N"
"381",1993,"TANNER","EBS","W166",72.5,0.0557042635998889,0.0129083076215321,-2.85393796018203,0.225702269296347,6.16145973763643,104.448740262364,110.6102,"N"
"382",1993,"TANNER","EBS","W166",77.5,0.140330043550274,0.0255652334284325,-1.82758241968452,0.204033239266448,16.6231882328697,101.83461176713,118.4578,"N"
"383",1993,"TANNER","EBS","W166",82.5,0.243142477048131,0.0273342308765862,-1.14085700981011,0.145275811115288,30.5040473142658,94.9534526857341,125.4575,"N"
"384",1993,"TANNER","EBS","W166",87.5,0.365503889177378,0.0389012863508135,-0.555198701256893,0.16738037271282,46.6053643586185,80.9045356413815,127.5099,"N"
"385",1993,"TANNER","EBS","W166",92.5,0.471695183581218,0.0211169376596937,-0.113547193553134,0.0848410085873469,67.3405251545687,75.4222748454313,142.7628,"N"
"386",1993,"TANNER","EBS","W166",97.5,0.544150531882758,0.0143560346241366,0.177192898018216,0.0577623202491482,93.8333721329159,78.6067278670841,172.4401,"N"
"387",1993,"TANNER","EBS","W166",102.5,0.564188897817481,0.0259750408947927,0.258851573629087,0.105468852107635,57.124633674028,44.126266325972,101.2509,"N"
"388",1993,"TANNER","EBS","W166",107.5,0.663343743659352,0.0357214187138203,0.68228895179123,0.159471029618922,49.2760919914888,25.0083080085112,74.2844,"N"
"389",1993,"TANNER","EBS","W166",112.5,0.765720029911763,0.0221977539178525,1.18796843276606,0.118625617650304,71.0113441339571,21.7266558660429,92.738,"N"
"390",1993,"TANNER","EBS","W166",117.5,0.8781550368871,0.0281971103887849,2.00218776770323,0.27032216673668,59.1256517405863,8.2037482594137,67.3294,"N"
"391",1993,"TANNER","EBS","W166",122.5,0.897295922476008,0.0377755160394771,2.22551297978143,0.376471813558278,51.2888068215829,5.87049317841714,57.1593,"N"
"392",1993,"TANNER","EBS","W166",127.5,0.954561617371105,0.0231828482800484,3.17942293744857,0.50532197472711,56.6842552435397,2.69824475646034,59.3825,"N"
"393",1993,"TANNER","EBS","W166",132.5,0.975153063717633,0.0121146484704987,3.75739613757406,0.399933766508414,59.8468012805594,1.52489871944057,61.3717,"N"
"394",1993,"TANNER","EBS","W166",137.5,0.982426505908971,0.00800824922017675,4.10448835037271,0.387272997509998,41.5749143329594,0.743685667040609,42.3186,"N"
"395",1993,"TANNER","EBS","W166",142.5,0.989000428487707,0.00561202628178204,4.70109940310054,0.640954957445553,9.99503613038247,0.111163869617533,10.1062,"N"
"396",1993,"TANNER","EBS","W166",147.5,0.996785662180131,0.00163996827544355,5.87184175214316,0.503415069049552,13.0640722456652,0.0421277543347713,13.1062,"N"
"397",1993,"TANNER","EBS","W166",152.5,0.999629257662539,0.000148646605191937,7.98259750636777,0.411843778601406,5.99777554597524,0.00222445402476446,6,"N"
"398",1993,"TANNER","EBS","W166",157.5,0.999603190521251,0.000202453815688483,8.09129013411175,0.656707423776389,5.9976191431275,0.00238085687249701,6,"N"
"399",1993,"TANNER","EBS","W166",162.5,0.999930612286714,3.54018945336258e-05,10.0602618381176,0.992663516772563,0.999930612286714,6.93877132859066e-05,1,"N"
"400",1994,"TANNER","EBS","ALL",17.5,0.000356015274908079,0.000427057656783964,-9.1106733681945,1.85066020184224,0.00249210692435655,6.99750789307564,7,"N"
"401",1994,"TANNER","EBS","ALL",22.5,0.000988096154823874,0.000738693552833984,-7.46005401704577,1.29774642617101,0.0290365888441163,29.3573634111559,29.3864,"N"
"402",1994,"TANNER","EBS","ALL",27.5,0.00125477236734479,0.0008668686978149,-7.08777507906288,1.07983456032295,0.0653224456260759,51.9938775543739,52.0592,"N"
"403",1994,"TANNER","EBS","ALL",32.5,0.00210830775757335,0.001480092956656,-6.49034529515154,0.905259357634179,0.314924676333555,149.058275323666,149.3732,"N"
"404",1994,"TANNER","EBS","ALL",37.5,0.00298163487150545,0.00163587734289891,-6.07658154335971,0.864063428448592,0.203943825210973,68.196056174789,68.4,"N"
"405",1994,"TANNER","EBS","ALL",42.5,0.00503724159380396,0.00322831773245902,-5.58253389198444,0.874142849382756,0.93581118743451,184.842688812566,185.7785,"N"
"406",1994,"TANNER","EBS","ALL",47.5,0.00465302670064701,0.00267819072408685,-5.57610229464519,0.69977670040214,1.02633671146851,219.547663288532,220.574,"N"
"407",1994,"TANNER","EBS","ALL",52.5,0.00997362852269969,0.00458954178420796,-4.71414864780182,0.501872881277282,1.44207497974292,143.146725020257,144.5888,"N"
"408",1994,"TANNER","EBS","ALL",57.5,0.015959975931057,0.00366753592970801,-4.14975144667785,0.246482207860508,1.57759893285237,97.2696010671476,98.8472,"N"
"409",1994,"TANNER","EBS","ALL",62.5,0.0337343755636614,0.0124398279766962,-3.41728479826315,0.362304216257086,2.48166259146564,71.0831374085344,73.5648,"N"
"410",1994,"TANNER","EBS","ALL",67.5,0.0545900715285798,0.0156277235340774,-2.89515796559983,0.318559264966597,3.23668901298672,56.0541109870133,59.2908,"N"
"411",1994,"TANNER","EBS","ALL",72.5,0.0672467076622066,0.00754467961217314,-2.63634074244401,0.12501639270315,5.31248990531432,73.6875100946857,79,"N"
"412",1994,"TANNER","EBS","ALL",77.5,0.0907503155679528,0.010346416406913,-2.31129294674688,0.130617815265704,7.19038345326937,72.0422165467306,79.2326,"N"
"413",1994,"TANNER","EBS","ALL",82.5,0.180735307969735,0.0223128912806117,-1.51910196221999,0.156884566508969,9.37701768927056,42.5055823107294,51.8826,"N"
"414",1994,"TANNER","EBS","ALL",87.5,0.388495486237162,0.0416845644737386,-0.457193630363511,0.17710195978803,18.6021739692995,29.2804260307005,47.8826,"N"
"415",1994,"TANNER","EBS","ALL",92.5,0.488757243924003,0.034902427063578,-0.0453377107005277,0.140239735122373,35.5645186055789,37.2006813944211,72.7652,"N"
"416",1994,"TANNER","EBS","ALL",97.5,0.493485685212567,0.0351661195813179,-0.0262589182072068,0.141041179376196,43.8977723852413,45.0567276147587,88.9545,"N"
"417",1994,"TANNER","EBS","ALL",102.5,0.514808770645259,0.0372251241173551,0.0596152239437817,0.149463475591268,38.3084650500257,36.1045349499743,74.413,"N"
"418",1994,"TANNER","EBS","ALL",107.5,0.495931354831899,0.0236084552752906,-0.0162999085691006,0.0945930603143139,34.0275364216231,34.5858635783769,68.6134,"N"
"419",1994,"TANNER","EBS","ALL",112.5,0.520038615603895,0.0422260663371393,0.0806793455482648,0.169768525502906,34.3824570783746,31.7327429216254,66.1152,"N"
"420",1994,"TANNER","EBS","ALL",117.5,0.665723585862125,0.0431319972859122,0.695218223187584,0.195357984925022,46.3661831634081,23.2816168365919,69.6478,"N"
"421",1994,"TANNER","EBS","ALL",122.5,0.803983047317739,0.0286263682636775,1.42221107261073,0.190287183395376,45.732646087356,11.149953912644,56.8826,"N"
"422",1994,"TANNER","EBS","ALL",127.5,0.894001727761673,0.014341562806972,2.14203007465,0.160090766405506,51.7471444073378,6.13545559266218,57.8826,"N"
"423",1994,"TANNER","EBS","ALL",132.5,0.926218713430912,0.011279179706908,2.54148945019583,0.164931424636759,62.6566582824317,4.99114171756834,67.6478,"N"
"424",1994,"TANNER","EBS","ALL",137.5,0.925817226114724,0.0169505996101148,2.54988929165961,0.247138028810159,40.7359579490479,3.26404205095213,44,"N"
"425",1994,"TANNER","EBS","ALL",142.5,0.979890495631212,0.00844448745775695,3.96841668234491,0.409489110403917,31.1264175718246,0.638782428175421,31.7652,"N"
"426",1994,"TANNER","EBS","ALL",147.5,0.992364777444482,0.00318756988502671,4.96333628405718,0.454393275904387,55.1064130374031,0.423986962596913,55.5304,"N"
"427",1994,"TANNER","EBS","ALL",152.5,0.996849640065999,0.0016073264969393,5.99898939081968,0.72682680535064,39.6399253071525,0.12527469284754,39.7652,"N"
"428",1994,"TANNER","EBS","ALL",157.5,0.999005610027686,0.000507341822609264,7.28668431462258,0.913184110899299,33.7316242237068,0.0335757762931834,33.7652,"N"
"429",1994,"TANNER","EBS","ALL",162.5,0.999607234304745,0.00020039066084435,8.45546169035646,1.26212672393541,23.7558658446991,0.00933415530087345,23.7652,"N"
"430",1994,"TANNER","EBS","ALL",167.5,0.999871835196848,6.53902056898684e-05,9.58956829513771,1.30234181015184,7.99897468157478,0.00102531842521714,8,"N"
"431",1994,"TANNER","EBS","ALL",172.5,0.999974757033069,1.28790647607508e-05,11.8606418688556,1.7313387408882,3.99989902813228,0.000100971867724287,4,"N"
"432",1994,"TANNER","EBS","ALL",177.5,0.999981056233507,9.66518698640932e-06,12.2964428227776,1.87999490148817,0.999981056233507,1.89437664933623e-05,1,"N"
"433",1994,"TANNER","EBS","E166",22.5,0.00101786122799777,0.00111438458668384,-7.79333224690067,1.55215416105424,0.00650046894648495,6.37989953105351,6.3864,"N"
"434",1994,"TANNER","EBS","E166",27.5,0.00146147278545271,0.000971725059172435,-7.08521706686078,1.39332914417124,0.0221547582492348,15.1370452417508,15.1592,"N"
"435",1994,"TANNER","EBS","E166",32.5,0.0024616536331486,0.0025145529944133,-6.83775661288799,1.50697550263575,0.0401023070068971,16.2506976929931,16.2908,"N"
"436",1994,"TANNER","EBS","E166",37.5,0.00720399053339159,0.00281628772594827,-5.0735788714547,0.645127595594019,0.0576319242671328,7.94236807573287,8,"N"
"437",1994,"TANNER","EBS","E166",42.5,0.00425367852969897,0.00369748280627348,-5.89315749762416,0.986020424982314,0.0710947068418297,16.6426052931582,16.7137,"N"
"438",1994,"TANNER","EBS","E166",47.5,0.00858135183003091,0.00598820195693007,-4.9761540780026,0.67086358333529,0.0171627036600618,1.98283729633994,2,"N"
"439",1994,"TANNER","EBS","E166",52.5,0.0232096517028433,0.0118435293526065,-3.91544530807423,0.669713975170594,0.0464193034056867,1.95358069659431,2,"N"
"440",1994,"TANNER","EBS","E166",57.5,0.00501391634490448,0.00415669356842216,-5.59217552394196,0.766478242587507,0.0250695817245224,4.97493041827548,5,"N"
"441",1994,"TANNER","EBS","E166",62.5,0.00663933746145376,0.00308049046343645,-5.12147362846327,0.496556324261561,0.0398360247687226,5.96016397523128,6,"N"
"442",1994,"TANNER","EBS","E166",67.5,0.0409342729623687,0.0193551594250308,-3.27472605286248,0.52333525725818,0.339377870276407,7.95142212972359,8.2908,"N"
"443",1994,"TANNER","EBS","E166",72.5,0.029254980409656,0.028111866832694,-3.88573687182084,0.886559160768706,0.0877649412289679,2.91223505877103,3,"N"
"444",1994,"TANNER","EBS","E166",77.5,0.0922570002437623,0.0844635015286528,-2.58311547131465,0.807777765786219,0.954859952522939,9.39514004747706,10.35,"N"
"445",1994,"TANNER","EBS","E166",82.5,0.136247571318529,0.041324692994255,-1.88854796043649,0.33809083822598,0.272495142637059,1.72750485736294,2,"N"
"446",1994,"TANNER","EBS","E166",87.5,0.39388941984866,0.0573512990786225,-0.435897619148826,0.236845923673027,1.57555767939464,2.42444232060536,4,"N"
"447",1994,"TANNER","EBS","E166",92.5,0.31791023260839,0.0503313546407088,-0.773355976217518,0.234305521370578,1.90746139565034,4.09253860434966,6,"N"
"448",1994,"TANNER","EBS","E166",97.5,0.341232853956133,0.0576716845423415,-0.669888567601385,0.268661632607532,4.8764904693163,9.4143095306837,14.2908,"N"
"449",1994,"TANNER","EBS","E166",102.5,0.269839503105996,0.0650987566896174,-1.01818664675254,0.320701284490124,2.15871602484797,5.84128397515203,8,"N"
"450",1994,"TANNER","EBS","E166",107.5,0.285016196526776,0.0736472462517608,-0.953336844052904,0.3909674281306,7.98045350274974,20.0195464972503,28,"N"
"451",1994,"TANNER","EBS","E166",112.5,0.384097951439165,0.100622846956947,-0.496429264314993,0.44291484426786,15.8824502920095,25.4675497079905,41.35,"N"
"452",1994,"TANNER","EBS","E166",117.5,0.562318221062017,0.093031822970966,0.259109675914247,0.383404775199169,22.4927288424807,17.5072711575193,40,"N"
"453",1994,"TANNER","EBS","E166",122.5,0.73539256482175,0.0548608029521275,1.04386452237175,0.30243153921549,26.474132333583,9.525867666417,36,"N"
"454",1994,"TANNER","EBS","E166",127.5,0.867446471236982,0.0246560249708929,1.8977206866084,0.233320170344334,32.9629659070053,5.03703409299467,38,"N"
"455",1994,"TANNER","EBS","E166",132.5,0.920551152935466,0.0140134537310645,2.46611110816865,0.199731493823567,46.0275576467733,3.97244235322673,50,"N"
"456",1994,"TANNER","EBS","E166",137.5,0.921113900003209,0.01831765505903,2.48550040812019,0.261104085369223,35.9234421001252,3.07655789987484,39,"N"
"457",1994,"TANNER","EBS","E166",142.5,0.981778432604094,0.00818503407574269,4.07711596516239,0.424595162853426,24.5444608151023,0.45553918489766,25,"N"
"458",1994,"TANNER","EBS","E166",147.5,0.992602253691018,0.00324961912935879,4.99448629287553,0.442242509192622,47.6449081771689,0.355091822831135,48,"N"
"459",1994,"TANNER","EBS","E166",152.5,0.996952850604076,0.001554668059145,6.02263890766835,0.707975157490719,34.8933497711427,0.106650228857347,35,"N"
"460",1994,"TANNER","EBS","E166",157.5,0.999024302112197,0.000497805044797305,7.28868964660821,0.887644254588847,29.9707290633659,0.0292709366340809,30,"N"
"461",1994,"TANNER","EBS","E166",162.5,0.99962560420259,0.000191018263984495,8.4875670805413,1.23400081176487,19.9925120840518,0.00748791594819309,20,"N"
"462",1994,"TANNER","EBS","E166",167.5,0.999871835196848,6.53902056898684e-05,9.58956829513767,1.30234181015167,7.99897468157478,0.00102531842521714,8,"N"
"463",1994,"TANNER","EBS","E166",172.5,0.999974757033069,1.28790647607508e-05,11.8606418688502,1.73133874088324,3.99989902813228,0.000100971867724287,4,"N"
"464",1994,"TANNER","EBS","W166",17.5,0.000356015274908079,0.000427057656783964,-9.1106733681945,1.85066020184224,0.00249210692435655,6.99750789307564,7,"N"
"465",1994,"TANNER","EBS","W166",22.5,0.000981625486742592,0.000698537742132466,-7.43008024950131,1.26198364842618,0.0225773861950796,22.9774226138049,23,"N"
"466",1994,"TANNER","EBS","W166",27.5,0.00119161390625626,0.000888513707638894,-7.12695852319255,1.01749059095403,0.043970553140856,36.8560294468591,36.9,"N"
"467",1994,"TANNER","EBS","W166",32.5,0.00206692490728075,0.00136431831198447,-6.47462543776425,0.856287897320483,0.2750713272807,132.807328672719,133.0824,"N"
"468",1994,"TANNER","EBS","W166",37.5,0.00237844120552172,0.00157142122600335,-6.39699676377066,1.00269940733877,0.143657848813512,60.2563421511865,60.4,"N"
"469",1994,"TANNER","EBS","W166",42.5,0.00510901836303496,0.00319990416927653,-5.56242831345154,0.870936849376935,0.863755167742832,168.201044832257,169.0648,"N"
"470",1994,"TANNER","EBS","W166",47.5,0.00459730577682596,0.0026373587796927,-5.58858986699066,0.701925755515832,1.00485151286396,217.569148487136,218.574,"N"
"471",1994,"TANNER","EBS","W166",52.5,0.00973297355578799,0.00448945519652422,-4.73858608408048,0.500002104028298,1.38781301975154,141.200986980248,142.5888,"N"
"472",1994,"TANNER","EBS","W166",57.5,0.0165213123200904,0.00383150185635471,-4.11516178404867,0.249146339423612,1.55047890156599,92.296721098434,93.8472,"N"
"473",1994,"TANNER","EBS","W166",62.5,0.036586484837578,0.0137206786032206,-3.3348317131216,0.36779354124655,2.47195853075399,65.092841469246,67.5648,"N"
"474",1994,"TANNER","EBS","W166",67.5,0.0559288753095809,0.0174183252618168,-2.87978081468908,0.358640623353042,2.85237264078863,48.1476273592114,51,"N"
"475",1994,"TANNER","EBS","W166",72.5,0.0687463811063862,0.00762255348155597,-2.6125026414415,0.123504117316103,5.22472496408535,70.7752750359146,76,"N"
"476",1994,"TANNER","EBS","W166",77.5,0.0906173728024402,0.0111010002891787,-2.31348462339893,0.134675686036437,6.24196024380136,62.6406397561986,68.8826,"N"
"477",1994,"TANNER","EBS","W166",82.5,0.182551133955498,0.0234731906358394,-1.50758379508941,0.164320012106492,9.10612519464853,40.7764748053515,49.8826,"N"
"478",1994,"TANNER","EBS","W166",87.5,0.387993724970976,0.0437898386756052,-0.459864414247098,0.187328824486807,17.0261734354114,26.8564265645886,43.8826,"N"
"479",1994,"TANNER","EBS","W166",92.5,0.504527737276214,0.0418407438511854,0.0180004427018836,0.167985665706678,33.6848952847939,33.0803047152061,66.7652,"N"
"480",1994,"TANNER","EBS","W166",97.5,0.523392491352224,0.0452125015706829,0.0943221038844046,0.181742722563576,39.078419956575,35.585280043425,74.6637,"N"
"481",1994,"TANNER","EBS","W166",102.5,0.546417708392261,0.0468387827778095,0.187959730306421,0.190046071027907,36.2892392674552,30.1237607325448,66.413,"N"
"482",1994,"TANNER","EBS","W166",107.5,0.659976477958106,0.0413862873900484,0.668445485007563,0.183820750317334,26.8038886899038,13.8095113100962,40.6134,"N"
"483",1994,"TANNER","EBS","W166",112.5,0.738725770999329,0.0562700687354723,1.06058049631372,0.298717050007167,18.2946914639526,6.47050853604741,24.7652,"N"
"484",1994,"TANNER","EBS","W166",117.5,0.818916718899321,0.0381704081737793,1.53174586268437,0.26910228553978,24.2790790985833,5.3687209014167,29.6478,"N"
"485",1994,"TANNER","EBS","W166",122.5,0.92744591581052,0.0193199486742143,2.58279922486061,0.286711503888244,19.3674820815048,1.51511791849523,20.8826,"N"
"486",1994,"TANNER","EBS","W166",127.5,0.947112240811055,0.0111984223265843,2.91327694051824,0.263959798440348,18.8310538391499,1.05154616085013,19.8826,"N"
"487",1994,"TANNER","EBS","W166",132.5,0.945110581749068,0.0145960543041823,2.8849262002875,0.303537891889391,16.6791225245912,0.9686774754088,17.6478,"N"
"488",1994,"TANNER","EBS","W166",137.5,0.962503169784541,0.019131035824214,3.43655117725032,0.68664579217257,4.8125158489227,0.187484151077297,5,"N"
"489",1994,"TANNER","EBS","W166",142.5,0.970450810766805,0.0132523235528646,3.63897139963512,0.616298871279962,6.56529382499959,0.199906175000414,6.7652,"N"
"490",1994,"TANNER","EBS","W166",147.5,0.989515062486054,0.0053494579152785,4.94079314378872,0.998358038646244,7.45144422654498,0.0789557734550179,7.5304,"N"
"491",1994,"TANNER","EBS","W166",152.5,0.99564551712177,0.00222167493787252,5.87898324079005,1.07065847784506,4.74445001818866,0.0207499818113419,4.7652,"N"
"492",1994,"TANNER","EBS","W166",157.5,0.998725228760013,0.000650393489789164,7.39750075924818,1.43382062886719,3.7604002313272,0.00479976867279808,3.7652,"N"
"493",1994,"TANNER","EBS","W166",162.5,0.999423535326293,0.000294114629442392,8.32180568929667,1.58522830873256,3.76302949521056,0.00217050478944181,3.7652,"N"
"494",1994,"TANNER","EBS","W166",177.5,0.999981056233507,9.66518698640932e-06,12.2964428227776,1.87999490148817,0.999981056233507,1.89437664933623e-05,1,"N"
"495",1995,"TANNER","EBS","ALL",17.5,0.000206687891224004,0.000242432841595857,-9.68452233446114,1.76600420704241,0.00289363047713605,13.9971063695229,14,"N"
"496",1995,"TANNER","EBS","ALL",22.5,0.000451281756332378,0.000442813209648016,-8.51178154854773,1.46624989261601,0.0270769053799427,59.9729230946201,60,"N"
"497",1995,"TANNER","EBS","ALL",27.5,0.00102456060837324,0.000811097703319531,-7.36077077139413,1.12720047079006,0.142209832090693,138.658590167909,138.8008,"N"
"498",1995,"TANNER","EBS","ALL",32.5,0.00227625517670653,0.00244119985443191,-6.69831789566999,1.18048246100354,0.195757945196761,85.8042420548032,86,"N"
"499",1995,"TANNER","EBS","ALL",37.5,0.00541397654348329,0.00506141297780815,-5.68095455535008,1.02849597606609,0.44394607656563,81.5560539234344,82,"N"
"500",1995,"TANNER","EBS","ALL",42.5,0.00407906530262147,0.00255386644026169,-5.73497459010275,0.73144232621929,0.485408771011955,118.514591228988,119,"N"
"501",1995,"TANNER","EBS","ALL",47.5,0.00991045088358982,0.00515593321503994,-4.75601064375736,0.576506219454582,0.53516434771385,53.4648356522861,54,"N"
"502",1995,"TANNER","EBS","ALL",52.5,0.0136110807415001,0.00791696475148812,-4.44919721139764,0.582261237631991,0.748609440782504,54.2513905592175,55,"N"
"503",1995,"TANNER","EBS","ALL",57.5,0.0163249232478628,0.00639689739538971,-4.17812120412379,0.410861120941833,1.68146709452987,101.31853290547,103,"N"
"504",1995,"TANNER","EBS","ALL",62.5,0.0280819404438477,0.00960123816206262,-3.60356397427577,0.357704184162845,1.31985120086084,45.6801487991392,47,"N"
"505",1995,"TANNER","EBS","ALL",67.5,0.0342751750173608,0.00603989297197843,-3.35424082886172,0.185907736386421,1.67948357585068,47.3205164241493,49,"N"
"506",1995,"TANNER","EBS","ALL",72.5,0.0463400411992383,0.0081431361563048,-3.03931768420096,0.181967032948708,2.68976135136859,55.3542386486314,58.044,"N"
"507",1995,"TANNER","EBS","ALL",77.5,0.0893522418445699,0.0173733471836768,-2.33978840239328,0.211145610326422,5.25398330225418,53.5468166977458,58.8008,"N"
"508",1995,"TANNER","EBS","ALL",82.5,0.185485312072799,0.0376472914793974,-1.49756339844415,0.239808192856396,9.27426560363997,40.72573439636,50,"N"
"509",1995,"TANNER","EBS","ALL",87.5,0.308221774159256,0.0276139046330255,-0.811445208615934,0.127346764027467,19.266265014792,43.241534985208,62.5078,"N"
"510",1995,"TANNER","EBS","ALL",92.5,0.419698593043959,0.0273477403125417,-0.324941058226152,0.111867722587252,21.9369319707996,30.3313680292004,52.2683,"N"
"511",1995,"TANNER","EBS","ALL",97.5,0.567824393828468,0.0405115411752291,0.274770326000559,0.165418234504118,17.1840696304309,13.0789303695691,30.263,"N"
"512",1995,"TANNER","EBS","ALL",102.5,0.595713010633506,0.0298214242947762,0.389118550772062,0.124280711966545,16.2291286912907,11.0140713087093,27.2432,"N"
"513",1995,"TANNER","EBS","ALL",107.5,0.595222589319785,0.0354966907986893,0.388022956356341,0.150599608131101,16.0710099116342,10.9289900883658,27,"N"
"514",1995,"TANNER","EBS","ALL",112.5,0.715458882957899,0.046312499676833,0.935201563286327,0.243743783017087,8.63315615709978,3.43344384290022,12.0666,"N"
"515",1995,"TANNER","EBS","ALL",117.5,0.836521077551107,0.0289517962591698,1.64711456171573,0.208395206804357,15.444019437964,3.01818056203595,18.4622,"N"
"516",1995,"TANNER","EBS","ALL",122.5,0.873465907718092,0.0251043003019766,1.95144353983627,0.230239721161911,17.5077506543014,2.53624934569856,20.044,"N"
"517",1995,"TANNER","EBS","ALL",127.5,0.961344452990976,0.0141942622152282,3.29341988501193,0.433741311031747,18.0013671511466,0.723832848853377,18.7252,"N"
"518",1995,"TANNER","EBS","ALL",132.5,0.938802318174757,0.0248200947615808,2.84070429475684,0.534407414279766,6.7999329510034,0.443267048996602,7.2432,"N"
"519",1995,"TANNER","EBS","ALL",137.5,0.995204126284444,0.000970612292951795,5.35555344567113,0.203669396053688,3.8364123864139,0.0184876135860965,3.8549,"N"
"520",1995,"TANNER","EBS","ALL",142.5,0.953172208884939,0.0233712490998476,3.17660590252945,0.647912936897436,2.85951662665482,0.140483373345182,3,"N"
"521",1995,"TANNER","EBS","ALL",147.5,0.988422370847228,0.00590695364937361,4.71811848822806,0.806110533521384,3.95368948338891,0.0463105166110891,4,"N"
"522",1995,"TANNER","EBS","ALL",152.5,0.997793184944884,0.0011259260485288,6.83389487388396,1.48224593565308,0.997793184944884,0.00220681505511644,1,"N"
"523",1995,"TANNER","EBS","ALL",162.5,0.9996594157683,0.000173767465153187,8.8777014738957,1.51065815950947,0.9996594157683,0.000340584231700247,1,"N"
"524",1995,"TANNER","EBS","E166",22.5,0.000868328545346702,0.000882560943832615,-7.94096749916184,1.54835943604414,0.00347331418138681,3.99652668581861,4,"N"
"525",1995,"TANNER","EBS","E166",27.5,0.0030218751771032,0.00399961191932753,-6.83844267970122,1.59458177693048,0.0211531262397224,6.97884687376028,7,"N"
"526",1995,"TANNER","EBS","E166",32.5,0.00584126019834313,0.00868339734866721,-6.21537304823176,1.4880521520151,0.0876189029751469,14.9123810970249,15,"N"
"527",1995,"TANNER","EBS","E166",37.5,0.0136470926409585,0.0184956530937431,-5.24168868417796,1.43079466839561,0.232000574896295,16.7679994251037,17,"N"
"528",1995,"TANNER","EBS","E166",42.5,0.00888393425702129,0.00871354694765293,-5.28905505545322,1.12821595346346,0.0799554083131916,8.92004459168681,9,"N"
"529",1995,"TANNER","EBS","E166",47.5,0.0171448646250066,0.0172744089719705,-4.56120936384939,1.04455819076222,0.188593510875072,10.8114064891249,11,"N"
"530",1995,"TANNER","EBS","E166",52.5,0.0210835619117921,0.0173708399617883,-4.17562593533814,0.847305431099982,0.400587676324049,18.5994123236759,19,"N"
"531",1995,"TANNER","EBS","E166",57.5,0.0168313963222448,0.00577001188698235,-4.12508942007918,0.344555144135759,0.723750041856525,42.2762499581435,43,"N"
"532",1995,"TANNER","EBS","E166",62.5,0.0322981947652807,0.0153813623427344,-3.53539267570371,0.572414117459728,0.193789168591684,5.80621083140832,6,"N"
"533",1995,"TANNER","EBS","E166",67.5,0.0273630485556939,0.00672323734798227,-3.60190191695679,0.260893092129787,0.437808776891102,15.5621912231089,16,"N"
"534",1995,"TANNER","EBS","E166",72.5,0.0158699243080172,0.00859206365729179,-4.24225418211793,0.462734492058469,0.222178940312241,13.7778210596878,14,"N"
"535",1995,"TANNER","EBS","E166",77.5,0.0487548575388264,0.0152041740760469,-3.01703079990453,0.318181331052183,0.292529145232958,5.70747085476704,6,"N"
"536",1995,"TANNER","EBS","E166",82.5,0.0926361531624001,0.0270873794477639,-2.3235871015765,0.322666172545517,1.1116338379488,10.8883661620512,12,"N"
"537",1995,"TANNER","EBS","E166",87.5,0.204170299113468,0.0300546040125834,-1.37030365606922,0.183526819170295,2.04170299113468,7.95829700886532,10,"N"
"538",1995,"TANNER","EBS","E166",92.5,0.274276387832216,0.0545501868299035,-0.990888018510903,0.281393220580084,1.91993471482551,5.08006528517449,7,"N"
"539",1995,"TANNER","EBS","E166",97.5,0.362459585997411,0.0741170146882036,-0.578080140495106,0.321614974879141,1.81229792998706,3.18770207001294,5,"N"
"540",1995,"TANNER","EBS","E166",102.5,0.407292617352094,0.0563712341342816,-0.379910239688106,0.233621156485173,1.62917046940838,2.37082953059162,4,"N"
"541",1995,"TANNER","EBS","E166",107.5,0.428021777019674,0.0794041705511976,-0.297048984838034,0.327402973717082,4.70823954721642,6.29176045278358,11,"N"
"542",1995,"TANNER","EBS","E166",112.5,0.426794846460126,0.123695923430771,-0.307795903530664,0.516641834329525,1.28038453938038,1.71961546061962,3,"N"
"543",1995,"TANNER","EBS","E166",117.5,0.790109693663544,0.0478434344864531,1.35195926989293,0.303727427840632,5.53076785564481,1.46923214435519,7,"N"
"544",1995,"TANNER","EBS","E166",122.5,0.701673939155774,0.0679974737020864,0.88202700181509,0.356687294327123,2.10502181746732,0.894978182532679,3,"N"
"545",1995,"TANNER","EBS","E166",127.5,0.912805739747934,0.0444868674755438,2.50934546256219,0.653170954185029,2.7384172192438,0.261582780756197,3,"N"
"546",1995,"TANNER","EBS","E166",132.5,0.918450938983009,0.033516505407119,2.53835045930477,0.56519788624211,3.67380375593204,0.326196244067962,4,"N"
"547",1995,"TANNER","EBS","E166",137.5,0.995204126284444,0.000970612292951795,5.35555344567113,0.203669396053689,3.8364123864139,0.0184876135860965,3.8549,"N"
"548",1995,"TANNER","EBS","E166",142.5,0.953172208884939,0.0233712490998476,3.17660590252945,0.647912936897436,2.85951662665482,0.140483373345182,3,"N"
"549",1995,"TANNER","EBS","E166",147.5,0.986960238991704,0.00665293928994714,4.57201402946525,0.745636131047,2.96088071697511,0.0391192830248892,3,"N"
"550",1995,"TANNER","EBS","E166",152.5,0.997793184944884,0.0011259260485288,6.83389487388396,1.48224593565308,0.997793184944884,0.00220681505511644,1,"N"
"551",1995,"TANNER","EBS","E166",162.5,0.9996594157683,0.000173767465153187,8.8777014738957,1.51065815950947,0.9996594157683,0.000340584231700247,1,"N"
"552",1995,"TANNER","EBS","W166",17.5,0.000206687891224004,0.000242432841595857,-9.68452233446114,1.76600420704241,0.00289363047713605,13.9971063695229,14,"N"
"553",1995,"TANNER","EBS","W166",22.5,0.000421492699974212,0.00041217965355082,-8.57208967319747,1.45817494806851,0.0236035911985559,55.9763964088014,56,"N"
"554",1995,"TANNER","EBS","W166",27.5,0.000917833875693018,0.000681720459242623,-7.42173813683391,1.0721631960568,0.12097123908344,131.679828760917,131.8008,"N"
"555",1995,"TANNER","EBS","W166",32.5,0.00152308510171288,0.00120198182805086,-6.89738416122387,1.01068741002057,0.108139042221614,70.8918609577784,71,"N"
"556",1995,"TANNER","EBS","W166",37.5,0.00304172275268535,0.00152879970791898,-5.99729790282478,0.734721367857828,0.197711978924548,64.8022880210755,65,"N"
"557",1995,"TANNER","EBS","W166",42.5,0.00361902465805128,0.00207214656261232,-5.81810737634917,0.674997040374959,0.398092712385641,109.601907287614,110,"N"
"558",1995,"TANNER","EBS","W166",47.5,0.0080597869032274,0.00291652319537625,-4.88817028612913,0.406542336141003,0.346570836838778,42.6534291631612,43,"N"
"559",1995,"TANNER","EBS","W166",52.5,0.00966727123495709,0.00404852297191767,-4.71550337103808,0.419465575225047,0.348021764458455,35.6519782355415,36,"N"
"560",1995,"TANNER","EBS","W166",57.5,0.01612233401811,0.00685701156583251,-4.21081663633787,0.468376467308321,0.967340041086601,59.0326599589134,60,"N"
"561",1995,"TANNER","EBS","W166",62.5,0.0274649276163209,0.00993526465676634,-3.63013024901001,0.363763963453603,1.12606203226916,39.8739379677308,41,"N"
"562",1995,"TANNER","EBS","W166",67.5,0.0376265090593812,0.00880359175561533,-3.26921241530441,0.245893313182348,1.24167479895958,31.7583252010404,33,"N"
"563",1995,"TANNER","EBS","W166",72.5,0.0506929150408413,0.00855364538828922,-2.94397429156835,0.17719258408347,2.23271875005882,41.8112812499412,44.044,"N"
"564",1995,"TANNER","EBS","W166",77.5,0.0940365554183095,0.0196848195997702,-2.28577590764466,0.223988804571889,4.96520535533108,47.8355946446689,52.8008,"N"
"565",1995,"TANNER","EBS","W166",82.5,0.214806099097136,0.0505674241124489,-1.31939452780299,0.287927026052237,8.16263176569116,29.8373682343088,38,"N"
"566",1995,"TANNER","EBS","W166",87.5,0.332995934884444,0.0375661766574732,-0.699044428911245,0.166486436434756,17.4848839497254,35.0229160502746,52.5078,"N"
"567",1995,"TANNER","EBS","W166",92.5,0.447975132946243,0.0279824188099818,-0.209458347468044,0.113024330178653,20.2790727107504,24.9892272892496,45.2683,"N"
"568",1995,"TANNER","EBS","W166",97.5,0.614498213790072,0.0401256326461753,0.469637240298809,0.170690986696983,15.5240683749786,9.73893162502141,25.263,"N"
"569",1995,"TANNER","EBS","W166",102.5,0.629971263957399,0.0299653241984967,0.534239082826385,0.128929589545786,14.6425480824146,8.60065191758538,23.2432,"N"
"570",1995,"TANNER","EBS","W166",107.5,0.710173147776112,0.0387558014830286,0.903581848586309,0.188266178813757,11.3627703644178,4.63722963558222,16,"N"
"571",1995,"TANNER","EBS","W166",112.5,0.839172041456944,0.0240009892549388,1.66225024406296,0.173473413151871,7.60843723107353,1.45816276892647,9.0666,"N"
"572",1995,"TANNER","EBS","W166",117.5,0.872618820574767,0.02404840201066,1.93991696537715,0.203091460190144,10.0021314451921,1.46006855480791,11.4622,"N"
"573",1995,"TANNER","EBS","W166",122.5,0.907824301430556,0.0276515576590529,2.3385745735818,0.364648932604045,15.4729573935824,1.5710426064176,17.044,"N"
"574",1995,"TANNER","EBS","W166",127.5,0.975906066963888,0.00689157190844019,3.74515906016606,0.3094155623166,15.3463180842205,0.378881915779463,15.7252,"N"
"575",1995,"TANNER","EBS","W166",132.5,0.979505076558251,0.00819008793579168,3.96296449002401,0.468654926646534,3.17673086429372,0.0664691357062788,3.2432,"N"
"576",1995,"TANNER","EBS","W166",147.5,0.9928087664138,0.00366899672765317,5.87739516925234,1.61495128300835,0.9928087664138,0.00719123358620022,1,"N"
"577",1996,"TANNER","EBS","ALL",12.5,0.000251082417921613,0.000262576101624908,-9.00896868708405,1.35581675621019,0.00100432967168645,3.99899567032831,4,"N"
"578",1996,"TANNER","EBS","ALL",17.5,0.00088784374331294,0.00076376498054982,-7.67690067598341,1.35811539792938,0.0177568748662588,19.9822431251337,20,"N"
"579",1996,"TANNER","EBS","ALL",22.5,0.00170623001538657,0.00135975708493618,-6.91773317308289,1.22513770139571,0.087017730784715,50.9129822692153,51,"N"
"580",1996,"TANNER","EBS","ALL",27.5,0.00203764154501268,0.00151385842724617,-6.60555455306866,1.00900898155124,0.11139093528459,54.5552090647154,54.6666,"N"
"581",1996,"TANNER","EBS","ALL",32.5,0.00245461414010702,0.0015067290693983,-6.25129583653927,0.748758439543141,0.196369131208562,79.8036308687914,80,"N"
"582",1996,"TANNER","EBS","ALL",37.5,0.00361498709827214,0.00164718180400765,-5.7520985330133,0.551864349142056,0.544647331677945,150.119052668322,150.6637,"N"
"583",1996,"TANNER","EBS","ALL",42.5,0.00492414585796142,0.00154313300567598,-5.35593796891331,0.306873225220162,0.808352708188805,163.352647291811,164.161,"N"
"584",1996,"TANNER","EBS","ALL",47.5,0.00698866269139989,0.00260055929687197,-5.02109352221547,0.359371300497932,0.348974678297439,49.5854253217026,49.9344,"N"
"585",1996,"TANNER","EBS","ALL",52.5,0.0114626910725594,0.0017797405621393,-4.4699067838043,0.165002731745573,1.15915661082882,99.9651433891712,101.1243,"N"
"586",1996,"TANNER","EBS","ALL",57.5,0.0193644004097577,0.00492579543803538,-3.95865805097562,0.269853296065386,1.59433498825671,80.7389650117433,82.3333,"N"
"587",1996,"TANNER","EBS","ALL",62.5,0.0228644989466356,0.010182242088804,-3.83045457107374,0.373867808646451,1.96444001019851,83.9521599898015,85.9166,"N"
"588",1996,"TANNER","EBS","ALL",67.5,0.0280861060161147,0.00824372068824576,-3.5822383532059,0.279045501992532,2.46471308510775,85.2908869148923,87.7556,"N"
"589",1996,"TANNER","EBS","ALL",72.5,0.027522723382424,0.00963582448993233,-3.61806630039256,0.327137607586081,1.98385716731149,70.0968428326885,72.0807,"N"
"590",1996,"TANNER","EBS","ALL",77.5,0.056741410656107,0.0191334347543736,-2.85815290139089,0.31658742690226,5.22020978036185,86.7797902196382,92,"N"
"591",1996,"TANNER","EBS","ALL",82.5,0.10476405349628,0.0259682206307188,-2.18015878167364,0.30522334922746,7.40518426295246,63.2792157370475,70.6844,"N"
"592",1996,"TANNER","EBS","ALL",87.5,0.199159204407764,0.0311525291334285,-1.40360322223461,0.201416593017664,13.3436666953202,53.6563333046798,67,"N"
"593",1996,"TANNER","EBS","ALL",92.5,0.274628128597089,0.0387398910904878,-0.979961377031164,0.196812573465354,22.1777593017351,58.5778406982649,80.7556,"N"
"594",1996,"TANNER","EBS","ALL",97.5,0.286081578738842,0.0624643693198135,-0.93506795859898,0.311869776019216,21.3029217199985,53.1615782800015,74.4645,"N"
"595",1996,"TANNER","EBS","ALL",102.5,0.375319114009842,0.0766912450284954,-0.522248077822548,0.329641855626613,22.1438277265807,36.8561722734193,59,"N"
"596",1996,"TANNER","EBS","ALL",107.5,0.459799253752211,0.0752718404611528,-0.165563546007968,0.308895810743754,15.173375373823,17.826624626177,33,"N"
"597",1996,"TANNER","EBS","ALL",112.5,0.769103667796748,0.0505310920697095,1.22443761533431,0.282684157292885,11.5365550169512,3.46344498304878,15,"N"
"598",1996,"TANNER","EBS","ALL",117.5,0.825405604491676,0.047785607564312,1.58453345533786,0.309408361442563,9.07946164940843,1.92053835059157,11,"N"
"599",1996,"TANNER","EBS","ALL",122.5,0.764991934663161,0.0915678860954731,1.26296703051371,0.56057270808485,2.29497580398948,0.705024196010516,3,"N"
"600",1996,"TANNER","EBS","ALL",127.5,0.8616213752921,0.0181968246294526,1.8380087346411,0.161881146451471,4.3081068764605,0.691893123539499,5,"N"
"601",1996,"TANNER","EBS","ALL",132.5,0.916935252844703,0.0423799730384168,2.63308361106293,0.803951273610932,1.83387050568941,0.166129494310594,2,"N"
"602",1996,"TANNER","EBS","ALL",137.5,0.998270476265822,0.000590192050799782,6.41326661303218,0.330759995471134,0.998270476265822,0.00172952373417778,1,"N"
"603",1996,"TANNER","EBS","ALL",147.5,0.998585041275065,0.000721917716803583,6.79361044591163,0.717642399106515,0.998585041275065,0.00141495872493502,1,"N"
"604",1996,"TANNER","EBS","ALL",152.5,0.995685081738465,0.0022014889089463,6.29840634988743,1.20306372317495,3.98274032695386,0.017259673046139,4,"N"
"605",1996,"TANNER","EBS","ALL",157.5,0.998741276039529,0.000642206102281178,7.23403752443837,1.00120009581234,0.998741276039529,0.00125872396047111,1,"N"
"606",1996,"TANNER","EBS","ALL",167.5,0.999933492269558,3.39325155315932e-05,11.0782696802148,1.73323261600612,0.999933492269558,6.65077304419226e-05,1,"N"
"607",1996,"TANNER","EBS","E166",17.5,0.00120015435356443,0.00143371178627277,-8.25474985467029,2.08785174498465,0.00120015435356443,0.998799845646436,1,"N"
"608",1996,"TANNER","EBS","E166",22.5,0.000783795879132102,0.000846977901372864,-8.15094664000348,1.57542582301867,0.00235138763739631,2.9976486123626,3,"N"
"609",1996,"TANNER","EBS","E166",27.5,0.00114633438774862,0.000831333051129767,-7.08871897750191,0.839829819594959,0.0145201591558566,12.6520798408441,12.6666,"N"
"610",1996,"TANNER","EBS","E166",32.5,0.00107621613776693,0.000811503072798529,-7.14825397683089,0.846910459438338,0.0204481066175718,18.9795518933824,19,"N"
"611",1996,"TANNER","EBS","E166",37.5,0.00349056693630837,0.00168079076018298,-5.77953389387693,0.515493456011089,0.347882815970157,99.3158171840299,99.6637,"N"
"612",1996,"TANNER","EBS","E166",42.5,0.00489712775027061,0.00141374861100415,-5.35327060755897,0.278384280106461,0.573752384349455,116.587247615651,117.161,"N"
"613",1996,"TANNER","EBS","E166",47.5,0.00437027613994655,0.00148688754957174,-5.47769635978519,0.304453316615755,0.0841278156939711,19.165872184306,19.25,"N"
"614",1996,"TANNER","EBS","E166",52.5,0.0104499291051418,0.00114865815488878,-4.5563666011166,0.107219025474403,0.728940029693716,69.0265599703063,69.7555,"N"
"615",1996,"TANNER","EBS","E166",57.5,0.0132000834913501,0.00253400524515472,-4.33345793719107,0.201945156585056,0.611603428429774,45.7216965715702,46.3333,"N"
"616",1996,"TANNER","EBS","E166",62.5,0.0193167593195543,0.00810876320023221,-3.99743909040176,0.364214023822786,1.29261185668289,65.6239881433171,66.9166,"N"
"617",1996,"TANNER","EBS","E166",67.5,0.0167817993875218,0.00521132356062238,-4.11990519196323,0.325748301404063,1.20418808413126,70.5514119158687,71.7556,"N"
"618",1996,"TANNER","EBS","E166",72.5,0.0191018986553487,0.00473509808060123,-3.97164060950969,0.267910950983606,1.01394215195497,52.066757848045,53.0807,"N"
"619",1996,"TANNER","EBS","E166",77.5,0.0358617800509205,0.0123390833307786,-3.3430663606719,0.325401355192183,2.36687748336075,63.6331225166392,66,"N"
"620",1996,"TANNER","EBS","E166",82.5,0.058556400938522,0.0160926301736854,-2.81775802805135,0.30861532474298,2.57648164129497,41.423518358705,44,"N"
"621",1996,"TANNER","EBS","E166",87.5,0.120111746462432,0.0178058981540598,-2.00228756035364,0.170617655787159,3.96368763326025,29.0363123667398,33,"N"
"622",1996,"TANNER","EBS","E166",92.5,0.196542161416478,0.0322344836656029,-1.41973669529288,0.197132112207166,6.43785642249359,26.3177435775064,32.7556,"N"
"623",1996,"TANNER","EBS","E166",97.5,0.186011941198985,0.0300777907020386,-1.4889117003481,0.203093495458146,6.15444689009198,26.931853109908,33.0863,"N"
"624",1996,"TANNER","EBS","E166",102.5,0.249426980076599,0.0374384956491491,-1.11136999141684,0.198240211759592,5.48739356168518,16.5126064383148,22,"N"
"625",1996,"TANNER","EBS","E166",107.5,0.327387719222987,0.0642522023999979,-0.738656607965118,0.316440889521312,3.92865263067585,8.07134736932415,12,"N"
"626",1996,"TANNER","EBS","E166",112.5,0.343774603629457,0.141572012901827,-0.752133546708066,0.766540426098087,0.343774603629457,0.656225396370543,1,"N"
"627",1996,"TANNER","EBS","E166",117.5,0.711413937292091,0.0833765040903102,0.935939472181159,0.406694017115701,3.55706968646045,1.44293031353955,5,"N"
"628",1996,"TANNER","EBS","E166",122.5,0.555192288203569,0.21368990477701,0.314201474450821,1.02225285408068,0.555192288203569,0.444807711796431,1,"N"
"629",1996,"TANNER","EBS","E166",127.5,0.436938253749306,0.0840615168245527,-0.258091983807816,0.343675040500833,0.436938253749306,0.563061746250694,1,"N"
"630",1996,"TANNER","EBS","E166",137.5,0.998270476265822,0.000590192050799782,6.41326661303218,0.330759995471134,0.998270476265822,0.00172952373417778,1,"N"
"631",1996,"TANNER","EBS","E166",147.5,0.998585041275065,0.000721917716803583,6.79361044591163,0.717642399106515,0.998585041275065,0.00141495872493502,1,"N"
"632",1996,"TANNER","EBS","E166",152.5,0.995685081738465,0.0022014889089463,6.29840634988743,1.20306372317495,3.98274032695386,0.017259673046139,4,"N"
"633",1996,"TANNER","EBS","E166",157.5,0.998741276039529,0.000642206102281178,7.23403752443837,1.00120009581234,0.998741276039529,0.00125872396047111,1,"N"
"634",1996,"TANNER","EBS","E166",167.5,0.999933492269558,3.39325155315932e-05,11.0782696802148,1.73323261600612,0.999933492269558,6.65077304419226e-05,1,"N"
"635",1996,"TANNER","EBS","W166",12.5,0.000251082417921613,0.000262576101624908,-9.00896868708405,1.35581675621019,0.00100432967168645,3.99899567032831,4,"N"
"636",1996,"TANNER","EBS","W166",17.5,0.000871406342773388,0.000754663295839849,-7.68657926600012,1.34276910045949,0.0165567205126944,18.9834432794873,19,"N"
"637",1996,"TANNER","EBS","W166",22.5,0.00176388214890247,0.00140460668524883,-6.88046365551743,1.21937188117915,0.0846663431473187,47.9153336568527,48,"N"
"638",1996,"TANNER","EBS","W166",27.5,0.00214374953992507,0.00160243579048097,-6.57009789026059,1.03263233699382,0.0900374806768529,41.9099625193231,42,"N"
"639",1996,"TANNER","EBS","W166",32.5,0.00281616115711426,0.00175336514337575,-6.12003683890725,0.758161922086639,0.17178583058397,60.828214169416,61,"N"
"640",1996,"TANNER","EBS","W166",37.5,0.00373940726023591,0.00214536547249795,-5.82368783375458,0.755149022619916,0.190709770272032,50.809290229728,51,"N"
"641",1996,"TANNER","EBS","W166",42.5,0.00495921191262396,0.00229695816310193,-5.41042813116049,0.477513972093356,0.233082959893326,46.7669170401067,47,"N"
"642",1996,"TANNER","EBS","W166",47.5,0.00834300056284128,0.00375761027658349,-4.86913317900949,0.424509226708815,0.255999966470447,30.4284000335296,30.6844,"N"
"643",1996,"TANNER","EBS","W166",52.5,0.012945663953421,0.0040666486800562,-4.38897365150511,0.347637113124076,0.406089943422074,30.9627100565779,31.3688,"N"
"644",1996,"TANNER","EBS","W166",57.5,0.0257213522318656,0.0105648142877874,-3.7197949466235,0.426958235704688,0.92596868034716,35.0740313196528,36,"N"
"645",1996,"TANNER","EBS","W166",62.5,0.0331342715513449,0.0185904035607928,-3.53714253923823,0.608187099037874,0.629551159475552,18.3704488405244,19,"N"
"646",1996,"TANNER","EBS","W166",67.5,0.0768359283519215,0.0252568084200609,-2.54135068742778,0.367442143778312,1.22937485363074,14.7706251463693,16,"N"
"647",1996,"TANNER","EBS","W166",72.5,0.0505691910565248,0.027459311067781,-3.08445771023734,0.598052763037301,0.960814630073971,18.039185369926,19,"N"
"648",1996,"TANNER","EBS","W166",77.5,0.109743549884657,0.0375568406243764,-2.14276248075205,0.350294550250498,2.85333229700109,23.1466677029989,26,"N"
"649",1996,"TANNER","EBS","W166",82.5,0.186089521997934,0.0456958015515656,-1.50895890019727,0.33134116816547,4.96568724080168,21.7187127591983,26.6844,"N"
"650",1996,"TANNER","EBS","W166",87.5,0.275881737119411,0.0456352571053505,-0.977486990524222,0.235925071541376,9.37997906205997,24.62002093794,34,"N"
"651",1996,"TANNER","EBS","W166",92.5,0.32668544005083,0.0624412368848834,-0.737473260813039,0.287537845784386,15.6809011224399,32.3190988775602,48,"N"
"652",1996,"TANNER","EBS","W166",97.5,0.367388159239975,0.092309773070483,-0.563944272831751,0.404334273779396,15.2018607306635,26.1763392693365,41.3782,"N"
"653",1996,"TANNER","EBS","W166",102.5,0.450173896348528,0.100376632884577,-0.206906342896813,0.415071783657165,16.6564341648955,20.3435658351045,37,"N"
"654",1996,"TANNER","EBS","W166",107.5,0.53546298776891,0.101161976698516,0.149444841496744,0.417733997774178,11.2447227431471,9.75527725685289,21,"N"
"655",1996,"TANNER","EBS","W166",112.5,0.799484315237269,0.0445092400772267,1.4059022499741,0.277704371451332,11.1927804133218,2.80721958667823,14,"N"
"656",1996,"TANNER","EBS","W166",117.5,0.92039866049133,0.032375464513761,2.52517537092065,0.425167860938607,5.52239196294798,0.477608037052023,6,"N"
"657",1996,"TANNER","EBS","W166",122.5,0.869891757892958,0.0533739281469393,2.03430426768141,0.654312190387618,1.73978351578592,0.260216484214085,2,"N"
"658",1996,"TANNER","EBS","W166",127.5,0.967792155677799,0.00780274088755103,3.43323106463397,0.259561008353352,3.87116862271119,0.128831377288805,4,"N"
"659",1996,"TANNER","EBS","W166",132.5,0.916935252844703,0.0423799730384168,2.63308361106293,0.803951273610932,1.83387050568941,0.166129494310594,2,"N"
"660",1997,"TANNER","EBS","ALL",12.5,0.000156357827429757,0.000216009839167858,-10.0668994409642,1.91068838649754,0.000312715654859514,1.99968728434514,2,"N"
"661",1997,"TANNER","EBS","ALL",17.5,0.000982510576688756,0.00121841215281218,-8.21704022214772,1.88827570437728,0.0181109122132769,18.4151890877867,18.4333,"N"
"662",1997,"TANNER","EBS","ALL",22.5,0.00135493258047391,0.00153291370812691,-7.64445345082324,1.63937605013706,0.207736772812421,153.111163227188,153.3189,"N"
"663",1997,"TANNER","EBS","ALL",27.5,0.00139079389204528,0.00144219924206914,-7.4585591196869,1.56677689397019,0.214131634477302,153.749468365523,153.9636,"N"
"664",1997,"TANNER","EBS","ALL",32.5,0.00144873091116241,0.00128330493883371,-7.18283263080384,1.30367299915185,0.484611500138751,334.022988499861,334.5076,"N"
"665",1997,"TANNER","EBS","ALL",37.5,0.00248096373909998,0.00199355372063489,-6.4947521085004,1.12844467247011,0.463973960318549,186.549626039681,187.0136,"N"
"666",1997,"TANNER","EBS","ALL",42.5,0.00372571121019396,0.0029994540694555,-5.96253744241123,0.905843220288765,0.967059014278301,258.596540985722,259.5636,"N"
"667",1997,"TANNER","EBS","ALL",47.5,0.00507954022221961,0.00300320108751296,-5.50895298709738,0.733659296180061,0.663712027688059,130.000087972312,130.6638,"N"
"668",1997,"TANNER","EBS","ALL",52.5,0.00984725091864797,0.00585191545042477,-4.79103298952957,0.605552476905446,0.728204205434017,73.221795794566,73.95,"N"
"669",1997,"TANNER","EBS","ALL",57.5,0.0112431657328344,0.00663261546384761,-4.62502414257992,0.531242884709266,0.777276025241187,68.3559239747588,69.1332,"N"
"670",1997,"TANNER","EBS","ALL",62.5,0.0210365503679651,0.00729700046646795,-3.9022973121121,0.365124360682161,1.21358596879768,56.4758140312023,57.6894,"N"
"671",1997,"TANNER","EBS","ALL",67.5,0.0255568464018341,0.00708406929903591,-3.68334990170116,0.306946259601823,2.08976799617013,79.6796320038299,81.7694,"N"
"672",1997,"TANNER","EBS","ALL",72.5,0.0315760451348992,0.00576647581791037,-3.44289978704038,0.213642905228075,1.98376503560004,60.8412349644,62.825,"N"
"673",1997,"TANNER","EBS","ALL",77.5,0.0355352941552663,0.00749538964860426,-3.32266684269362,0.215907793977233,2.13549350226073,57.9595064977393,60.095,"N"
"674",1997,"TANNER","EBS","ALL",82.5,0.105514416246566,0.0182739424560196,-2.15119942571565,0.186233522946582,5.48674964482142,46.5132503551786,52,"N"
"675",1997,"TANNER","EBS","ALL",87.5,0.191457817576714,0.026331536698225,-1.44947412983102,0.170757369417347,16.6932071145137,70.4967928854863,87.19,"N"
"676",1997,"TANNER","EBS","ALL",92.5,0.232228940157121,0.0214801126599351,-1.20005970969421,0.12681826520699,18.6003769618846,61.4946230381154,80.095,"N"
"677",1997,"TANNER","EBS","ALL",97.5,0.229926877052345,0.0221353417915196,-1.21303844046063,0.126903788947001,15.6350276395594,52.3649723604406,68,"N"
"678",1997,"TANNER","EBS","ALL",102.5,0.273320834558464,0.0277047120595764,-0.982185431537934,0.139227277977634,19.861049767775,52.804650232225,72.6657,"N"
"679",1997,"TANNER","EBS","ALL",107.5,0.434237298449752,0.032818515320486,-0.265501434363213,0.132706436213484,20.4091530271384,26.5908469728616,47,"N"
"680",1997,"TANNER","EBS","ALL",112.5,0.47767393488147,0.0222036098156071,-0.0895241771513623,0.0890782722447098,21.1084111824122,23.0815888175878,44.19,"N"
"681",1997,"TANNER","EBS","ALL",117.5,0.599571181304795,0.0603875107845364,0.409765660801971,0.253576258110679,16.1884218952295,10.8115781047705,27,"N"
"682",1997,"TANNER","EBS","ALL",122.5,0.772191904336565,0.0504680163975818,1.24509829549146,0.301087408786234,21.6213733214238,6.37862667857619,28,"N"
"683",1997,"TANNER","EBS","ALL",127.5,0.778528870837262,0.0584703798735565,1.28750083966828,0.333311282077941,6.22823096669809,1.77176903330191,8,"N"
"684",1997,"TANNER","EBS","ALL",132.5,0.891822007230077,0.0312856552786316,2.15036874224711,0.324456191891034,5.35093204338046,0.64906795661954,6,"N"
"685",1997,"TANNER","EBS","ALL",137.5,0.943373640559917,0.0193660117671989,2.87739559548161,0.390669418287181,6.60361548391942,0.396384516080582,7,"N"
"686",1997,"TANNER","EBS","ALL",152.5,0.997756014791955,0.00114489041226765,6.57237621010693,1.10005302581416,1.99551202958391,0.00448797041608917,2,"N"
"687",1997,"TANNER","EBS","E166",12.5,2.9992267136846e-05,4.28445168653583e-05,-11.7803509192231,1.75944712743448,2.9992267136846e-05,0.999970007732863,1,"N"
"688",1997,"TANNER","EBS","E166",17.5,0.000116039986248758,0.000134904456474608,-10.4881678525604,2.11494812480809,0.000514440071036618,4.43278555992896,4.4333,"N"
"689",1997,"TANNER","EBS","E166",22.5,0.000933903615927412,0.00127370559650108,-8.21161256870612,1.72935948047597,0.0955559906877153,102.223344009312,102.3189,"N"
"690",1997,"TANNER","EBS","E166",27.5,0.00102969908576579,0.00115111386007679,-7.70574287379431,1.46093487197698,0.0617444640992254,59.9018555359008,59.9636,"N"
"691",1997,"TANNER","EBS","E166",32.5,0.00113563759125995,0.0010613111374112,-7.47690855019391,1.3936456354041,0.189092289790476,166.31850771021,166.5076,"N"
"692",1997,"TANNER","EBS","E166",37.5,0.00301843599373109,0.00328663630934677,-6.38806459168874,1.12246194401232,0.280755598146506,92.7328444018535,93.0136,"N"
"693",1997,"TANNER","EBS","E166",42.5,0.00539051702631643,0.00615349204135196,-5.74796021011234,0.991752880102665,0.89786392176456,165.665736078235,166.5636,"N"
"694",1997,"TANNER","EBS","E166",47.5,0.00574878158062165,0.0043605148593808,-5.47943131773609,0.853078633005902,0.423477096598597,73.2403229034014,73.6638,"N"
"695",1997,"TANNER","EBS","E166",52.5,0.00796681607334854,0.00757930444496564,-5.15473685376143,0.753829878892695,0.39794246286376,49.5520575371362,49.95,"N"
"696",1997,"TANNER","EBS","E166",57.5,0.0116017579439764,0.0106344918347576,-4.76296357465786,0.759325700129077,0.570031493412982,48.563168506587,49.1332,"N"
"697",1997,"TANNER","EBS","E166",62.5,0.0161903911283026,0.0118946418298302,-4.33028420599316,0.654060537368067,0.610206127391047,37.079193872609,37.6894,"N"
"698",1997,"TANNER","EBS","E166",67.5,0.0190449793508023,0.0104510167431106,-4.10313448518784,0.594516660760013,1.10021703010824,56.6691829698918,57.7694,"N"
"699",1997,"TANNER","EBS","E166",72.5,0.0220268010791288,0.00996889309846589,-3.87906368784608,0.409125430386744,0.943297756213691,41.8817022437863,42.825,"N"
"700",1997,"TANNER","EBS","E166",77.5,0.0262442979378016,0.00756552994899691,-3.65464956331941,0.294448693462226,0.658600656749132,24.4363993432509,25.095,"N"
"701",1997,"TANNER","EBS","E166",82.5,0.0850759059468755,0.0214795154481159,-2.40400756197025,0.260396148230849,1.87166993083126,20.1283300691687,22,"N"
"702",1997,"TANNER","EBS","E166",87.5,0.123114335338523,0.0259909525480887,-1.98386654724706,0.233626149700472,7.04090883801014,50.1490911619899,57.19,"N"
"703",1997,"TANNER","EBS","E166",92.5,0.204392111426458,0.0364126949761399,-1.37418537622054,0.227440328901012,10.0346307104819,39.0603692895181,49.095,"N"
"704",1997,"TANNER","EBS","E166",97.5,0.191641592175232,0.0343347489774898,-1.45561733008763,0.23166343862228,6.89909731830836,29.1009026816916,36,"N"
"705",1997,"TANNER","EBS","E166",102.5,0.235763930707241,0.0324341449941667,-1.18406850219959,0.17575159066458,10.6541720286602,34.5358279713398,45.19,"N"
"706",1997,"TANNER","EBS","E166",107.5,0.373916996064532,0.041652556404948,-0.519139400767434,0.17659211564103,8.60009090948424,14.3999090905158,23,"N"
"707",1997,"TANNER","EBS","E166",112.5,0.397833076546476,0.0378351959764081,-0.417099959284474,0.158757802723592,8.82791596856631,13.3620840314337,22.19,"N"
"708",1997,"TANNER","EBS","E166",117.5,0.588268167088592,0.0249367509333733,0.357842566236333,0.10414280301675,7.6474861721517,5.3525138278483,13,"N"
"709",1997,"TANNER","EBS","E166",122.5,0.770095017565928,0.054401046165848,1.23559096809388,0.316827091231074,10.0112352283571,2.98876477164293,13,"N"
"710",1997,"TANNER","EBS","E166",127.5,0.74448267301863,0.0814925019034612,1.11025275536288,0.417225244683968,3.72241336509315,1.27758663490685,5,"N"
"711",1997,"TANNER","EBS","E166",132.5,0.876145038095707,0.015623707107138,1.96357118882118,0.137101591293131,1.75229007619141,0.247709923808586,2,"N"
"712",1997,"TANNER","EBS","E166",137.5,0.933234158174019,0.0131583994296833,2.65709683367478,0.215153041125887,3.73293663269608,0.267063367303923,4,"N"
"713",1997,"TANNER","EBS","E166",152.5,0.997016948985797,0.00152196480316482,6.27192622940901,1.01742413239266,0.997016948985797,0.00298305101420304,1,"N"
"714",1997,"TANNER","EBS","W166",12.5,0.000282723387722668,0.000389637446039954,-9.50536023354183,1.97447555064831,0.000282723387722668,0.999717276612277,1,"N"
"715",1997,"TANNER","EBS","W166",17.5,0.00104440133314876,0.00129852812327664,-8.15675072816294,1.88754660884808,0.0146216186640826,13.9853783813359,14,"N"
"716",1997,"TANNER","EBS","W166",22.5,0.00156957479769369,0.00202061556180316,-7.51787632079738,1.59981985533963,0.0800483146823784,50.9199516853176,51,"N"
"717",1997,"TANNER","EBS","W166",27.5,0.00147530544245112,0.00164036613939626,-7.43647333334558,1.58087211664354,0.138678711590405,93.8613212884096,94,"N"
"718",1997,"TANNER","EBS","W166",32.5,0.00158664106397659,0.00145098010213299,-7.09136142161429,1.28322114349234,0.266555698748067,167.733444301252,168,"N"
"719",1997,"TANNER","EBS","W166",37.5,0.00226940551121327,0.00208777307832856,-6.61470891722024,1.1326150908753,0.213324118054048,93.786675881946,94,"N"
"720",1997,"TANNER","EBS","W166",42.5,0.00270534635515116,0.00208239391671336,-6.23543572049004,0.839901222776508,0.251597211029058,92.7484027889709,93,"N"
"721",1997,"TANNER","EBS","W166",47.5,0.00459815608722867,0.00323060174103357,-5.61382832772264,0.690197023565589,0.262094896972034,56.737905103028,57,"N"
"722",1997,"TANNER","EBS","W166",52.5,0.0119627401196098,0.00842568927255525,-4.61560433382251,0.615860395790644,0.287105762870636,23.7128942371294,24,"N"
"723",1997,"TANNER","EBS","W166",57.5,0.0107949254689069,0.00501653753830002,-4.62487413313646,0.471971605085518,0.215898509378138,19.7841014906219,20,"N"
"724",1997,"TANNER","EBS","W166",62.5,0.0273365573795263,0.0124385794050387,-3.66255634012929,0.428546861611343,0.546731147590526,19.4532688524095,20,"N"
"725",1997,"TANNER","EBS","W166",67.5,0.0393945638852765,0.0152621877187226,-3.2739448003411,0.427056107571431,0.945469533246635,23.0545304667534,24,"N"
"726",1997,"TANNER","EBS","W166",72.5,0.0501970710436515,0.0217122668479042,-3.05013103378472,0.512545809920264,1.00394142087303,18.996058579127,20,"N"
"727",1997,"TANNER","EBS","W166",77.5,0.0419062629900993,0.0125293758652065,-3.17103694249727,0.298524225161601,1.46671920465347,33.5332807953465,35,"N"
"728",1997,"TANNER","EBS","W166",82.5,0.120502657133005,0.0296065846025804,-2.01281114545961,0.253351479830289,3.61507971399016,26.3849202860098,30,"N"
"729",1997,"TANNER","EBS","W166",87.5,0.316754201680063,0.0575269416406099,-0.780153696626147,0.258834407301164,9.50262605040188,20.4973739495981,30,"N"
"730",1997,"TANNER","EBS","W166",92.5,0.275331126578793,0.0393759946248245,-0.976440734781893,0.197817939728528,8.53526492394257,22.4647350760574,31,"N"
"731",1997,"TANNER","EBS","W166",97.5,0.272997822539096,0.0444553995664418,-0.990018839127712,0.219162850811783,8.73593032125107,23.2640696787489,32,"N"
"732",1997,"TANNER","EBS","W166",102.5,0.333133681432635,0.062370155406139,-0.705303963137607,0.273770834160753,9.15308109093865,18.3226189090613,27.4757,"N"
"733",1997,"TANNER","EBS","W166",107.5,0.492044254902255,0.0926892848337066,-0.0289708718651535,0.380357863161351,11.8090621176541,12.1909378823459,24,"N"
"734",1997,"TANNER","EBS","W166",112.5,0.550256533367828,0.0388349768399906,0.203125418748733,0.15819142424535,12.1056437340922,9.89435626590779,22,"N"
"735",1997,"TANNER","EBS","W166",117.5,0.610066837362699,0.116078472510373,0.481108931958663,0.526321567002131,8.54093572307778,5.45906427692222,14,"N"
"736",1997,"TANNER","EBS","W166",122.5,0.77400920620445,0.0896871388620008,1.31730808400739,0.566814020718312,11.6101380930667,3.38986190693326,15,"N"
"737",1997,"TANNER","EBS","W166",127.5,0.835272533868314,0.0740213062891149,1.71859353408141,0.537715373942622,2.50581760160494,0.494182398395057,3,"N"
"738",1997,"TANNER","EBS","W166",132.5,0.899660491797262,0.0416621039807534,2.28995865692375,0.504959410879841,3.59864196718905,0.401358032810954,4,"N"
"739",1997,"TANNER","EBS","W166",137.5,0.95689295040778,0.0219933926490917,3.54551070974928,1.10053687115749,2.87067885122334,0.129321148776659,3,"N"
"740",1997,"TANNER","EBS","W166",152.5,0.998495080598114,0.000767816021370531,7.65339154087612,1.64890340106548,0.998495080598114,0.00150491940188624,1,"N"
"741",1998,"TANNER","EBS","ALL",7.5,0.000359315717832783,0.000458819344152387,-10.1940959602207,2.86180936161359,0.000359315717832783,0.999640684282167,1,"N"
"742",1998,"TANNER","EBS","ALL",12.5,0.000284398207638499,0.000323986256988179,-9.87433259885977,2.53375210132223,0.00199078745346949,6.99800921254653,7,"N"
"743",1998,"TANNER","EBS","ALL",17.5,0.0012136199870349,0.00136056098342331,-7.66953390964226,1.74291191001132,0.0194179197925585,15.9805820802074,16,"N"
"744",1998,"TANNER","EBS","ALL",22.5,0.00270783275518956,0.00277018288912961,-6.70686510472055,1.52556339789994,0.117210436291309,43.1684895637087,43.2857,"N"
"745",1998,"TANNER","EBS","ALL",27.5,0.00287352804382476,0.00237787169180595,-6.52049413526548,1.42443108902287,0.396332792208552,137.529167207791,137.9255,"N"
"746",1998,"TANNER","EBS","ALL",32.5,0.00369942544889344,0.00306324497613631,-6.16903920562867,1.25666538367448,0.847622347299178,228.275077652701,229.1227,"N"
"747",1998,"TANNER","EBS","ALL",37.5,0.00616601606079974,0.00470928551031633,-5.54814773258628,1.11421750311002,1.93381062105226,311.690189378948,313.624,"N"
"748",1998,"TANNER","EBS","ALL",42.5,0.00585867376412497,0.00412156731508542,-5.51210746597756,0.990765600638178,2.65438053430145,450.414119465698,453.0685,"N"
"749",1998,"TANNER","EBS","ALL",47.5,0.00805052479666477,0.00478977215241247,-5.06417208213573,0.787303856454108,2.14026341424003,263.71363658576,265.8539,"N"
"750",1998,"TANNER","EBS","ALL",52.5,0.012840384119909,0.00663025331624888,-4.49717456366353,0.587032850419569,2.97483451213229,228.703165487868,231.678,"N"
"751",1998,"TANNER","EBS","ALL",57.5,0.015748217444011,0.00615226156862169,-4.22535409378127,0.449956722515106,3.0262751029893,189.139924897011,192.1662,"N"
"752",1998,"TANNER","EBS","ALL",62.5,0.0228898908895082,0.00507513109287743,-3.77599450602954,0.211289366356091,3.17594031507202,135.572659684928,138.7486,"N"
"753",1998,"TANNER","EBS","ALL",67.5,0.0301244743028335,0.00666512155868628,-3.49605423417413,0.227645751467496,2.25933557271251,72.7406644272875,75,"N"
"754",1998,"TANNER","EBS","ALL",72.5,0.0431325420417169,0.0172778949715404,-3.18223237494184,0.431631412317121,3.52759495088181,78.2574050491182,81.785,"N"
"755",1998,"TANNER","EBS","ALL",77.5,0.0767408453334338,0.0159988175808201,-2.50865343407684,0.224680274099621,7.96472513687469,95.8225748631253,103.7873,"N"
"756",1998,"TANNER","EBS","ALL",82.5,0.16302211817094,0.0214259214618509,-1.6435924430552,0.15089764014104,11.0855040356239,56.9144959643761,68,"N"
"757",1998,"TANNER","EBS","ALL",87.5,0.234436317363268,0.0456724671796097,-1.20022087537946,0.253134477609304,15.0039243112491,48.9960756887509,64,"N"
"758",1998,"TANNER","EBS","ALL",92.5,0.363113652002902,0.0295829553820602,-0.564062333930164,0.127813129047523,21.4237054681712,37.5762945318288,59,"N"
"759",1998,"TANNER","EBS","ALL",97.5,0.450422814667083,0.0235965476665768,-0.199376309786434,0.0952559110124985,26.2420385630375,32.0188614369626,58.2609,"N"
"760",1998,"TANNER","EBS","ALL",102.5,0.496360194805296,0.0266039262198757,-0.0146560251030857,0.106692284543819,33.2561330519549,33.7438669480451,67,"N"
"761",1998,"TANNER","EBS","ALL",107.5,0.519901350512253,0.0430967268454512,0.0799777375148361,0.173209812642443,34.3134891338087,31.6865108661913,66,"N"
"762",1998,"TANNER","EBS","ALL",112.5,0.554973349027218,0.0601742472012754,0.224104776707684,0.245527599357078,26.0837474042793,20.9162525957207,47,"N"
"763",1998,"TANNER","EBS","ALL",117.5,0.69307744347586,0.0391641668796999,0.821750602198843,0.191006956420631,31.1884849564137,13.8115150435863,45,"N"
"764",1998,"TANNER","EBS","ALL",122.5,0.794952413609521,0.0369513016871771,1.37262293190963,0.246453982728944,30.2081917171618,7.79180828283822,38,"N"
"765",1998,"TANNER","EBS","ALL",127.5,0.855824595166575,0.0214432818734129,1.79251287396025,0.181809873940269,22.2514394743309,3.74856052566906,26,"N"
"766",1998,"TANNER","EBS","ALL",132.5,0.913072090380492,0.0145327699747877,2.3661949749982,0.189559180856796,21.9137301691318,2.08626983086818,24,"N"
"767",1998,"TANNER","EBS","ALL",137.5,0.929388650672887,0.025206170224352,2.65436505949242,0.442090512578587,11.1526638080746,0.847336191925359,12,"N"
"768",1998,"TANNER","EBS","ALL",142.5,0.991327335143424,0.00281529971627827,4.79776937340999,0.360468419856698,3.9653093405737,0.0346906594263032,4,"N"
"769",1998,"TANNER","EBS","ALL",147.5,0.989684085821139,0.00526322151982699,4.75111093544028,0.604515655372543,2.96905225746342,0.0309477425365827,3,"N"
"770",1998,"TANNER","EBS","ALL",152.5,0.998289890780846,0.000872504703650022,6.55039815360353,0.625132481675195,0.998289890780846,0.00171010921915404,1,"N"
"771",1998,"TANNER","EBS","ALL",157.5,0.999543026653323,0.000233149666671793,9.01100967094209,1.45081758755814,0.999543026653323,0.000456973346676715,1,"N"
"772",1998,"TANNER","EBS","E166",22.5,0.000799006045218632,0.000869933174444731,-8.27155778439789,1.86768815422838,0.00399503022609316,4.99600496977391,5,"N"
"773",1998,"TANNER","EBS","E166",27.5,0.00321721705877373,0.00392133504545994,-6.82665901352529,1.74493925189343,0.0482582558816059,14.9517417441184,15,"N"
"774",1998,"TANNER","EBS","E166",32.5,0.00223534845773342,0.00220076038481546,-6.94163189627287,1.53780635033683,0.125179513633072,55.8748204863669,56,"N"
"775",1998,"TANNER","EBS","E166",37.5,0.00431412158028384,0.00402518697376341,-6.17883618269901,1.40581663090975,0.289046145879017,66.710953854121,67,"N"
"776",1998,"TANNER","EBS","E166",42.5,0.00645090710748991,0.00587066410303196,-5.71901771422196,1.34554997562084,0.787010667113769,121.212989332886,122,"N"
"777",1998,"TANNER","EBS","E166",47.5,0.0078510837190052,0.00701936451611809,-5.4273425849343,1.19805501999418,0.423958520826281,53.5760414791737,54,"N"
"778",1998,"TANNER","EBS","E166",52.5,0.0092517266371324,0.00602877951817656,-4.94985633532335,0.80065938601186,0.42557942530809,45.5744205746919,46,"N"
"779",1998,"TANNER","EBS","E166",57.5,0.0143477495280062,0.00721254113793998,-4.38830394817665,0.612085191257614,0.803473973568348,55.1965260264317,56,"N"
"780",1998,"TANNER","EBS","E166",62.5,0.0168517176372795,0.00535885992237004,-4.13664860971433,0.416493683518221,0.724623858403016,42.275376141597,43,"N"
"781",1998,"TANNER","EBS","E166",67.5,0.0186917695771566,0.00547579807830355,-4.02195515609495,0.389803662875834,0.392527161120288,20.6074728388797,21,"N"
"782",1998,"TANNER","EBS","E166",72.5,0.0212835197817958,0.00791426039040699,-3.89872804117963,0.390962824133451,0.553371514326691,25.4466284856733,26,"N"
"783",1998,"TANNER","EBS","E166",77.5,0.0702013795352174,0.0195001617833645,-2.62994570914325,0.343023638613936,2.10604138605652,27.8939586139435,30,"N"
"784",1998,"TANNER","EBS","E166",82.5,0.15654999764257,0.0222298675916043,-1.69554775926011,0.186085881130426,3.91374994106425,21.0862500589358,25,"N"
"785",1998,"TANNER","EBS","E166",87.5,0.180046799651254,0.0508763567042391,-1.55373504515527,0.344753263053065,7.20187198605016,32.7981280139498,40,"N"
"786",1998,"TANNER","EBS","E166",92.5,0.222238686695116,0.0367706186137209,-1.26488969705816,0.211141071656171,6.44492191415835,22.5550780858416,29,"N"
"787",1998,"TANNER","EBS","E166",97.5,0.332153121307953,0.0519026397701843,-0.7071444010561,0.232455118161513,7.97167491139088,16.0283250886091,24,"N"
"788",1998,"TANNER","EBS","E166",102.5,0.422411359397854,0.0446743686439017,-0.315527435624187,0.184180314608594,8.87063854735494,12.1293614526451,21,"N"
"789",1998,"TANNER","EBS","E166",107.5,0.390155585393061,0.061458424414992,-0.454811431853585,0.264480536845067,12.0948231471849,18.9051768528151,31,"N"
"790",1998,"TANNER","EBS","E166",112.5,0.460009843674864,0.0801306039460864,-0.163501620397151,0.326081592612362,13.340285466571,15.659714533429,29,"N"
"791",1998,"TANNER","EBS","E166",117.5,0.596887720485231,0.0514597538628409,0.397566067934266,0.21882740733387,17.3097438940717,11.6902561059283,29,"N"
"792",1998,"TANNER","EBS","E166",122.5,0.739394496377643,0.0383270480513632,1.05371363056962,0.212294605813722,15.5272844239305,5.4727155760695,21,"N"
"793",1998,"TANNER","EBS","E166",127.5,0.824283597324367,0.0193326001712203,1.55184740608107,0.139650806290537,13.1885375571899,2.81146244281013,16,"N"
"794",1998,"TANNER","EBS","E166",132.5,0.89849176560085,0.0144305956598143,2.19129807119575,0.166861479088725,14.3758682496136,1.62413175038641,16,"N"
"795",1998,"TANNER","EBS","E166",137.5,0.918499907425395,0.0248896819192931,2.47304085751996,0.358056746383132,5.51099944455237,0.489000555447627,6,"N"
"796",1998,"TANNER","EBS","E166",142.5,0.989145467766008,0.00371713877880899,4.58488688722266,0.411240871246961,2.96743640329802,0.0325635967019773,3,"N"
"797",1998,"TANNER","EBS","E166",147.5,0.986175106041804,0.00705351732561042,4.48215594842959,0.653429093391964,1.97235021208361,0.0276497879163928,2,"N"
"798",1998,"TANNER","EBS","E166",152.5,0.998289890780846,0.000872504703650022,6.55039815360353,0.625132481675195,0.998289890780846,0.00171010921915404,1,"N"
"799",1998,"TANNER","EBS","E166",157.5,0.999543026653323,0.000233149666671793,9.01100967094209,1.45081758755814,0.999543026653323,0.000456973346676715,1,"N"
"800",1998,"TANNER","EBS","W166",7.5,0.000359315717832783,0.000458819344152387,-10.1940959602207,2.86180936161359,0.000359315717832783,0.999640684282167,1,"N"
"801",1998,"TANNER","EBS","W166",12.5,0.000284398207638499,0.000323986256988179,-9.87433259885977,2.53375210132223,0.00199078745346949,6.99800921254653,7,"N"
"802",1998,"TANNER","EBS","W166",17.5,0.0012136199870349,0.00136056098342331,-7.66953390964226,1.74291191001132,0.0194179197925585,15.9805820802074,16,"N"
"803",1998,"TANNER","EBS","W166",22.5,0.00296578231059104,0.0031284052642033,-6.62140202656433,1.51627868188184,0.113547051808595,38.1721529481914,38.2857,"N"
"804",1998,"TANNER","EBS","W166",27.5,0.00283132062093629,0.00241404368930353,-6.51682826263303,1.3923467594676,0.348041502988904,122.577458497011,122.9255,"N"
"805",1998,"TANNER","EBS","W166",32.5,0.00424205538268002,0.00368403864635308,-6.03355690394393,1.23483535638583,0.734396081399099,172.388303918601,173.1227,"N"
"806",1998,"TANNER","EBS","W166",37.5,0.00681202576330529,0.0055769293872954,-5.45466657240653,1.09362622863045,1.6800090418494,244.943990958151,246.624,"N"
"807",1998,"TANNER","EBS","W166",42.5,0.00557202200888898,0.0034774846806086,-5.48084826717634,0.876055389035269,1.84472096844986,329.22377903155,331.0685,"N"
"808",1998,"TANNER","EBS","W166",47.5,0.00812254518581961,0.00479194173932263,-5.02735336723578,0.724219137185219,1.72079287554211,210.133107124458,211.8539,"N"
"809",1998,"TANNER","EBS","W166",52.5,0.0141625210872478,0.00787000746929556,-4.40832715845421,0.595222563798262,2.629668590438,183.048331409562,185.678,"N"
"810",1998,"TANNER","EBS","W166",57.5,0.0168033645040146,0.0068650802429881,-4.16243364790071,0.452834021920608,2.28805029172655,133.878149708273,136.1662,"N"
"811",1998,"TANNER","EBS","W166",62.5,0.0259089775156226,0.00674428627164526,-3.65658595709111,0.244465223592575,2.48074832455234,93.2678516754477,95.7486,"N"
"812",1998,"TANNER","EBS","W166",67.5,0.0345705261405968,0.0086459513545142,-3.36048022345139,0.258387756379843,1.86680841159223,52.1331915884078,54,"N"
"813",1998,"TANNER","EBS","W166",72.5,0.0544940336168758,0.0226848318941483,-2.94391377765936,0.456172112083166,3.03994966531742,52.7450503346826,55.785,"N"
"814",1998,"TANNER","EBS","W166",77.5,0.0797133297871685,0.0197458737074803,-2.47228970495584,0.243485506408612,5.88183137900474,67.9054686209953,73.7873,"N"
"815",1998,"TANNER","EBS","W166",82.5,0.166784978943248,0.0299475347278277,-1.62202510129753,0.200094673393269,7.17175409455968,35.8282459054403,43,"N"
"816",1998,"TANNER","EBS","W166",87.5,0.325085513549957,0.0530789876623588,-0.739683640269734,0.236916917577019,7.80205232519897,16.197947674801,24,"N"
"817",1998,"TANNER","EBS","W166",92.5,0.499292785133762,0.0448649387435185,-0.00246398270916385,0.180536624620334,14.9787835540129,15.0212164459871,30,"N"
"818",1998,"TANNER","EBS","W166",97.5,0.536437137110086,0.0153048785160235,0.14612733304482,0.0614722984443141,18.3788191108149,15.8820808891851,34.2609,"N"
"819",1998,"TANNER","EBS","W166",102.5,0.530119445752172,0.0207497665414974,0.12078780994001,0.0832366587450711,24.3854945045999,21.6145054954001,46,"N"
"820",1998,"TANNER","EBS","W166",107.5,0.634819028189251,0.0279322814733071,0.554726317891699,0.11892429148595,22.2186659866238,12.7813340133762,35,"N"
"821",1998,"TANNER","EBS","W166",112.5,0.707970107650456,0.0446430263486505,0.895104837330797,0.216130230011027,12.7434619377082,5.25653806229179,18,"N"
"822",1998,"TANNER","EBS","W166",117.5,0.867421316396376,0.0194699357436672,1.8899324619498,0.180622270780509,13.878741062342,2.12125893765798,16,"N"
"823",1998,"TANNER","EBS","W166",122.5,0.863582781954781,0.0388041129909306,1.89206436350296,0.367495197715628,14.6809072932313,2.31909270676872,17,"N"
"824",1998,"TANNER","EBS","W166",127.5,0.906290191714107,0.0277957823257222,2.31681973697769,0.348955648637856,9.06290191714107,0.937098082858927,10,"N"
"825",1998,"TANNER","EBS","W166",132.5,0.942232739939778,0.0167754008239982,2.83528119641552,0.31725448360546,7.53786191951823,0.462138080481775,8,"N"
"826",1998,"TANNER","EBS","W166",137.5,0.940277393920378,0.0304707173875622,2.94250592635204,0.657339454452994,5.64166436352227,0.358335636477732,6,"N"
"827",1998,"TANNER","EBS","W166",142.5,0.997872937275673,0.00108523608384005,6.33150244258799,0.639921854387003,0.997872937275673,0.0021270627243265,1,"N"
"828",1998,"TANNER","EBS","W166",147.5,0.99670204537981,0.00114750994942065,5.76014571938691,0.299573084681909,0.99670204537981,0.00329795462018978,1,"N"
"829",1999,"TANNER","EBS","ALL",17.5,0.000913851390927625,0.00119912344218697,-8.05567524136546,1.64418306126182,0.0170327277646654,18.6213672722353,18.6384,"N"
"830",1999,"TANNER","EBS","ALL",22.5,0.00173896008839169,0.00246242621116651,-7.38311670385899,1.52419622134254,0.462340274932849,265.409359725067,265.8717,"N"
"831",1999,"TANNER","EBS","ALL",27.5,0.002893755026916,0.0040273569890159,-6.7379143654502,1.33556357567652,1.01134046998539,348.479359530015,349.4907,"N"
"832",1999,"TANNER","EBS","ALL",32.5,0.00247803355429074,0.00276898331913739,-6.61992740957436,1.16041046332517,2.16579884841656,871.833201151583,873.999,"N"
"833",1999,"TANNER","EBS","ALL",37.5,0.00268901690877983,0.00245028358908923,-6.27893648039148,0.844488019080108,1.15720847733084,429.189091522669,430.3463,"N"
"834",1999,"TANNER","EBS","ALL",42.5,0.00667661124840294,0.00580248760874329,-5.32791066316196,0.795235894510061,1.98077429486419,294.692825705136,296.6736,"N"
"835",1999,"TANNER","EBS","ALL",47.5,0.00736044446269199,0.00545303133869457,-5.12268976255229,0.633696498856394,1.9420790330369,261.911420966963,263.8535,"N"
"836",1999,"TANNER","EBS","ALL",52.5,0.0174210083280518,0.0108312971195654,-4.20963602031036,0.593491419957478,2.29743031527849,129.579569684722,131.877,"N"
"837",1999,"TANNER","EBS","ALL",57.5,0.0181240182757373,0.0076680500003474,-4.07767949418514,0.420264507263882,2.70396940900477,146.488630590995,149.1926,"N"
"838",1999,"TANNER","EBS","ALL",62.5,0.0206585451776108,0.00760542610537914,-3.92601026510473,0.377834437592165,2.65759788582857,125.986402114171,128.644,"N"
"839",1999,"TANNER","EBS","ALL",67.5,0.0308088289812325,0.00929647350816395,-3.49929884192398,0.338473694313104,3.91717315640432,123.227326843596,127.1445,"N"
"840",1999,"TANNER","EBS","ALL",72.5,0.0385610658200094,0.0126965979624503,-3.26364908811499,0.31415195256633,7.67406084547955,191.33653915452,199.0106,"N"
"841",1999,"TANNER","EBS","ALL",77.5,0.0672136059683621,0.0123549692123988,-2.64865600024064,0.210991225044515,15.7795164682927,218.987183531707,234.7667,"N"
"842",1999,"TANNER","EBS","ALL",82.5,0.090612660290912,0.0271707895363394,-2.34344584715459,0.294807893529037,24.7825263445003,248.7170736555,273.4996,"N"
"843",1999,"TANNER","EBS","ALL",87.5,0.168698833194934,0.0390278067599355,-1.61687225437405,0.256842586487096,49.8444489209912,245.619651079009,295.4641,"N"
"844",1999,"TANNER","EBS","ALL",92.5,0.20518550968969,0.0340862110698629,-1.36664288805847,0.206548691297947,52.6483857828699,203.94081421713,256.5892,"N"
"845",1999,"TANNER","EBS","ALL",97.5,0.271533547491331,0.0374591362223751,-0.994633617695725,0.186614117879014,47.016576815219,126.135423184781,173.152,"N"
"846",1999,"TANNER","EBS","ALL",102.5,0.300970381577736,0.0320269838359748,-0.847637038243773,0.156575053510864,37.7486081686243,87.6743918313757,125.423,"N"
"847",1999,"TANNER","EBS","ALL",107.5,0.359738665644568,0.0284291598246192,-0.578664663695674,0.124098784891673,34.8454383180629,62.0177616819371,96.8632,"N"
"848",1999,"TANNER","EBS","ALL",112.5,0.484919481042567,0.0423149860438511,-0.0609271184005674,0.170197053310797,41.0001845818896,43.5503154181104,84.5505,"N"
"849",1999,"TANNER","EBS","ALL",117.5,0.634096673621797,0.038869323365192,0.553523014361845,0.16755742452028,45.1883287586511,26.0757712413489,71.2641,"N"
"850",1999,"TANNER","EBS","ALL",122.5,0.709364765604991,0.0396136191124743,0.900152553574189,0.194363906825226,32.4874875351774,13.3105124648226,45.798,"N"
"851",1999,"TANNER","EBS","ALL",127.5,0.765530498874736,0.0295836727343814,1.1903795059789,0.164853253669739,24.2425901792155,7.42510982078451,31.6677,"N"
"852",1999,"TANNER","EBS","ALL",132.5,0.842826059176251,0.0370539311809009,1.70874404432014,0.296589315734652,11.4947989254694,2.14360107453063,13.6384,"N"
"853",1999,"TANNER","EBS","ALL",137.5,0.94964751871749,0.00815094013185793,2.95074037979774,0.17727728824968,3.79859007486996,0.201409925130039,4,"N"
"854",1999,"TANNER","EBS","ALL",142.5,0.908564184988956,0.013635992544152,2.30842079605664,0.176864396395567,8.29546357820467,0.834836421795334,9.1303,"N"
"855",1999,"TANNER","EBS","ALL",147.5,0.991122273217086,0.00452945244026207,4.9379867998422,0.609529497821335,4.95561136608543,0.0443886339145685,5,"N"
"856",1999,"TANNER","EBS","ALL",152.5,0.987418437649401,0.00449980961106253,4.43097180714526,0.383849972246931,0.987418437649401,0.0125815623505989,1,"N"
"857",1999,"TANNER","EBS","ALL",157.5,0.999268124019779,0.000373406112357629,7.45373216800124,0.6986248656781,0.999268124019779,0.000731875980220953,1,"N"
"858",1999,"TANNER","EBS","E166",17.5,0.000791833852180538,0.0012413998551772,-8.58450490717326,1.89751166221308,0.000791833852180538,0.999208166147819,1,"N"
"859",1999,"TANNER","EBS","E166",22.5,0.000362731380657156,0.000472333985892543,-9.11351208259026,1.84589601149013,0.00399004518722872,10.9960099548128,11,"N"
"860",1999,"TANNER","EBS","E166",27.5,0.000834094581016506,0.00113188095604109,-8.07501272908173,1.48032567846595,0.0271636245821321,32.5394363754179,32.5666,"N"
"861",1999,"TANNER","EBS","E166",32.5,0.00092214256718905,0.00107953569842997,-7.86268528172371,1.46671899951181,0.134079160412261,145.265520839588,145.3996,"N"
"862",1999,"TANNER","EBS","E166",37.5,0.00121387961044275,0.000999348366574851,-7.24488798844851,1.16164621981843,0.121448290860914,99.9282517091391,100.0497,"N"
"863",1999,"TANNER","EBS","E166",42.5,0.00385478293113456,0.00256246360019972,-5.9328651676033,0.988681286339573,0.137936854059667,35.6453631459403,35.7833,"N"
"864",1999,"TANNER","EBS","E166",47.5,0.00283610005392562,0.00179475824607298,-6.17419980952717,0.884262666972006,0.141805002696281,49.8581949973037,50,"N"
"865",1999,"TANNER","EBS","E166",52.5,0.0127358078678651,0.0112210370397713,-4.76512912441431,0.957123121459209,0.522168122582469,40.4778318774175,41,"N"
"866",1999,"TANNER","EBS","E166",57.5,0.014068902252073,0.00948697622302027,-4.53569628142364,0.813853505173874,0.5205493833267,36.4794506166733,37,"N"
"867",1999,"TANNER","EBS","E166",62.5,0.0129630232653244,0.00632176995618126,-4.44472432327283,0.474882384937032,0.337038604898435,25.6629613951016,26,"N"
"868",1999,"TANNER","EBS","E166",67.5,0.0179568002711474,0.00752477634214081,-4.08616022345849,0.416916246078641,0.63316755164082,34.6274324483592,35.2606,"N"
"869",1999,"TANNER","EBS","E166",72.5,0.0275095339316761,0.00821784353611619,-3.60434643548591,0.280149217479557,2.10264445985998,74.33065554014,76.4333,"N"
"870",1999,"TANNER","EBS","E166",77.5,0.0433283034394864,0.014242131061724,-3.14013970435904,0.306212392501265,5.54419871867946,122.413701281321,127.9579,"N"
"871",1999,"TANNER","EBS","E166",82.5,0.0769180645128787,0.0291653589542903,-2.54239714018632,0.356317175082419,14.1424245545637,169.721075445436,183.8635,"N"
"872",1999,"TANNER","EBS","E166",87.5,0.132235956232373,0.0327355480971153,-1.9062471215312,0.256386235105181,28.9989220466994,190.297877953301,219.2968,"N"
"873",1999,"TANNER","EBS","E166",92.5,0.186369280244972,0.0244211439489924,-1.48158743616242,0.158403260605243,32.4677650500371,141.744234949963,174.212,"N"
"874",1999,"TANNER","EBS","E166",97.5,0.219313017906983,0.0323574828450652,-1.27919751169149,0.185294617398257,21.7305865167098,77.3542134832902,99.0848,"N"
"875",1999,"TANNER","EBS","E166",102.5,0.260772133404732,0.0307189770163679,-1.04836518637867,0.163645089388355,17.7435618099782,50.2988381900219,68.0424,"N"
"876",1999,"TANNER","EBS","E166",107.5,0.309072659547737,0.0476662124810673,-0.814361207345811,0.227418780505501,19.7132105567418,44.0685894432582,63.7818,"N"
"877",1999,"TANNER","EBS","E166",112.5,0.457988928466899,0.0487973520267781,-0.170369265975981,0.198589082282205,33.3929345512714,39.5191654487286,72.9121,"N"
"878",1999,"TANNER","EBS","E166",117.5,0.587089652302779,0.0499742079758971,0.355409815760721,0.206032645408078,31.4982404805225,22.1532595194775,53.6515,"N"
"879",1999,"TANNER","EBS","E166",122.5,0.661616906512134,0.0491058841897685,0.678639415202004,0.223116833424953,22.1781926465746,11.3430073534254,33.5212,"N"
"880",1999,"TANNER","EBS","E166",127.5,0.718180472958968,0.0273650218905866,0.939475456516343,0.136162806703742,16.080707151977,6.31019284802304,22.3909,"N"
"881",1999,"TANNER","EBS","E166",132.5,0.766307941202557,0.066685164925814,1.23040212716971,0.401897096375359,5.3641555884179,1.6358444115821,7,"N"
"882",1999,"TANNER","EBS","E166",137.5,0.936825269922186,0.00976404084665064,2.70955345504639,0.176208835139525,2.81047580976656,0.189524190233444,3,"N"
"883",1999,"TANNER","EBS","E166",142.5,0.906127603443392,0.0156267610541374,2.28273141079942,0.200470658516469,7.36708925427581,0.763210745724191,8.1303,"N"
"884",1999,"TANNER","EBS","E166",147.5,0.991122273217086,0.00452945244026207,4.9379867998422,0.609529497821335,4.95561136608543,0.0443886339145685,5,"N"
"885",1999,"TANNER","EBS","E166",152.5,0.987418437649401,0.00449980961106253,4.43097180714526,0.383849972246931,0.987418437649401,0.0125815623505989,1,"N"
"886",1999,"TANNER","EBS","E166",157.5,0.999268124019779,0.000373406112357629,7.45373216800124,0.6986248656781,0.999268124019779,0.000731875980220953,1,"N"
"887",1999,"TANNER","EBS","W166",17.5,0.000921028893206865,0.00119722730312185,-8.03345947562116,1.63466215641244,0.01624547602994,17.6221545239701,17.6384,"N"
"888",1999,"TANNER","EBS","W166",22.5,0.00180230115862215,0.00255412099711699,-7.34681674570519,1.52241096838665,0.459355560209997,254.41234443979,254.8717,"N"
"889",1999,"TANNER","EBS","W166",27.5,0.00306539339740763,0.00426877949874346,-6.67903977326066,1.33358106445529,0.971497043619354,315.952602956381,316.9241,"N"
"890",1999,"TANNER","EBS","W166",32.5,0.00270853592275025,0.00301965507195511,-6.52315153195397,1.15138785772423,1.97343764819428,726.625962351806,728.5994,"N"
"891",1999,"TANNER","EBS","W166",37.5,0.00301233467279891,0.002791384917624,-6.1637036010643,0.833354184590381,0.994963900487594,329.301636099512,330.2966,"N"
"892",1999,"TANNER","EBS","W166",42.5,0.0070998854959932,0.00637389981970698,-5.27339080963813,0.793930118264567,1.85229125701531,259.038008742985,260.8903,"N"
"893",1999,"TANNER","EBS","W166",47.5,0.00897628175153712,0.00696528767286851,-4.92965741479813,0.631965997131108,1.91960926955234,211.933890730448,213.8535,"N"
"894",1999,"TANNER","EBS","W166",52.5,0.0199485506815736,0.013852659599607,-4.07173718973,0.564601613479251,1.81286444028936,89.0641355597106,90.877,"N"
"895",1999,"TANNER","EBS","W166",57.5,0.0198486078490198,0.00877208926200164,-4.00094040463756,0.473794714153907,2.22686692096194,109.965733079038,112.1926,"N"
"896",1999,"TANNER","EBS","W166",62.5,0.0233994159956855,0.00891886215180652,-3.80180411158192,0.387190555056626,2.40180965546114,100.242190344539,102.644,"N"
"897",1999,"TANNER","EBS","W166",67.5,0.0361210008480677,0.0109333948137372,-3.33401177788487,0.336624793565774,3.31893842982377,88.5649615701762,91.8839,"N"
"898",1999,"TANNER","EBS","W166",72.5,0.0440351890918006,0.0151482397031769,-3.13060597103303,0.335813771067752,5.39771458386237,117.179585416138,122.5773,"N"
"899",1999,"TANNER","EBS","W166",77.5,0.0860408444322994,0.0153567696307732,-2.38192669984722,0.222281482164704,9.18991934480058,97.6188806551994,106.8088,"N"
"900",1999,"TANNER","EBS","W166",82.5,0.109442729485708,0.0313897994961613,-2.13810247109069,0.330074635068432,9.81001944445384,79.8260805555462,89.6361,"N"
"901",1999,"TANNER","EBS","W166",87.5,0.234994973126862,0.0611630878761806,-1.21037831852754,0.339510525841745,17.8989326166456,58.2683673833544,76.1673,"N"
"902",1999,"TANNER","EBS","W166",92.5,0.235089874342903,0.0759359226120419,-1.22853043227592,0.431605497851838,19.3660455967202,63.0111544032798,82.3772,"N"
"903",1999,"TANNER","EBS","W166",97.5,0.335577593207985,0.0711277213409881,-0.700022480589802,0.322586722206768,24.8552927116545,49.2119072883455,74.0672,"N"
"904",1999,"TANNER","EBS","W166",102.5,0.350973080524642,0.0804723148072622,-0.634283862223808,0.361018255646757,20.1390459443523,37.2415540556477,57.3806,"N"
"905",1999,"TANNER","EBS","W166",107.5,0.463097318082103,0.0548234818174764,-0.149465674437369,0.22135806916417,15.3199076184013,17.7614923815987,33.0814,"N"
"906",1999,"TANNER","EBS","W166",112.5,0.626916940077905,0.0511050243287297,0.52497623074834,0.21965760719469,7.29631011540269,4.34208988459732,11.6384,"N"
"907",1999,"TANNER","EBS","W166",117.5,0.778475381958783,0.049814227025876,1.28089129633849,0.296316620903611,13.7109755122873,3.90162448771274,17.6126,"N"
"908",1999,"TANNER","EBS","W166",122.5,0.817882627179664,0.0701580382839223,1.5827721294876,0.513960185888081,10.0409814373593,2.2358185626407,12.2768,"N"
"909",1999,"TANNER","EBS","W166",127.5,0.860230550706273,0.0518951231953765,1.8729433203931,0.388658831087893,7.98018677279195,1.29661322720805,9.2768,"N"
"910",1999,"TANNER","EBS","W166",132.5,0.932097196812226,0.0254579216364837,2.69144596061647,0.415333847426766,6.18763403131828,0.450765968681717,6.6384,"N"
"911",1999,"TANNER","EBS","W166",137.5,0.988114265103404,0.00606415045744674,4.70037935650959,0.829254238387416,0.988114265103404,0.0118857348965956,1,"N"
"912",1999,"TANNER","EBS","W166",142.5,0.923183674262342,0.0391920029273767,2.97656655895658,1.12098442562175,0.923183674262342,0.0768163257376583,1,"N"
"913",2000,"TANNER","EBS","ALL",7.5,0.000221904356904051,0.000329865119656626,-10.1574837157426,2.12248926888963,0.000221904356904051,0.999778095643096,1,"N"
"914",2000,"TANNER","EBS","ALL",12.5,0.000194122910149764,0.000190727278326009,-9.39028092706689,1.73346681128687,0.000194122910149764,0.99980587708985,1,"N"
"915",2000,"TANNER","EBS","ALL",17.5,0.000655828633257792,0.000791584930943059,-8.28875172837745,1.7019251377767,0.0248092102017824,37.8039907897982,37.8288,"N"
"916",2000,"TANNER","EBS","ALL",22.5,0.00082625268088602,0.000817464565690937,-7.82274367935055,1.46969442995192,0.0490924640369876,59.366707535963,59.4158,"N"
"917",2000,"TANNER","EBS","ALL",27.5,0.00125985870939005,0.000960309285514631,-7.26926888967863,1.42310015776919,0.107444530312912,85.1755554696871,85.283,"N"
"918",2000,"TANNER","EBS","ALL",32.5,0.00230467439183006,0.00160520826860686,-6.5725613859478,1.27302366386239,0.693011671676832,300.005288328323,300.6983,"N"
"919",2000,"TANNER","EBS","ALL",37.5,0.00376519477694825,0.00220755267679519,-5.92993298950687,1.04617917002162,1.40950857165961,372.94259142834,374.3521,"N"
"920",2000,"TANNER","EBS","ALL",42.5,0.00500943142549723,0.00320005245015776,-5.58441979562335,0.873415787570403,3.66445168678119,727.846048313219,731.5105,"N"
"921",2000,"TANNER","EBS","ALL",47.5,0.00648245948339428,0.00393371059470303,-5.22790448143365,0.653948554701709,2.131232370142,326.637867629858,328.7691,"N"
"922",2000,"TANNER","EBS","ALL",52.5,0.010926507385903,0.0038934327653211,-4.5836354447382,0.425272363043597,2.5701243261062,232.649075673894,235.2192,"N"
"923",2000,"TANNER","EBS","ALL",57.5,0.0137617864072045,0.00356635466515509,-4.30493496977185,0.260746795404837,3.9045490865977,279.819450913402,283.724,"N"
"924",2000,"TANNER","EBS","ALL",62.5,0.0166526640912094,0.0031823044899949,-4.09765957489653,0.203790122208902,3.62158142016239,213.856018579838,217.4776,"N"
"925",2000,"TANNER","EBS","ALL",67.5,0.020544713599454,0.00288940998023985,-3.8738169321344,0.139514610347951,2.29749066817062,109.531309331829,111.8288,"N"
"926",2000,"TANNER","EBS","ALL",72.5,0.0422524325154483,0.00732203216497534,-3.13738124679486,0.194871883093622,3.7604664938749,85.2395335061251,89,"N"
"927",2000,"TANNER","EBS","ALL",77.5,0.0709920406800734,0.0162778469605826,-2.59841721055443,0.252952118866863,7.52515631208779,98.4748436879122,106,"N"
"928",2000,"TANNER","EBS","ALL",82.5,0.124036259854066,0.0130248955956426,-1.96067524988903,0.12774123781588,10.7911546073038,76.2088453926962,87,"N"
"929",2000,"TANNER","EBS","ALL",87.5,0.203679525326287,0.0261420082955342,-1.37164212123489,0.167304909099923,20.7753115832813,81.2246884167187,102,"N"
"930",2000,"TANNER","EBS","ALL",92.5,0.284169947439246,0.021622769230993,-0.926177362761786,0.104602789040768,33.532053797831,84.467946202169,118,"N"
"931",2000,"TANNER","EBS","ALL",97.5,0.32385484516394,0.029920949068598,-0.739396995785567,0.137057561709585,29.1469360647546,60.8530639352454,90,"N"
"932",2000,"TANNER","EBS","ALL",102.5,0.295556413497117,0.0175756259996263,-0.870003470540432,0.0846552091628376,24.5311823202607,58.4688176797393,83,"N"
"933",2000,"TANNER","EBS","ALL",107.5,0.371647392446504,0.0255335777745388,-0.526764976516565,0.110548504430994,26.0153174712553,43.9846825287447,70,"N"
"934",2000,"TANNER","EBS","ALL",112.5,0.414454818500726,0.0232124417931094,-0.3463448277096,0.0956200823386863,25.2817439285443,35.7182560714557,61,"N"
"935",2000,"TANNER","EBS","ALL",117.5,0.441371596891049,0.0256941632764491,-0.236101086261689,0.103636775183632,28.2477822010271,35.7522177989729,64,"N"
"936",2000,"TANNER","EBS","ALL",122.5,0.532929252656764,0.0292636218109427,0.132502479370014,0.118398155006819,19.7183823483003,17.2816176516997,37,"N"
"937",2000,"TANNER","EBS","ALL",127.5,0.445386471616483,0.0449586095988216,-0.220461246121446,0.181084204256603,17.3700723930428,21.6299276069572,39,"N"
"938",2000,"TANNER","EBS","ALL",132.5,0.525275662238597,0.0409276745012751,0.102125653713418,0.165492515456027,18.3846481783509,16.6153518216491,35,"N"
"939",2000,"TANNER","EBS","ALL",137.5,0.777660819376568,0.03345211925986,1.26241604151474,0.19394847845443,18.6638596650376,5.33614033496238,24,"N"
"940",2000,"TANNER","EBS","ALL",142.5,0.80992429482133,0.0582385097682895,1.50764618040969,0.444454916995532,22.6778802549972,5.32211974500276,28,"N"
"941",2000,"TANNER","EBS","ALL",147.5,0.933459726399856,0.0332503364825973,2.78944330119994,0.617096047099329,14.9353556223977,1.0646443776023,16,"N"
"942",2000,"TANNER","EBS","ALL",152.5,0.978740861012941,0.0108464994831934,4.13707170192221,0.87522430903476,11.7448903321553,0.25510966784471,12,"N"
"943",2000,"TANNER","EBS","ALL",157.5,0.997438430203678,0.00130692336547043,6.43600098300305,1.01036811375012,1.99487686040736,0.0051231395926441,2,"N"
"944",2000,"TANNER","EBS","ALL",162.5,0.997147653718728,0.00145527871493484,6.4450908546582,1.14899576022688,0.997147653718728,0.00285234628127229,1,"N"
"945",2000,"TANNER","EBS","ALL",172.5,0.999959688654145,2.05670131911134e-05,10.5406438283364,1.06499133278668,0.999959688654145,4.03113458545823e-05,1,"N"
"946",2000,"TANNER","EBS","E166",17.5,0.000629839872084138,0.000641758406854766,-8.43840364393188,2.00556363166175,0.00377903923250482,5.9962209607675,6,"N"
"947",2000,"TANNER","EBS","E166",22.5,0.00105564113960285,0.0009517806875074,-7.62226785714105,1.53484967535862,0.0126676936752342,11.9873323063248,12,"N"
"948",2000,"TANNER","EBS","E166",27.5,0.00130378369729778,0.00127285769304686,-7.41416553562629,1.53371630731566,0.0130378369729778,9.98696216302702,10,"N"
"949",2000,"TANNER","EBS","E166",32.5,0.0011764525186324,0.00116741613546316,-7.67360870248082,1.8706083529259,0.0211761453353831,17.9788238546646,18,"N"
"950",2000,"TANNER","EBS","E166",37.5,0.00493236154025339,0.00369346376409515,-5.81908732532981,1.22699862730688,0.27621224625419,55.7237877537458,56,"N"
"951",2000,"TANNER","EBS","E166",42.5,0.00488704331245099,0.00335816600192773,-5.7385975548712,1.09458924285055,0.557122937619413,113.442877062381,114,"N"
"952",2000,"TANNER","EBS","E166",47.5,0.00391482922995742,0.00233079481491554,-5.80867128935986,0.828043453801308,0.176167315348084,44.8238326846519,45,"N"
"953",2000,"TANNER","EBS","E166",52.5,0.0106209461936589,0.00526891242127217,-4.71810521116193,0.678600671875287,0.541668255876603,50.4583317441234,51,"N"
"954",2000,"TANNER","EBS","E166",57.5,0.0109279612719388,0.00464442571918494,-4.61276264062993,0.490793489872882,0.557326024868878,50.4426739751311,51,"N"
"955",2000,"TANNER","EBS","E166",62.5,0.0135850945382821,0.0049364979231049,-4.36763048516314,0.438530226924755,1.1411479412157,82.8588520587843,84,"N"
"956",2000,"TANNER","EBS","E166",67.5,0.013406089161835,0.00513178299686541,-4.41119113216537,0.538722791724546,0.72392881473909,53.2760711852609,54,"N"
"957",2000,"TANNER","EBS","E166",72.5,0.0283560238957468,0.0117922924540212,-3.63135899479456,0.467626387787922,0.595476501810682,20.4045234981893,21,"N"
"958",2000,"TANNER","EBS","E166",77.5,0.0411015186816009,0.0146341165021651,-3.23355601670076,0.458054674912753,1.84956834067204,43.150431659328,45,"N"
"959",2000,"TANNER","EBS","E166",82.5,0.0724766572137458,0.0162866837228346,-2.57885859029923,0.273458385678042,2.39172968805361,30.6082703119464,33,"N"
"960",2000,"TANNER","EBS","E166",87.5,0.132630535411445,0.0236149530906724,-1.89473290196456,0.217704913818828,5.43785195186923,35.5621480481308,41,"N"
"961",2000,"TANNER","EBS","E166",92.5,0.229183507715523,0.0318822794513251,-1.22245629070891,0.188238031572225,9.39652381633645,31.6034761836636,41,"N"
"962",2000,"TANNER","EBS","E166",97.5,0.222828567414271,0.033952277874019,-1.26070230613698,0.20425459242423,6.68485702242812,23.3151429775719,30,"N"
"963",2000,"TANNER","EBS","E166",102.5,0.161362646431706,0.0280336691453648,-1.66221007902025,0.204769971387832,6.45450585726823,33.5454941427318,40,"N"
"964",2000,"TANNER","EBS","E166",107.5,0.244516404451499,0.0358050534847472,-1.13924673190215,0.208892688136349,11.2477546047689,34.7522453952311,46,"N"
"965",2000,"TANNER","EBS","E166",112.5,0.325744531955804,0.0345894331839697,-0.732024508131219,0.160321719005417,13.355525810188,27.644474189812,41,"N"
"966",2000,"TANNER","EBS","E166",117.5,0.360628701229215,0.0295549264796897,-0.5746628461781,0.125887556258019,18.7526924639192,33.2473075360808,52,"N"
"967",2000,"TANNER","EBS","E166",122.5,0.422983215850659,0.0383952646866105,-0.312024634575348,0.155890792434643,11.8435300438185,16.1564699561815,28,"N"
"968",2000,"TANNER","EBS","E166",127.5,0.372630490511528,0.0506175105936048,-0.525665204374662,0.211034449150154,12.669436677392,21.330563322608,34,"N"
"969",2000,"TANNER","EBS","E166",132.5,0.467904283512471,0.0468921407630715,-0.129331809544309,0.188926583500783,14.5050327888866,16.4949672111134,31,"N"
"970",2000,"TANNER","EBS","E166",137.5,0.747863487374384,0.0378047417375237,1.09712012506364,0.200823360239622,15.7051332348621,5.29486676513794,21,"N"
"971",2000,"TANNER","EBS","E166",142.5,0.80992429482133,0.0582385097682895,1.50764618040969,0.444454916995532,22.6778802549972,5.32211974500276,28,"N"
"972",2000,"TANNER","EBS","E166",147.5,0.933459726399856,0.0332503364825973,2.78944330119994,0.617096047099328,14.9353556223977,1.0646443776023,16,"N"
"973",2000,"TANNER","EBS","E166",152.5,0.976826252005575,0.0118233408134821,4.04891193755457,0.876610645218735,10.7450887720613,0.254911227938674,11,"N"
"974",2000,"TANNER","EBS","E166",157.5,0.997438430203678,0.00130692336547043,6.43600098300305,1.01036811375012,1.99487686040736,0.0051231395926441,2,"N"
"975",2000,"TANNER","EBS","E166",162.5,0.997147653718728,0.00145527871493484,6.4450908546582,1.14899576022688,0.997147653718728,0.00285234628127229,1,"N"
"976",2000,"TANNER","EBS","E166",172.5,0.999959688654145,2.05670131911134e-05,10.5406438283364,1.06499133278668,0.999959688654145,4.03113458545823e-05,1,"N"
"977",2000,"TANNER","EBS","W166",7.5,0.000221904356904051,0.000329865119656626,-10.1574837157426,2.12248926888963,0.000221904356904051,0.999778095643096,1,"N"
"978",2000,"TANNER","EBS","W166",12.5,0.000194122910149764,0.000190727278326009,-9.39028092706689,1.73346681128687,0.000194122910149764,0.99980587708985,1,"N"
"979",2000,"TANNER","EBS","W166",17.5,0.000660858716065596,0.000823370156933241,-8.27929516878474,1.66446970974708,0.0210343399019087,31.8077656600981,31.8288,"N"
"980",2000,"TANNER","EBS","W166",22.5,0.000755671616665455,0.000793704158442467,-7.91580537554704,1.45148058902624,0.0358307742414859,47.3799692257585,47.4158,"N"
"981",2000,"TANNER","EBS","W166",27.5,0.00125330274104562,0.000932046249796692,-7.26591503909709,1.41588914552812,0.0943523902541372,75.1886476097459,75.283,"N"
"982",2000,"TANNER","EBS","W166",32.5,0.00240570918644477,0.00165213365713846,-6.51997092241763,1.25956815831109,0.68008989730232,282.018210102698,282.6983,"N"
"983",2000,"TANNER","EBS","W166",37.5,0.00351761394836837,0.00196049124696515,-5.97199321107106,1.00884743353079,1.11983978745236,317.232260212548,318.3521,"N"
"984",2000,"TANNER","EBS","W166",42.5,0.00503825837774366,0.00325031605054551,-5.5626086183019,0.83729758190949,3.11117744996968,614.39932255003,617.5105,"N"
"985",2000,"TANNER","EBS","W166",47.5,0.00703795641322437,0.00435934286388521,-5.14431556475242,0.644585753304763,1.99715455721991,281.77194544278,283.7691,"N"
"986",2000,"TANNER","EBS","W166",52.5,0.0110283611166511,0.00362651536634223,-4.5580301023216,0.372430960939383,2.03163586222057,182.187564137779,184.2192,"N"
"987",2000,"TANNER","EBS","W166",57.5,0.0145346478077315,0.00345628222117601,-4.24280998928289,0.229862959598586,3.38256137640652,229.341438623593,232.724,"N"
"988",2000,"TANNER","EBS","W166",62.5,0.0189129784986294,0.00250925690702705,-3.95737415363956,0.133359634207662,2.52445897884866,130.953141021151,133.4776,"N"
"989",2000,"TANNER","EBS","W166",67.5,0.0273076209614088,0.00476157194339013,-3.588483895359,0.18357769201215,1.57916695105312,56.2496330489469,57.8288,"N"
"990",2000,"TANNER","EBS","W166",72.5,0.0465439704715326,0.00688982533435166,-3.03193669593678,0.1693619177613,3.16498999206421,64.8350100079358,68,"N"
"991",2000,"TANNER","EBS","W166",77.5,0.0930424257609138,0.020173082339578,-2.30196836257698,0.252030977912021,5.67558797141574,55.3244120285843,61,"N"
"992",2000,"TANNER","EBS","W166",82.5,0.15554490591204,0.0236620529720351,-1.70341360992242,0.185734751985966,8.39942491925015,45.6005750807498,54,"N"
"993",2000,"TANNER","EBS","W166",87.5,0.251433764449378,0.0469109981760361,-1.10731393167543,0.256982280187729,15.337459631412,45.662540368588,61,"N"
"994",2000,"TANNER","EBS","W166",92.5,0.313448441318111,0.035383486364206,-0.789023666258234,0.164411724019233,24.1355299814946,52.8644700185054,77,"N"
"995",2000,"TANNER","EBS","W166",97.5,0.374367984038775,0.0557023103138845,-0.520389662462005,0.238023079310471,22.4620790423265,37.5379209576735,60,"N"
"996",2000,"TANNER","EBS","W166",102.5,0.420387824720755,0.0203879768250026,-0.321806320749045,0.0845717639544841,18.0766764629925,24.9233235370075,43,"N"
"997",2000,"TANNER","EBS","W166",107.5,0.615315119436931,0.0268510198888888,0.471160217577576,0.113347844096246,14.7675628664863,9.23243713351365,24,"N"
"998",2000,"TANNER","EBS","W166",112.5,0.596310905917814,0.0463370155106573,0.393595878578241,0.19295866859238,11.9262181183563,8.07378188164371,20,"N"
"999",2000,"TANNER","EBS","W166",117.5,0.791257478092329,0.0220199679809723,1.3373747678636,0.12966363647362,9.49508973710795,2.50491026289205,12,"N"
"1000",2000,"TANNER","EBS","W166",122.5,0.874983589386869,0.0145506571864445,1.9525502585201,0.135731534296298,7.87485230448182,1.12514769551818,9,"N"
"1001",2000,"TANNER","EBS","W166",127.5,0.940127143130176,0.021062813904084,2.81338520145441,0.368615605430865,4.70063571565088,0.299364284349118,5,"N"
"1002",2000,"TANNER","EBS","W166",132.5,0.969903847366067,0.00641646459826572,3.49520527390262,0.219144092263631,3.87961538946427,0.120384610535731,4,"N"
"1003",2000,"TANNER","EBS","W166",137.5,0.986242143391853,0.00701931459599359,4.53203571587327,0.712916756318473,2.95872643017556,0.0412735698244422,3,"N"
"1004",2000,"TANNER","EBS","W166",152.5,0.999801560093964,0.000101244850018518,8.92955179712854,0.913238558796467,0.999801560093964,0.000198439906036296,1,"N"
"1005",2001,"TANNER","EBS","ALL",12.5,0.000272562340877026,0.000365921527442857,-9.31651240195995,1.76541261433277,0.000545124681754053,1.99945487531825,2,"N"
"1006",2001,"TANNER","EBS","ALL",17.5,0.000539681404589001,0.00050409221710401,-8.30299243096705,1.57694950847755,0.0252782992139656,46.814021700786,46.8393,"N"
"1007",2001,"TANNER","EBS","ALL",22.5,0.00129424680418853,0.00109473531443611,-7.32601748085905,1.45696014284569,0.991019144106685,764.720080855893,765.7111,"N"
"1008",2001,"TANNER","EBS","ALL",27.5,0.00109346945315288,0.000863461176732715,-7.39749824686357,1.32615563257523,0.804601285590653,735.019598714409,735.8242,"N"
"1009",2001,"TANNER","EBS","ALL",32.5,0.00151923282896114,0.00111335761879393,-6.9533232516114,1.16181258383803,2.19180829274189,1440.51549170726,1442.7073,"N"
"1010",2001,"TANNER","EBS","ALL",37.5,0.00160171817317502,0.00102817317419526,-6.7657397154385,0.944811717140337,2.08642516141491,1300.53047483859,1302.6169,"N"
"1011",2001,"TANNER","EBS","ALL",42.5,0.00500637264343217,0.00299877723183946,-5.54264092071398,0.78639148502356,3.55330802828448,706.203691971715,709.757,"N"
"1012",2001,"TANNER","EBS","ALL",47.5,0.00552528252188884,0.00253515174356934,-5.32853209999535,0.562054849883841,5.95332892150083,1071.5171710785,1077.4705,"N"
"1013",2001,"TANNER","EBS","ALL",52.5,0.0124603734406125,0.00489395921042158,-4.46024761351757,0.440907234453192,10.5493434105486,836.082056589451,846.6314,"N"
"1014",2001,"TANNER","EBS","ALL",57.5,0.0165548031757403,0.00408530346770796,-4.11317833251658,0.24229977066304,10.7417429666896,638.11785703331,648.8596,"N"
"1015",2001,"TANNER","EBS","ALL",62.5,0.0288456089323543,0.003684342133111,-3.52435745197139,0.128518958710483,12.7512562352042,429.300643764796,442.0519,"N"
"1016",2001,"TANNER","EBS","ALL",67.5,0.0379730560240298,0.00400110089852915,-3.23752084441414,0.107519099603837,11.5810909777095,293.400709022291,304.9818,"N"
"1017",2001,"TANNER","EBS","ALL",72.5,0.0290418574923988,0.00222762409987689,-3.51241434843135,0.0780880698607313,6.66916634618296,222.970633653817,229.6398,"N"
"1018",2001,"TANNER","EBS","ALL",77.5,0.0403054653567459,0.00264707655714827,-3.17214861635397,0.0657678245082275,12.5084142409987,297.831985759001,310.3404,"N"
"1019",2001,"TANNER","EBS","ALL",82.5,0.0785650864798489,0.00604693902727355,-2.465093372878,0.0868580091409319,14.9060281536834,174.822371846317,189.7284,"N"
"1020",2001,"TANNER","EBS","ALL",87.5,0.168751852662873,0.0134168704371015,-1.5976227615681,0.0978053928389974,21.3196365602399,105.01756343976,126.3372,"N"
"1021",2001,"TANNER","EBS","ALL",92.5,0.2470493224403,0.0156435002846977,-1.1161132502204,0.0826247492470091,27.7909982651575,84.7007017348425,112.4917,"N"
"1022",2001,"TANNER","EBS","ALL",97.5,0.277982335146013,0.0119762888203991,-0.95526555137604,0.059385485572199,29.079926667259,75.5307733327409,104.6107,"N"
"1023",2001,"TANNER","EBS","ALL",102.5,0.319980064074996,0.0219560137544778,-0.755610129158876,0.0998908029061809,24.6909096662766,52.4729903337234,77.1639,"N"
"1024",2001,"TANNER","EBS","ALL",107.5,0.403701679728596,0.025532863085708,-0.391126901820516,0.106109497926362,23.143329155145,34.184470844855,57.3278,"N"
"1025",2001,"TANNER","EBS","ALL",112.5,0.495338994907617,0.0261984046818285,-0.0186175701710815,0.104986221841013,25.2622887402885,25.7377112597115,51,"N"
"1026",2001,"TANNER","EBS","ALL",117.5,0.585980534024108,0.0354144554977532,0.349271356952422,0.146916560482319,31.0569683032777,21.9430316967223,53,"N"
"1027",2001,"TANNER","EBS","ALL",122.5,0.671030610523868,0.0361726480543773,0.717358736232996,0.16382446297773,30.196377473574,14.803622526426,45,"N"
"1028",2001,"TANNER","EBS","ALL",127.5,0.754431046285882,0.0262712958900091,1.12753121912624,0.142729367861226,24.8962245274341,8.10377547256589,33,"N"
"1029",2001,"TANNER","EBS","ALL",132.5,0.76432141250873,0.0236506866527962,1.1810039616735,0.130884863084074,21.4009995502445,6.59900044975555,28,"N"
"1030",2001,"TANNER","EBS","ALL",137.5,0.830641302260159,0.0384371287990849,1.61613710942049,0.282924976925166,19.9353912542438,4.06460874575619,24,"N"
"1031",2001,"TANNER","EBS","ALL",142.5,0.941613363110863,0.0244961326233273,2.88333639518222,0.502769307781421,24.4819474408824,1.51805255911757,26,"N"
"1032",2001,"TANNER","EBS","ALL",147.5,0.976914329007032,0.0117784035678408,4.01346074572646,0.794795436819079,25.3997725541828,0.600227445817165,26,"N"
"1033",2001,"TANNER","EBS","ALL",152.5,0.978270973649386,0.0110862379339867,4.33981374888313,1.19187896021068,9.78270973649386,0.21729026350614,10,"N"
"1034",2001,"TANNER","EBS","ALL",157.5,0.985312749845194,0.00749349497694183,5.0717079009994,1.55988790726819,4.92656374922597,0.07343625077403,5,"N"
"1035",2001,"TANNER","EBS","ALL",162.5,0.999228684051606,0.000393528545098794,7.83487495374885,1.29437790870249,10.9915155245677,0.00848447543232922,11,"N"
"1036",2001,"TANNER","EBS","ALL",167.5,0.999598517930479,0.000204837790572028,8.79570444632094,1.56531804132286,1.99919703586096,0.00080296413904235,2,"N"
"1037",2001,"TANNER","EBS","E166",17.5,0.000420179053422825,0.000372072896279651,-8.71113589175911,1.88803673077557,0.00819000405560167,19.4835099959444,19.4917,"N"
"1038",2001,"TANNER","EBS","E166",22.5,0.000365734137532926,0.000305305873254936,-8.66738049670212,1.61973371984569,0.0865823270627536,236.649117672937,236.7357,"N"
"1039",2001,"TANNER","EBS","E166",27.5,0.000706182392289897,0.000561769411642887,-8.02221163475737,1.70151031928009,0.171800970433396,243.109499029567,243.2813,"N"
"1040",2001,"TANNER","EBS","E166",32.5,0.000742975559305748,0.000484695280525783,-7.636907873313,1.16551304597414,0.548344270136452,737.489755729864,738.0381,"N"
"1041",2001,"TANNER","EBS","E166",37.5,0.000859137489000449,0.000494832148973809,-7.39056784511464,1.00297283857869,0.606680367426411,705.543819632574,706.1505,"N"
"1042",2001,"TANNER","EBS","E166",42.5,0.00229679007328022,0.00172044114311005,-6.4801340135527,1.06028733661678,0.535242810282186,232.504257189718,233.0395,"N"
"1043",2001,"TANNER","EBS","E166",47.5,0.00235024171689069,0.00143196638499674,-6.26848574916526,0.715423956867355,1.08865499563259,462.121145004367,463.2098,"N"
"1044",2001,"TANNER","EBS","E166",52.5,0.00426545102212538,0.00165029836802655,-5.55181604858378,0.486033124211286,2.12508267592124,496.083117324079,498.2082,"N"
"1045",2001,"TANNER","EBS","E166",57.5,0.00992527468954677,0.00451395111010385,-4.72315976763712,0.517549390997391,1.37387339549404,137.047826604506,138.4217,"N"
"1046",2001,"TANNER","EBS","E166",62.5,0.00924409080301771,0.00457489887472985,-4.79244163434913,0.484594327333382,0.71454048680086,76.5824595131991,77.297,"N"
"1047",2001,"TANNER","EBS","E166",67.5,0.0107792901711997,0.00386534080679325,-4.57707764439708,0.337163632672473,1.32155067635023,121.27934932365,122.6009,"N"
"1048",2001,"TANNER","EBS","E166",72.5,0.0187713359111805,0.00876870230463403,-4.04733831979045,0.418207702006134,0.685818266049345,35.8495817339507,36.5354,"N"
"1049",2001,"TANNER","EBS","E166",77.5,0.0291772584883984,0.00946068114722088,-3.55669757354253,0.332500110326612,2.01983073156957,67.2063692684304,69.2262,"N"
"1050",2001,"TANNER","EBS","E166",82.5,0.066359364968829,0.0231276812060067,-2.71053862605697,0.40162691119345,2.32257777390901,32.677422226091,35,"N"
"1051",2001,"TANNER","EBS","E166",87.5,0.136177343603111,0.0285633161449884,-1.8693861263455,0.247825429416819,4.49385233890266,28.5061476610973,33,"N"
"1052",2001,"TANNER","EBS","E166",92.5,0.164402825446372,0.0304572107861975,-1.64323260334852,0.229818260591079,4.11007063615931,20.8899293638407,25,"N"
"1053",2001,"TANNER","EBS","E166",97.5,0.224096277556107,0.0363989577969211,-1.25275606180805,0.199740432593902,3.5855404408977,12.4144595591023,16,"N"
"1054",2001,"TANNER","EBS","E166",102.5,0.253436798207156,0.0497086299957207,-1.09759247928129,0.265770070308771,4.30842556952165,12.6915744304783,17,"N"
"1055",2001,"TANNER","EBS","E166",107.5,0.326228945875623,0.0440240401631318,-0.73242690379437,0.202465462768839,5.87212102576121,12.1278789742388,18,"N"
"1056",2001,"TANNER","EBS","E166",112.5,0.399792029856833,0.0366524949397151,-0.408720235199036,0.153560354054656,6.79646450756616,10.2035354924338,17,"N"
"1057",2001,"TANNER","EBS","E166",117.5,0.48459601051384,0.0569274255125184,-0.062770785920105,0.229494510051256,9.6919202102768,10.3080797897232,20,"N"
"1058",2001,"TANNER","EBS","E166",122.5,0.611358032726538,0.0533976047000021,0.458284807403231,0.224101465955374,11.6158026218042,7.38419737819578,19,"N"
"1059",2001,"TANNER","EBS","E166",127.5,0.687828460308782,0.0465034136519979,0.798453994022563,0.215218704017379,13.0687407458669,5.93125925413314,19,"N"
"1060",2001,"TANNER","EBS","E166",132.5,0.732824306899482,0.0443962760672612,1.02237741488434,0.238700808725868,13.1908375241907,4.80916247580932,18,"N"
"1061",2001,"TANNER","EBS","E166",137.5,0.826556823448491,0.0411145187141408,1.59002189463964,0.299099619534848,19.0108069393153,3.98919306068469,23,"N"
"1062",2001,"TANNER","EBS","E166",142.5,0.940171763912331,0.0249863324626101,2.85724243012488,0.504002572320028,23.5042940978083,1.49570590219171,25,"N"
"1063",2001,"TANNER","EBS","E166",147.5,0.976301912080531,0.0120908611834026,3.98993900318012,0.800055239040298,24.4075478020133,0.592452197986727,25,"N"
"1064",2001,"TANNER","EBS","E166",152.5,0.978270973649386,0.0110862379339867,4.33981374888314,1.19187896021068,9.78270973649386,0.21729026350614,10,"N"
"1065",2001,"TANNER","EBS","E166",157.5,0.985312749845194,0.00749349497694183,5.0717079009994,1.55988790726819,4.92656374922597,0.07343625077403,5,"N"
"1066",2001,"TANNER","EBS","E166",162.5,0.999228684051606,0.000393528545098794,7.83487495374882,1.29437790870245,10.9915155245677,0.00848447543232922,11,"N"
"1067",2001,"TANNER","EBS","E166",167.5,0.999598517930479,0.000204837790572028,8.79570444632094,1.56531804132286,1.99919703586096,0.00080296413904235,2,"N"
"1068",2001,"TANNER","EBS","W166",12.5,0.000272562340877026,0.000365921527442857,-9.31651240195995,1.76541261433277,0.000545124681754053,1.99945487531825,2,"N"
"1069",2001,"TANNER","EBS","W166",17.5,0.000591638948574295,0.000572737387927583,-8.18682529838038,1.51612030346952,0.0161799053100304,27.33142009469,27.3476,"N"
"1070",2001,"TANNER","EBS","W166",22.5,0.00161762535360997,0.00137039755966992,-7.09858153518367,1.44738610408539,0.855684018475973,528.119715981524,528.9754,"N"
"1071",2001,"TANNER","EBS","W166",27.5,0.00123145026835912,0.000974259475850654,-7.26108076164154,1.28692345447293,0.606542086383379,491.936357913617,492.5429,"N"
"1072",2001,"TANNER","EBS","W166",32.5,0.00201859345059921,0.00152882455076476,-6.68147417565285,1.16438887840448,1.42244063195899,703.246759368041,704.6692,"N"
"1073",2001,"TANNER","EBS","W166",37.5,0.00210750068251993,0.00140347731353151,-6.49700897838211,0.938354765981026,1.2570533451002,595.2093466549,596.4664,"N"
"1074",2001,"TANNER","EBS","W166",42.5,0.00630657526866992,0.00375343752825494,-5.3005942186412,0.763309386976629,3.00645479564215,473.711045204358,476.7175,"N"
"1075",2001,"TANNER","EBS","W166",47.5,0.00673050209276569,0.00303463036638645,-5.12458189985203,0.54942464144533,4.13428292685372,610.126417073146,614.2607,"N"
"1076",2001,"TANNER","EBS","W166",52.5,0.016193615875701,0.00660019812377128,-4.19853835764085,0.449110772861169,5.64223146298256,342.780968537017,348.4232,"N"
"1077",2001,"TANNER","EBS","W166",57.5,0.0179737548868204,0.00487928601551767,-4.03571031343933,0.268274501054988,9.17448569954333,501.263414300457,510.4379,"N"
"1078",2001,"TANNER","EBS","W166",62.5,0.0325886123942377,0.00484386203324417,-3.40117071490961,0.149199022528449,11.8868560549989,352.868043945001,364.7549,"N"
"1079",2001,"TANNER","EBS","W166",67.5,0.0464711078530392,0.00561781723493097,-3.0281509738887,0.121527849376517,8.47544247423436,173.905457525766,182.3809,"N"
"1080",2001,"TANNER","EBS","W166",72.5,0.031204072562129,0.00309030310070129,-3.44019647388648,0.0996557102173385,6.02564370966637,187.078756290334,193.1044,"N"
"1081",2001,"TANNER","EBS","W166",77.5,0.0423988904111875,0.00408794620673375,-3.12172670099239,0.0978065479831373,10.2229745423811,230.891225457619,241.1142,"N"
"1082",2001,"TANNER","EBS","W166",82.5,0.0814515746750225,0.00522472971131805,-2.42477717699161,0.0690498394457925,12.6028718269467,142.125528173053,154.7284,"N"
"1083",2001,"TANNER","EBS","W166",87.5,0.183477315662492,0.0171512995694509,-1.49690667143654,0.111876358462138,17.1252589074531,76.2119410925469,93.3372,"N"
"1084",2001,"TANNER","EBS","W166",92.5,0.273538584297328,0.0169878184501026,-0.978346464056344,0.0847727095119786,23.9323557557666,63.5593442442334,87.4917,"N"
"1085",2001,"TANNER","EBS","W166",97.5,0.289035885420866,0.0159128855828209,-0.901300214596264,0.0769069889664735,25.6116721322627,62.9990278677373,88.6107,"N"
"1086",2001,"TANNER","EBS","W166",102.5,0.33982630126365,0.023529136307903,-0.665747613760532,0.104028838567115,20.4452756065961,39.7186243934039,60.1639,"N"
"1087",2001,"TANNER","EBS","W166",107.5,0.445959534557491,0.0260583027893799,-0.217526082434696,0.105192821673501,17.5386073831701,21.7891926168299,39.3278,"N"
"1088",2001,"TANNER","EBS","W166",112.5,0.543112477433009,0.0373449050383652,0.174049769178876,0.151859679878524,18.4658242327223,15.5341757672777,34,"N"
"1089",2001,"TANNER","EBS","W166",117.5,0.647425699787906,0.0346265566325131,0.611462497781093,0.155449902897281,21.3650480930009,11.6349519069991,33,"N"
"1090",2001,"TANNER","EBS","W166",122.5,0.714637494298839,0.0448345482690891,0.928947519299888,0.225401645502531,18.5805748517698,7.41942514823018,26,"N"
"1091",2001,"TANNER","EBS","W166",127.5,0.844820270111946,0.035614992291709,1.71926084253353,0.269186071323588,11.8274837815672,2.17251621843275,14,"N"
"1092",2001,"TANNER","EBS","W166",132.5,0.821016202605378,0.0449701422937632,1.55879577677642,0.338795701885844,8.21016202605378,1.78983797394622,10,"N"
"1093",2001,"TANNER","EBS","W166",137.5,0.924584314928508,0.0290278287916454,2.57451683020078,0.399220936588986,0.924584314928508,0.075415685071492,1,"N"
"1094",2001,"TANNER","EBS","W166",142.5,0.977653343074149,0.0114013555744139,4.10633403616333,0.799842300255182,0.977653343074149,0.0223466569258512,1,"N"
"1095",2001,"TANNER","EBS","W166",147.5,0.992224752169563,0.00396696317879463,5.02463997709076,0.641975415043061,0.992224752169563,0.00777524783043748,1,"N"
"1096",2002,"TANNER","EBS","ALL",12.5,0.000613864085779025,0.000427106984829221,-7.99139018343881,1.44730974114936,0.00122772817155805,1.99877227182844,2,"N"
"1097",2002,"TANNER","EBS","ALL",17.5,0.000797835127395615,0.000486243672641719,-7.7119321947764,1.51308964393913,0.00478701076437369,5.99521298923563,6,"N"
"1098",2002,"TANNER","EBS","ALL",22.5,0.00107848482782598,0.000583767631425172,-7.260203709272,1.24788216981508,0.0462439195384191,42.8323560804616,42.8786,"N"
"1099",2002,"TANNER","EBS","ALL",27.5,0.00190356585459007,0.00110031111085673,-6.63323781835495,1.09088701543678,0.391890338546411,205.479809661454,205.8717,"N"
"1100",2002,"TANNER","EBS","ALL",32.5,0.00280079077243502,0.00141160209132193,-6.14244238184664,0.899363677525424,1.27030565681484,452.282194343185,453.5525,"N"
"1101",2002,"TANNER","EBS","ALL",37.5,0.00605193822988973,0.00313003190887799,-5.30551660265944,0.729724885189582,2.74182516830714,450.307274831693,453.0491,"N"
"1102",2002,"TANNER","EBS","ALL",42.5,0.00662542341633567,0.0027874421233399,-5.13825122141292,0.56565239824027,9.03037658663857,1353.95822341336,1362.9886,"N"
"1103",2002,"TANNER","EBS","ALL",47.5,0.0073281823946606,0.00276040144037304,-4.99005615633621,0.423226827506289,6.53717252443502,885.522027475565,892.0592,"N"
"1104",2002,"TANNER","EBS","ALL",52.5,0.0130704475040194,0.00319137630361449,-4.35026437177654,0.225322904149168,5.77612875822927,436.146671241771,441.9228,"N"
"1105",2002,"TANNER","EBS","ALL",57.5,0.0141726679869619,0.00278500737780401,-4.26226070992875,0.207062223151556,9.3790946808029,652.394305319197,661.7734,"N"
"1106",2002,"TANNER","EBS","ALL",62.5,0.017102323387937,0.00386451942897694,-4.07653524943223,0.230003985730575,10.1640766819878,584.145623318012,594.3097,"N"
"1107",2002,"TANNER","EBS","ALL",67.5,0.0317698594981938,0.00662102844013509,-3.43938729580047,0.222122378993826,11.2526967920892,342.941403207911,354.1941,"N"
"1108",2002,"TANNER","EBS","ALL",72.5,0.0488435268136513,0.00698367401904718,-2.9798750708701,0.157701262592374,10.1082606767861,196.843639323214,206.9519,"N"
"1109",2002,"TANNER","EBS","ALL",77.5,0.104070298085966,0.0104019197759115,-2.15779611110736,0.113258499908278,17.2866384916887,148.818761508311,166.1054,"N"
"1110",2002,"TANNER","EBS","ALL",82.5,0.182794467661815,0.0175491096834042,-1.5020041849327,0.119463284056751,23.7377992472439,106.122800752756,129.8606,"N"
"1111",2002,"TANNER","EBS","ALL",87.5,0.306503135293163,0.0247943595495007,-0.818976449402338,0.114650622077067,56.8541247743077,128.638675225692,185.4928,"N"
"1112",2002,"TANNER","EBS","ALL",92.5,0.35881544269963,0.0256492062396073,-0.582088500090075,0.109699322875886,47.9793657360237,85.7366342639763,133.716,"N"
"1113",2002,"TANNER","EBS","ALL",97.5,0.419822244784844,0.0200555397316389,-0.32407190450861,0.0827584449338067,43.7833458730603,60.5068541269397,104.2902,"N"
"1114",2002,"TANNER","EBS","ALL",102.5,0.433754073471532,0.0154294968048926,-0.266792149440077,0.0626490841460841,33.6186733447066,43.8876266552934,77.5063,"N"
"1115",2002,"TANNER","EBS","ALL",107.5,0.574398802496503,0.0478256963432835,0.302870472736651,0.197685409401503,20.2483619463252,15.0030380536748,35.2514,"N"
"1116",2002,"TANNER","EBS","ALL",112.5,0.631439069829558,0.0249108488688431,0.539845594580496,0.106647981951117,17.8033614299374,10.3915385700626,28.1949,"N"
"1117",2002,"TANNER","EBS","ALL",117.5,0.716797702751779,0.0353359280624749,0.935269938175409,0.175501632923862,21.3895301691942,8.4508698308058,29.8404,"N"
"1118",2002,"TANNER","EBS","ALL",122.5,0.832342541341879,0.0268446631777825,1.61461603944519,0.19326953937381,19.5512268905959,3.93817310940407,23.4894,"N"
"1119",2002,"TANNER","EBS","ALL",127.5,0.832326128683543,0.0356452164886931,1.62335622802078,0.252963036887103,9.98791354420251,2.01208645579749,12,"N"
"1120",2002,"TANNER","EBS","ALL",132.5,0.814994761722611,0.0488977143641745,1.51664659343772,0.331155538437735,15.068764147394,3.42063585260595,18.4894,"N"
"1121",2002,"TANNER","EBS","ALL",137.5,0.945420190979423,0.0278468413370292,3.06314563614939,0.68312451582517,3.78168076391769,0.218319236082309,4,"N"
"1122",2002,"TANNER","EBS","ALL",142.5,0.900012919882858,0.0510138163862971,2.38722687259792,0.72239023184966,10.3406084417021,1.14879155829789,11.4894,"N"
"1123",2002,"TANNER","EBS","ALL",147.5,0.96368258171186,0.0185292950449694,3.64152023838475,1.02580527259674,4.8184129085593,0.1815870914407,5,"N"
"1124",2002,"TANNER","EBS","ALL",157.5,0.99068073731457,0.00475472585991329,5.56736672577349,1.58448323248949,3.96272294925828,0.0372770507417202,4,"N"
"1125",2002,"TANNER","EBS","ALL",162.5,0.998925733567701,0.000548095118519908,8.12097629852326,1.79831288872867,0.998925733567701,0.00107426643229902,1,"N"
"1126",2002,"TANNER","EBS","ALL",167.5,0.996699062348431,0.00168415186304553,6.90542050259111,2.07345551485157,0.996699062348431,0.00330093765156925,1,"N"
"1127",2002,"TANNER","EBS","ALL",177.5,0.999945771320033,2.76676938606945e-05,11.6011386609113,2.2322443985492,0.999945771320033,5.42286799669611e-05,1,"N"
"1128",2002,"TANNER","EBS","E166",22.5,9.70948704040266e-05,6.24172122179858e-05,-9.63739343317394,1.11766591535994,0.000199258093043143,2.05200074190696,2.0522,"N"
"1129",2002,"TANNER","EBS","E166",27.5,0.000728078357136737,0.000400833523116602,-7.54495197611431,0.991623457051718,0.00586263254733644,8.04633736745266,8.0522,"N"
"1130",2002,"TANNER","EBS","E166",32.5,0.00151512099774294,0.00103013988056882,-6.76044754784986,0.795617594672735,0.0470478402461132,31.0051521597539,31.0522,"N"
"1131",2002,"TANNER","EBS","E166",37.5,0.00328959316741922,0.00233007774631414,-5.96499608427301,0.735338018160663,0.242200902381675,73.3841990976183,73.6264,"N"
"1132",2002,"TANNER","EBS","E166",42.5,0.00445529356352563,0.00332634532750944,-5.64424033236618,0.672095318134043,1.16670104254011,260.70179895746,261.8685,"N"
"1133",2002,"TANNER","EBS","E166",47.5,0.00633003226983932,0.00492418126488229,-5.29385670419764,0.652711741856751,0.821986973403211,129.033113026597,129.8551,"N"
"1134",2002,"TANNER","EBS","E166",52.5,0.0131138235112152,0.00779544164622276,-4.48721476149054,0.581298295149192,1.55376515107931,116.929234848921,118.483,"N"
"1135",2002,"TANNER","EBS","E166",57.5,0.0118254507157081,0.00661291143836441,-4.63213712306952,0.694126422924252,2.74426730761545,229.320232692385,232.0645,"N"
"1136",2002,"TANNER","EBS","E166",62.5,0.0107517791474757,0.0064261696299838,-4.77322948720628,0.77680021565995,2.53906920172549,233.614330798275,236.1534,"N"
"1137",2002,"TANNER","EBS","E166",67.5,0.0143823645668846,0.00723803362295712,-4.40377778009796,0.650817918988556,1.34856097537748,92.4163390246225,93.7649,"N"
"1138",2002,"TANNER","EBS","E166",72.5,0.0282981003367013,0.0130291306157769,-3.67791509636251,0.58520253854006,1.02634097130178,35.2425590286982,36.2689,"N"
"1139",2002,"TANNER","EBS","E166",77.5,0.0616904892889172,0.0315427710667171,-2.89274444144664,0.660837637908856,1.91917261463143,29.1905273853686,31.1097,"N"
"1140",2002,"TANNER","EBS","E166",82.5,0.0924958713639478,0.0336205022804607,-2.35948846658434,0.444211237634673,2.0552027641841,20.1641972358159,22.2194,"N"
"1141",2002,"TANNER","EBS","E166",87.5,0.29244918896741,0.111063064015788,-0.956718724954991,0.5861037445398,3.21694107864151,7.78305892135849,11,"N"
"1142",2002,"TANNER","EBS","E166",92.5,0.276492638264797,0.0690589831980294,-0.992127074672179,0.367327781753638,2.76492638264797,7.23507361735203,10,"N"
"1143",2002,"TANNER","EBS","E166",97.5,0.315802492226013,0.0586375593469462,-0.787547121809237,0.279085329200409,2.84222243003412,6.15777756996588,9,"N"
"1144",2002,"TANNER","EBS","E166",102.5,0.276927603170171,0.010260647755174,-0.960324330757461,0.0509239604807749,2.76927603170171,7.23072396829829,10,"N"
"1145",2002,"TANNER","EBS","E166",107.5,0.265817816637962,0.0667703883177154,-1.05043866710269,0.380997035620704,0.797453449913887,2.20254655008611,3,"N"
"1146",2002,"TANNER","EBS","E166",112.5,0.266766025589509,0.0620806660858778,-1.03784901859811,0.337640965447655,1.60059615353705,4.39940384646295,6,"N"
"1147",2002,"TANNER","EBS","E166",117.5,0.434981520580314,0.0773017190558413,-0.269715796403744,0.32252007088132,3.0448706440622,3.9551293559378,7,"N"
"1148",2002,"TANNER","EBS","E166",122.5,0.623469070282475,0.0878101494941805,0.522816017894251,0.383272090133273,4.36428349197733,2.63571650802267,7,"N"
"1149",2002,"TANNER","EBS","E166",127.5,0.628420400838191,0.0856681005504897,0.541943790724796,0.36798606705614,3.14210200419095,1.85789799580905,5,"N"
"1150",2002,"TANNER","EBS","E166",132.5,0.704001316718537,0.0943445068026677,0.909730678968778,0.465690207140324,5.63201053374829,2.36798946625171,8,"N"
"1151",2002,"TANNER","EBS","E166",137.5,0.892588555163735,0.0548017575695231,2.33339607016863,0.740197484729639,1.78517711032747,0.214822889672531,2,"N"
"1152",2002,"TANNER","EBS","E166",142.5,0.891264914465162,0.0554770844565498,2.31702965020536,0.772845620486282,6.23885440125614,0.761145598743864,7,"N"
"1153",2002,"TANNER","EBS","E166",147.5,0.954621794201901,0.0231521458153564,3.40961493937915,1.03252211155986,3.81848717680761,0.181512823192394,4,"N"
"1154",2002,"TANNER","EBS","E166",157.5,0.99068073731457,0.00475472585991329,5.56736672577349,1.58448323248949,3.96272294925828,0.0372770507417202,4,"N"
"1155",2002,"TANNER","EBS","E166",162.5,0.998925733567701,0.000548095118519908,8.12097629852326,1.79831288872867,0.998925733567701,0.00107426643229902,1,"N"
"1156",2002,"TANNER","EBS","E166",167.5,0.996699062348431,0.00168415186304553,6.90542050259111,2.07345551485157,0.996699062348431,0.00330093765156925,1,"N"
"1157",2002,"TANNER","EBS","E166",177.5,0.999945771320033,2.76676938606945e-05,11.6011386609113,2.2322443985492,0.999945771320033,5.42286799669611e-05,1,"N"
"1158",2002,"TANNER","EBS","W166",12.5,0.000613864085779025,0.000427106984829221,-7.99139018343881,1.44730974114936,0.00122772817155805,1.99877227182844,2,"N"
"1159",2002,"TANNER","EBS","W166",17.5,0.000797835127395615,0.000486243672641719,-7.7119321947764,1.51308964393913,0.00478701076437369,5.99521298923563,6,"N"
"1160",2002,"TANNER","EBS","W166",22.5,0.00110500888072928,0.000598788570724497,-7.23632058857141,1.24839685278791,0.0451135345682058,40.7812864654318,40.8264,"N"
"1161",2002,"TANNER","EBS","W166",27.5,0.00199601992742348,0.00116053776345119,-6.58821677342179,1.09444079767431,0.394851664032949,197.424648335967,197.8195,"N"
"1162",2002,"TANNER","EBS","W166",32.5,0.00298187102239165,0.00153734521581368,-6.08791330206299,0.913912797184218,1.25984140152178,421.240458598478,422.5003,"N"
"1163",2002,"TANNER","EBS","W166",37.5,0.0068861117388536,0.00381030294765053,-5.1874004207106,0.742896604120709,2.61274710845753,376.809952891542,379.4227,"N"
"1164",2002,"TANNER","EBS","W166",42.5,0.0076279980266982,0.00323637815760069,-4.99801429469341,0.569717694660331,8.39934194995773,1092.72075805004,1101.1201,"N"
"1165",2002,"TANNER","EBS","W166",47.5,0.00766470157960035,0.00306704505809023,-4.955286291341,0.448786246118198,5.84206696924787,756.362033030752,762.2041,"N"
"1166",2002,"TANNER","EBS","W166",52.5,0.013041793050781,0.00309496287176622,-4.35626893902477,0.252002548163717,4.21823493598599,319.221565064014,323.4398,"N"
"1167",2002,"TANNER","EBS","W166",57.5,0.0158467861877825,0.00228112797869149,-4.13892262307507,0.144520743504614,6.80950506128722,422.899394938713,429.7089,"N"
"1168",2002,"TANNER","EBS","W166",62.5,0.0210325553129778,0.00470046964214276,-3.86326956792813,0.215324260401022,7.53294219044147,350.623357809559,358.1563,"N"
"1169",2002,"TANNER","EBS","W166",67.5,0.0381176751080369,0.00731389071191663,-3.24657829614562,0.200642489720063,9.92695563424595,250.502244365754,260.4292,"N"
"1170",2002,"TANNER","EBS","W166",72.5,0.0539387925799349,0.00563591729681348,-2.87014793019444,0.114670300524165,9.20643493392103,161.476565066079,170.683,"N"
"1171",2002,"TANNER","EBS","W166",77.5,0.114665250285229,0.00706629583132025,-2.04577303030087,0.0689486870196626,15.4793157279296,119.51638427207,134.9957,"N"
"1172",2002,"TANNER","EBS","W166",82.5,0.201057105115316,0.015645125798005,-1.38253380366628,0.0977830839816062,21.6420280631388,85.9991719368612,107.6412,"N"
"1173",2002,"TANNER","EBS","W166",87.5,0.307947933513568,0.0196756034275217,-0.811231364452559,0.0902577057189045,53.7346971729963,120.758102827004,174.4928,"N"
"1174",2002,"TANNER","EBS","W166",92.5,0.368854809094122,0.0276827021634356,-0.538799602708608,0.117256551276459,45.6332415618883,78.0827584381117,123.716,"N"
"1175",2002,"TANNER","EBS","W166",97.5,0.431824523926247,0.0195500177459272,-0.274845529909094,0.0797965236310845,41.1486452498369,54.1415547501631,95.2902,"N"
"1176",2002,"TANNER","EBS","W166",102.5,0.463913010067948,0.0167988276323818,-0.144743921560469,0.0674874668421418,31.3170508315499,36.1892491684501,67.5063,"N"
"1177",2002,"TANNER","EBS","W166",107.5,0.61297142572882,0.0521919564160946,0.465267684994785,0.221551745953309,19.7691866397505,12.4822133602495,32.2514,"N"
"1178",2002,"TANNER","EBS","W166",112.5,0.760147203090751,0.0214565944286185,1.15738873274558,0.122587222687385,16.8713911578789,5.32350884212108,22.1949,"N"
"1179",2002,"TANNER","EBS","W166",117.5,0.826392884707349,0.026844373992514,1.57218937007772,0.192723799670108,18.8751440438697,3.96525595613026,22.8404,"N"
"1180",2002,"TANNER","EBS","W166",122.5,0.944812871912327,0.0104033850484405,2.85905012885294,0.209276456054491,15.5793973701111,0.910002629888876,16.4894,"N"
"1181",2002,"TANNER","EBS","W166",127.5,0.977973077144508,0.0037611282154588,3.80852119450887,0.182383387761184,6.84581154001156,0.154188459988442,7,"N"
"1182",2002,"TANNER","EBS","W166",132.5,0.941844413155839,0.0224540841589536,2.84882898278069,0.372749501036935,9.87938278735685,0.610017212643145,10.4894,"N"
"1183",2002,"TANNER","EBS","W166",137.5,0.998251826795111,0.000194887188974682,6.35412110123426,0.118713008491705,1.99650365359022,0.00349634640977836,2,"N"
"1184",2002,"TANNER","EBS","W166",142.5,0.961248957806725,0.0162103028277963,3.2925825750043,0.417929163494452,4.31543107117751,0.173968928822488,4.4894,"N"
"1185",2002,"TANNER","EBS","W166",147.5,0.999925731751694,2.07121037822989e-05,9.54978977687162,0.297200781156228,0.999925731751694,7.42682483055868e-05,1,"N"
"1186",2003,"TANNER","EBS","ALL",12.5,0.00110822416742948,0.00122034519086051,-7.86825241299453,1.88981209414639,0.0245370804686394,22.1163629195314,22.1409,"N"
"1187",2003,"TANNER","EBS","ALL",17.5,0.00137747027306798,0.00148749013176305,-7.51586084261308,1.66390325899488,0.107509075366464,77.9406909246335,78.0482,"N"
"1188",2003,"TANNER","EBS","ALL",22.5,0.0017542483110039,0.00208013009888709,-7.32261906813774,1.66429546420756,0.454228918566888,258.476571081433,258.9308,"N"
"1189",2003,"TANNER","EBS","ALL",27.5,0.00166670529361632,0.00157623419101309,-7.01785554919467,1.31567824072211,0.423658318549568,253.76544168145,254.1891,"N"
"1190",2003,"TANNER","EBS","ALL",32.5,0.00334540307942902,0.0030353146222847,-6.26917104061417,1.24100362649077,3.43007021326474,1021.87842978674,1025.3085,"N"
"1191",2003,"TANNER","EBS","ALL",37.5,0.00450290980065347,0.00325920998964215,-5.75795769957417,0.963667420570612,2.08751746321434,461.505482536786,463.593,"N"
"1192",2003,"TANNER","EBS","ALL",42.5,0.00563122298774869,0.00349408491607544,-5.41456714692757,0.757690918845683,3.29004766181516,580.960952338185,584.251,"N"
"1193",2003,"TANNER","EBS","ALL",47.5,0.0142970163687866,0.0117628058637983,-4.56548000435967,0.83675903587893,9.35305806890288,644.843441931097,654.1965,"N"
"1194",2003,"TANNER","EBS","ALL",52.5,0.0337607272684632,0.025621243186404,-3.61356587015952,0.733004014069491,34.2117300718971,979.147069928103,1013.3588,"N"
"1195",2003,"TANNER","EBS","ALL",57.5,0.0307962170322307,0.0139965702004674,-3.53514818356423,0.41269403199719,31.6958607611498,997.51693923885,1029.2128,"N"
"1196",2003,"TANNER","EBS","ALL",62.5,0.0344904415347502,0.00598119618161994,-3.34561175783349,0.168557763465818,16.5935066293553,464.510993370645,481.1045,"N"
"1197",2003,"TANNER","EBS","ALL",67.5,0.041044852708674,0.00667803194604418,-3.16356684220129,0.163143307330949,17.387625728712,406.237374271288,423.625,"N"
"1198",2003,"TANNER","EBS","ALL",72.5,0.0502381580167371,0.00855354841399274,-2.95247103634587,0.167619153742929,25.5976376540044,483.928162345996,509.5258,"N"
"1199",2003,"TANNER","EBS","ALL",77.5,0.0641155165878129,0.0116098607776771,-2.69602479467452,0.18535842336509,35.3980933579599,516.70060664204,552.0987,"N"
"1200",2003,"TANNER","EBS","ALL",82.5,0.140182509664493,0.0194566643650202,-1.82211393859516,0.151152525025306,60.8234246438016,373.063975356198,433.8874,"N"
"1201",2003,"TANNER","EBS","ALL",87.5,0.279777378712864,0.0293279554327641,-0.949725285057291,0.140339829419013,92.606312353958,238.393687646042,331,"N"
"1202",2003,"TANNER","EBS","ALL",92.5,0.335811752492194,0.0302131119306602,-0.684720899422334,0.132632606668028,85.9678086380017,170.032191361998,256,"N"
"1203",2003,"TANNER","EBS","ALL",97.5,0.393012428911583,0.0273003689771384,-0.435906993962586,0.113210367293571,65.2400631993228,100.759936800677,166,"N"
"1204",2003,"TANNER","EBS","ALL",102.5,0.417507639509415,0.0262777997556726,-0.333933330731047,0.107881751437106,54.6935007757334,76.3064992242666,131,"N"
"1205",2003,"TANNER","EBS","ALL",107.5,0.473490933223335,0.0204664942947979,-0.106285470172532,0.082080911873284,45.4551295894401,50.5448704105599,96,"N"
"1206",2003,"TANNER","EBS","ALL",112.5,0.562372742924956,0.0129995571221151,0.250968096114704,0.0528128474163645,38.241346518897,29.758653481103,68,"N"
"1207",2003,"TANNER","EBS","ALL",117.5,0.59974865890529,0.0197913221222737,0.405123513729183,0.0829464189561411,34.1856735576016,22.8143264423984,57,"N"
"1208",2003,"TANNER","EBS","ALL",122.5,0.719196890782247,0.0290391603268063,0.945311279971557,0.147900307092974,30.9254663036366,12.0745336963634,43,"N"
"1209",2003,"TANNER","EBS","ALL",127.5,0.762163231204784,0.0398614246917735,1.17828252689716,0.229441148164654,25.1513866297579,7.84861337024213,33,"N"
"1210",2003,"TANNER","EBS","ALL",132.5,0.844209308081446,0.0221351746349566,1.69952348813917,0.167975618243312,16.8841861616289,3.11581383837107,20,"N"
"1211",2003,"TANNER","EBS","ALL",137.5,0.854957073063889,0.0260393887360129,1.79107178204416,0.222439531220991,10.2594848767667,1.74051512323333,12,"N"
"1212",2003,"TANNER","EBS","ALL",142.5,0.962397850282452,0.0122070336058551,3.29426156033669,0.337589930193575,5.77438710169471,0.225612898305286,6,"N"
"1213",2003,"TANNER","EBS","ALL",147.5,0.986452361024501,0.00469600770996029,4.35828104420237,0.397035424169727,3.945809444098,0.0541905559019962,4,"N"
"1214",2003,"TANNER","EBS","ALL",152.5,0.995617738516753,0.0020041790749368,5.53473293278739,0.475165454346851,0.995617738516753,0.00438226148324705,1,"N"
"1215",2003,"TANNER","EBS","ALL",157.5,0.970193934984093,0.0152071760285241,3.90646775822419,1.04697700997755,0.970193934984093,0.0298060650159073,1,"N"
"1216",2003,"TANNER","EBS","ALL",162.5,0.996139199489388,0.00196979617888344,6.68683389539157,1.79228847431533,2.98841759846817,0.0115824015318347,3,"N"
"1217",2003,"TANNER","EBS","ALL",172.5,0.999971952652977,1.43098709301571e-05,11.4625591452034,1.54070169510594,0.999971952652977,2.8047347023108e-05,1,"N"
"1218",2003,"TANNER","EBS","E166",22.5,0.00109541987834502,0.00140178184363734,-8.24435741558975,2.11326433184859,0.0186221379318654,16.9813778620681,17,"N"
"1219",2003,"TANNER","EBS","E166",27.5,0.00107819890072417,0.00140099997093734,-7.80302908319953,1.58206821279838,0.0215639780144834,19.9784360219855,20,"N"
"1220",2003,"TANNER","EBS","E166",32.5,0.001875422683861,0.00233327533486214,-7.19648211056231,1.53496505657886,0.11252536103166,59.8874746389683,60,"N"
"1221",2003,"TANNER","EBS","E166",37.5,0.00222701474383591,0.0024100930072892,-6.85717359645828,1.38447584159945,0.026724176926031,11.973275823074,12,"N"
"1222",2003,"TANNER","EBS","E166",42.5,0.00317763861401227,0.00281767505223655,-6.16506797663862,0.971212194256383,0.127105544560491,39.8728944554395,40,"N"
"1223",2003,"TANNER","EBS","E166",47.5,0.00257333231120806,0.00188747060542985,-6.23361405922805,0.774752161111487,0.190426591029396,73.8095734089706,74,"N"
"1224",2003,"TANNER","EBS","E166",52.5,0.00694728156076919,0.00463494950290548,-5.17794351165248,0.660915644120356,0.270943980869998,38.72905601913,39,"N"
"1225",2003,"TANNER","EBS","E166",57.5,0.00763523393547612,0.00369204579041043,-4.98159843618556,0.477473364647157,0.664265352386422,86.3357346476136,87,"N"
"1226",2003,"TANNER","EBS","E166",62.5,0.0108832398654399,0.00290133097185375,-4.54453559063405,0.267316761530507,0.816242989907996,74.183757010092,75,"N"
"1227",2003,"TANNER","EBS","E166",67.5,0.0162718477378284,0.00374494799901578,-4.12721338898695,0.227596545224933,1.48073814414239,89.5192618558576,91,"N"
"1228",2003,"TANNER","EBS","E166",72.5,0.0214819482451421,0.00529569985565474,-3.84731151445976,0.241447592179673,3.60896730518388,164.391032694816,168,"N"
"1229",2003,"TANNER","EBS","E166",77.5,0.0311479257011556,0.00708194887394622,-3.46202098951488,0.22796306471049,4.98366811218489,155.016331887815,160,"N"
"1230",2003,"TANNER","EBS","E166",82.5,0.0662906842532978,0.0167278173228969,-2.67576668693281,0.265208840654778,6.0324522670501,84.9675477329499,91,"N"
"1231",2003,"TANNER","EBS","E166",87.5,0.108999011214273,0.022002669185805,-2.12155417325066,0.231196963709712,6.10394462799928,49.8960553720007,56,"N"
"1232",2003,"TANNER","EBS","E166",92.5,0.130027234552419,0.0238970951519298,-1.91766042929497,0.215792427430274,7.93166130769757,53.0683386923024,61,"N"
"1233",2003,"TANNER","EBS","E166",97.5,0.144579044764172,0.027218877527312,-1.79445916069777,0.217007394835169,7.08437319344441,41.9156268065556,49,"N"
"1234",2003,"TANNER","EBS","E166",102.5,0.179190157334185,0.0229392703717989,-1.52962905895588,0.156474182712985,7.70517676536994,35.2948232346301,43,"N"
"1235",2003,"TANNER","EBS","E166",107.5,0.25733198408586,0.0264091040442633,-1.06493779895374,0.144061659731273,8.23462349074751,23.7653765092525,32,"N"
"1236",2003,"TANNER","EBS","E166",112.5,0.377762995050661,0.0191915963771347,-0.499888971772567,0.0821354621858025,12.0884158416212,19.9115841583788,32,"N"
"1237",2003,"TANNER","EBS","E166",117.5,0.447859816111105,0.0392832384021628,-0.210625225757135,0.159528968542365,14.7793739316665,18.2206260683335,33,"N"
"1238",2003,"TANNER","EBS","E166",122.5,0.559507105229595,0.0524725202541008,0.241785825266034,0.214586471920202,11.7496492098215,9.25035079017851,21,"N"
"1239",2003,"TANNER","EBS","E166",127.5,0.665653585745838,0.0596598704283223,0.701208008974454,0.274616337730396,13.9787253006626,7.02127469933741,21,"N"
"1240",2003,"TANNER","EBS","E166",132.5,0.73070537754683,0.0437753023435302,1.00946345569197,0.222331984938255,7.3070537754683,2.6929462245317,10,"N"
"1241",2003,"TANNER","EBS","E166",137.5,0.795208005121846,0.039193482164495,1.37582734222899,0.257340616638846,6.36166404097477,1.63833595902523,8,"N"
"1242",2003,"TANNER","EBS","E166",142.5,0.954935303999733,0.01466380177578,3.10576958781091,0.34160707519203,4.77467651999867,0.225323480001334,5,"N"
"1243",2003,"TANNER","EBS","E166",147.5,0.982938130983918,0.00613971184474739,4.12990399278928,0.414197682537661,2.94881439295175,0.0511856070482457,3,"N"
"1244",2003,"TANNER","EBS","E166",152.5,0.995617738516753,0.0020041790749368,5.53473293278739,0.475165454346851,0.995617738516753,0.00438226148324705,1,"N"
"1245",2003,"TANNER","EBS","E166",157.5,0.970193934984093,0.0152071760285241,3.90646775822419,1.04697700997755,0.970193934984093,0.0298060650159073,1,"N"
"1246",2003,"TANNER","EBS","E166",162.5,0.996139199489388,0.00196979617888344,6.68683389539157,1.79228847431533,2.98841759846817,0.0115824015318347,3,"N"
"1247",2003,"TANNER","EBS","W166",12.5,0.00110822416742948,0.00122034519086051,-7.86825241299453,1.88981209414639,0.0245370804686394,22.1163629195314,22.1409,"N"
"1248",2003,"TANNER","EBS","W166",17.5,0.00137747027306798,0.00148749013176305,-7.51586084261308,1.66390325899488,0.107509075366464,77.9406909246335,78.0482,"N"
"1249",2003,"TANNER","EBS","W166",22.5,0.00181414180488198,0.00214189328493016,-7.27477119607535,1.65011525712448,0.438896778168541,241.491903221831,241.9308,"N"
"1250",2003,"TANNER","EBS","W166",27.5,0.00174363423386366,0.00160883615513863,-6.95597153290553,1.30048661878272,0.40834013195772,233.780759868042,234.1891,"N"
"1251",2003,"TANNER","EBS","W166",32.5,0.00353839831735917,0.00314144409197807,-6.19770891726496,1.22680146663667,3.4156459721325,961.892854027867,965.3085,"N"
"1252",2003,"TANNER","EBS","W166",37.5,0.00462483275012584,0.00331031622719488,-5.72525844051337,0.95659253888686,2.08854209612758,449.504457903872,451.593,"N"
"1253",2003,"TANNER","EBS","W166",42.5,0.00600725124426002,0.00361505976221952,-5.33891806401654,0.742674618842085,3.26945249693976,540.98154750306,544.251,"N"
"1254",2003,"TANNER","EBS","W166",47.5,0.0182949547110023,0.0151383602443384,-4.31866252104726,0.843922815593147,10.614668690982,569.581831309018,580.1965,"N"
"1255",2003,"TANNER","EBS","W166",52.5,0.0368184009017967,0.0280173575250772,-3.52466703490115,0.736695386068289,35.8743329205935,938.484467079406,974.3588,"N"
"1256",2003,"TANNER","EBS","W166",57.5,0.035734956074921,0.0163269528855393,-3.38112134971758,0.413672580444104,33.6699330212283,908.542866978772,942.2128,"N"
"1257",2003,"TANNER","EBS","W166",62.5,0.042842045898893,0.00733416343292634,-3.11962083020968,0.166944496317577,17.398347628747,388.706152371253,406.1045,"N"
"1258",2003,"TANNER","EBS","W166",67.5,0.0543841630775909,0.00938065055015578,-2.87068934222103,0.184687483568031,18.0895322436837,314.535467756316,332.625,"N"
"1259",2003,"TANNER","EBS","W166",72.5,0.0691834256309644,0.0124375808399979,-2.61486450978544,0.190242408227972,23.6279247853556,317.897875214644,341.5258,"N"
"1260",2003,"TANNER","EBS","W166",77.5,0.0791007851726571,0.0160259135457417,-2.47367100465581,0.211140138269295,31.0153150351781,361.083384964822,392.0987,"N"
"1261",2003,"TANNER","EBS","W166",82.5,0.16062067413993,0.0219896120584685,-1.6617385668759,0.154249635739907,55.0748053420877,287.812594657912,342.8874,"N"
"1262",2003,"TANNER","EBS","W166",87.5,0.314554064458032,0.0329332972033226,-0.782777877666725,0.148651161904122,86.5023677259587,188.497632274041,275,"N"
"1263",2003,"TANNER","EBS","W166",92.5,0.400185370924637,0.0370880124571118,-0.406818740304175,0.153412793266856,78.0361473303042,116.963852669696,195,"N"
"1264",2003,"TANNER","EBS","W166",97.5,0.497057179537422,0.0327475322617095,-0.011607933829952,0.131437864537721,58.1556900058784,58.8443099941216,117,"N"
"1265",2003,"TANNER","EBS","W166",102.5,0.533958227390494,0.0305852012637839,0.13658270336769,0.123282331434385,46.9883240103634,41.0116759896366,88,"N"
"1266",2003,"TANNER","EBS","W166",107.5,0.581570407792072,0.0281187316875409,0.330406780544766,0.116588594076591,37.2205060986926,26.7794939013074,64,"N"
"1267",2003,"TANNER","EBS","W166",112.5,0.726470296590995,0.00995259570579708,0.977345141783437,0.0498948833659622,26.1529306772758,9.84706932272418,36,"N"
"1268",2003,"TANNER","EBS","W166",117.5,0.808595817747295,0.0212639969716801,1.44660812197654,0.136446477834833,19.4062996259351,4.59370037406492,24,"N"
"1269",2003,"TANNER","EBS","W166",122.5,0.871628049718869,0.0215083083643115,1.92869862375067,0.188992155255897,19.1758170938151,2.82418290618488,22,"N"
"1270",2003,"TANNER","EBS","W166",127.5,0.931055110757941,0.013288259052001,2.62200095179811,0.212643081997925,11.1726613290953,0.827338670904712,12,"N"
"1271",2003,"TANNER","EBS","W166",132.5,0.957713238616063,0.00550555926764453,3.12880628516206,0.139839803540196,9.57713238616063,0.422867613839369,10,"N"
"1272",2003,"TANNER","EBS","W166",137.5,0.974455208947975,0.0048025923752394,3.65818873854886,0.186469992612033,3.8978208357919,0.102179164208099,4,"N"
"1273",2003,"TANNER","EBS","W166",142.5,0.999710581696049,0.000147662399975009,8.43245661241939,0.749055482767758,0.999710581696049,0.000289418303951017,1,"N"
"1274",2003,"TANNER","EBS","W166",147.5,0.99699505114625,0.00144499416421126,5.93143594055455,0.518341225328508,0.99699505114625,0.00300494885375036,1,"N"
"1275",2003,"TANNER","EBS","W166",172.5,0.999971952652977,1.43098709301571e-05,11.4625591452034,1.54070169510594,0.999971952652977,2.8047347023108e-05,1,"N"
"1276",2004,"TANNER","EBS","ALL",12.5,0.00080938936021018,0.000771945540093068,-7.90403999220574,1.53258789417709,0.00485633616126108,5.99514366383874,6,"N"
"1277",2004,"TANNER","EBS","ALL",17.5,0.00136413224002966,0.00117426141462555,-7.30850142667469,1.49385085546048,0.120651767275215,88.3251482327248,88.4458,"N"
"1278",2004,"TANNER","EBS","ALL",22.5,0.00131619993623311,0.00112807522937378,-7.28849100329655,1.38631533342601,0.69626818682739,528.302531813173,528.9988,"N"
"1279",2004,"TANNER","EBS","ALL",27.5,0.00156257859984652,0.00111261810099039,-6.98442713277588,1.24050430998224,1.02331038016551,653.862389619835,654.8857,"N"
"1280",2004,"TANNER","EBS","ALL",32.5,0.00243854197598679,0.0017023133109446,-6.34678084980056,0.903671612137202,3.42627511033963,1401.62442488966,1405.0507,"N"
"1281",2004,"TANNER","EBS","ALL",37.5,0.00345978791756492,0.00210625049344291,-5.92113624860152,0.791129808505511,3.66990948726843,1057.06259051273,1060.7325,"N"
"1282",2004,"TANNER","EBS","ALL",42.5,0.00535297738675336,0.00300189932080877,-5.4274567271173,0.693082801079635,3.89562286963689,723.853177130363,727.7488,"N"
"1283",2004,"TANNER","EBS","ALL",47.5,0.00687715208984721,0.00344143648557833,-5.11938472915641,0.574141340606173,3.96825429888364,573.051745701116,577.02,"N"
"1284",2004,"TANNER","EBS","ALL",52.5,0.0155676523916053,0.0045079228081984,-4.18953612209538,0.299977033104938,5.81620881531431,367.792391184686,373.6086,"N"
"1285",2004,"TANNER","EBS","ALL",57.5,0.0167820229100876,0.00273317838649475,-4.08464964459592,0.174618064215835,10.0219018670644,587.158898132936,597.1808,"N"
"1286",2004,"TANNER","EBS","ALL",62.5,0.0281664879914717,0.00498380120942487,-3.55712798274131,0.186752849808328,13.1359965546362,453.233703445364,466.3697,"N"
"1287",2004,"TANNER","EBS","ALL",67.5,0.0677692452364338,0.0156130067273009,-2.64670609394778,0.241071406833502,17.9377263139148,246.750573686085,264.6883,"N"
"1288",2004,"TANNER","EBS","ALL",72.5,0.0711159418190054,0.00980336230539177,-2.57885038319079,0.146336711493106,22.6107234390357,295.330976560964,317.9417,"N"
"1289",2004,"TANNER","EBS","ALL",77.5,0.10149400940552,0.00763687829029266,-2.18353178513611,0.0842847175516552,25.8541576811226,228.881642318877,254.7358,"N"
"1290",2004,"TANNER","EBS","ALL",82.5,0.184185737853391,0.0123290299088714,-1.4902605831479,0.0801372109979416,39.0962593197451,173.169140680255,212.2654,"N"
"1291",2004,"TANNER","EBS","ALL",87.5,0.290498599104351,0.0122002604936218,-0.893687374887986,0.0590791875602378,62.2851945869059,152.122705413094,214.4079,"N"
"1292",2004,"TANNER","EBS","ALL",92.5,0.3208388661102,0.013489028916808,-0.75057380578608,0.0612569183695825,74.7381946726798,158.20800532732,232.9462,"N"
"1293",2004,"TANNER","EBS","ALL",97.5,0.382662892276268,0.0128004486771333,-0.478599862957119,0.0541423355402917,99.538309805192,160.581790194808,260.1201,"N"
"1294",2004,"TANNER","EBS","ALL",102.5,0.322121574453543,0.0193703506572594,-0.745431752879064,0.0888244295655641,83.5429712141477,175.809328785852,259.3523,"N"
"1295",2004,"TANNER","EBS","ALL",107.5,0.36797952843858,0.0187058590295652,-0.541712011472655,0.0800004760841933,98.9472665322464,169.946133467754,268.8934,"N"
"1296",2004,"TANNER","EBS","ALL",112.5,0.432128484011188,0.0224604449152822,-0.273716202205118,0.0914419713970159,106.899382607658,140.479317392342,247.3787,"N"
"1297",2004,"TANNER","EBS","ALL",117.5,0.530328403992065,0.0214778889896053,0.121713906335115,0.0864504385668517,102.733892600333,90.9836073996671,193.7175,"N"
"1298",2004,"TANNER","EBS","ALL",122.5,0.662354404504745,0.0171817181864598,0.674750543676024,0.0767757993113044,80.8082308811857,41.1932691188143,122.0015,"N"
"1299",2004,"TANNER","EBS","ALL",127.5,0.816910649392238,0.0222758131977444,1.50194872278718,0.142177486863862,44.6500487459614,10.0071512540386,54.6572,"N"
"1300",2004,"TANNER","EBS","ALL",132.5,0.866225319503333,0.0163965271020973,1.87502502954008,0.138683037967327,33.6593503526008,5.19814964739925,38.8575,"N"
"1301",2004,"TANNER","EBS","ALL",137.5,0.91193846525705,0.0121102513936951,2.34661010364741,0.148469698108616,24.3097260560502,2.34747394394978,26.6572,"N"
"1302",2004,"TANNER","EBS","ALL",142.5,0.952058632877481,0.0159889824443979,3.04535806632393,0.357618166421403,13.1656380106095,0.662961989390471,13.8286,"N"
"1303",2004,"TANNER","EBS","ALL",147.5,0.981613154852184,0.00670238719638712,4.04754328277571,0.391618949968873,4.90806577426092,0.0919342257390792,5,"N"
"1304",2004,"TANNER","EBS","ALL",152.5,0.9808177115709,0.00978688185158145,4.2728903485692,0.875115518340843,0.9808177115709,0.0191822884290996,1,"N"
"1305",2004,"TANNER","EBS","ALL",157.5,0.999503434395234,0.000253349798350038,7.81658451359243,0.59666602333455,1.99900686879047,0.00099313120953215,2,"N"
"1306",2004,"TANNER","EBS","ALL",167.5,0.999944793929091,2.81663627085759e-05,10.5578778221689,1.16509123241958,0.999944793929091,5.52060709088087e-05,1,"N"
"1307",2004,"TANNER","EBS","E166",12.5,0.00333496790113108,0.00354435992567044,-6.95524881367241,2.05574171337932,0.00333496790113108,0.996665032098869,1,"N"
"1308",2004,"TANNER","EBS","E166",22.5,0.00235699489311381,0.00240228297143082,-6.73187359578194,1.30166794847965,0.0117849744655691,4.98821502553443,5,"N"
"1309",2004,"TANNER","EBS","E166",27.5,0.0030830981436332,0.00259262720004733,-6.33968268401966,1.22591197169706,0.0400802758672316,12.9599197241328,13,"N"
"1310",2004,"TANNER","EBS","E166",32.5,0.00406564150697565,0.00288614574684142,-5.88987202602516,0.997498670859505,0.0812900625470739,19.9131099374529,19.9944,"N"
"1311",2004,"TANNER","EBS","E166",37.5,0.000131572652775941,7.84226609718003e-05,-9.17371447954388,0.743836242932754,0.000707203008670685,5.37429279699133,5.375,"N"
"1312",2004,"TANNER","EBS","E166",42.5,0.00556219003035609,0.00416572798325186,-5.42849178403656,0.682696272074929,0.414528330421321,74.1115716695787,74.5261,"N"
"1313",2004,"TANNER","EBS","E166",47.5,0.0106358958364606,0.00663945159023338,-4.70124712983476,0.57095067611447,0.405949808696444,37.7619501913036,38.1679,"N"
"1314",2004,"TANNER","EBS","E166",52.5,0.0106745093807437,0.00556950476365132,-4.66583700846597,0.538979165009083,0.178100986664894,16.5065990133351,16.6847,"N"
"1315",2004,"TANNER","EBS","E166",57.5,0.0304629891578693,0.0229845806462317,-3.74207630572702,0.768831523062396,0.730770554310294,23.2580294456897,23.9888,"N"
"1316",2004,"TANNER","EBS","E166",62.5,0.0298989624670189,0.0204687498262061,-3.71972953579707,0.713508555950957,0.620236037000827,20.1241639629992,20.7444,"N"
"1317",2004,"TANNER","EBS","E166",67.5,0.0197646279648593,0.00828293144572291,-3.99269697954225,0.43231487357284,0.350822146376253,17.3991778536237,17.75,"N"
"1318",2004,"TANNER","EBS","E166",72.5,0.0464983038470394,0.0234196006010319,-3.11766274070333,0.438224151162138,0.836969469246709,17.1630305307533,18,"N"
"1319",2004,"TANNER","EBS","E166",77.5,0.0791078602895174,0.0196753759913393,-2.48763357354112,0.286006932967779,1.79970382158652,20.9502961784135,22.75,"N"
"1320",2004,"TANNER","EBS","E166",82.5,0.303510814092234,0.0423491297942608,-0.838767741147388,0.203706104464698,5.5770112089448,12.7979887910552,18.375,"N"
"1321",2004,"TANNER","EBS","E166",87.5,0.41421601428906,0.0261038122042485,-0.347565365921449,0.107860709810006,15.0671075197645,21.3078924802355,36.375,"N"
"1322",2004,"TANNER","EBS","E166",92.5,0.352356349264126,0.0296998100498118,-0.611167778708251,0.130287380720996,10.5706904779238,19.4293095220762,30,"N"
"1323",2004,"TANNER","EBS","E166",97.5,0.406047789441812,0.0462515706385198,-0.383627948992752,0.192174106803257,19.0842461037651,27.9157538962349,47,"N"
"1324",2004,"TANNER","EBS","E166",102.5,0.425297422559573,0.0527769698590233,-0.30464987501843,0.217513670594835,10.2071381414298,13.7928618585702,24,"N"
"1325",2004,"TANNER","EBS","E166",107.5,0.456857107073061,0.0485099708129838,-0.174387284658314,0.195947935282198,12.3351418909726,14.6648581090274,27,"N"
"1326",2004,"TANNER","EBS","E166",112.5,0.516644854160006,0.0419977912954533,0.0672080181981578,0.169269798166087,14.4660559164802,13.5339440835198,28,"N"
"1327",2004,"TANNER","EBS","E166",117.5,0.604547033127244,0.0293432608543238,0.425974150061155,0.122584151153825,16.3227698944356,10.6772301055644,27,"N"
"1328",2004,"TANNER","EBS","E166",122.5,0.712627552484684,0.0394564444515933,0.915824711635246,0.191323836790652,22.8040816795099,9.1959183204901,32,"N"
"1329",2004,"TANNER","EBS","E166",127.5,0.800659972583291,0.0462690551074376,1.41297381414553,0.275369053362045,20.8171592871656,5.18284071283443,26,"N"
"1330",2004,"TANNER","EBS","E166",132.5,0.848569437392494,0.0343033029381278,1.74944764369276,0.275698650761843,13.5771109982799,2.42288900172009,16,"N"
"1331",2004,"TANNER","EBS","E166",137.5,0.89044598286949,0.011982768054906,2.101193058973,0.123436860379195,11.5757977773034,1.42420222269663,13,"N"
"1332",2004,"TANNER","EBS","E166",142.5,0.951820822625984,0.021111197158798,3.09177040184068,0.507660934443795,8.56638740363386,0.433612596366144,9,"N"
"1333",2004,"TANNER","EBS","E166",147.5,0.981613154852184,0.00670238719638712,4.04754328277571,0.391618949968873,4.90806577426092,0.0919342257390792,5,"N"
"1334",2004,"TANNER","EBS","E166",152.5,0.9808177115709,0.00978688185158145,4.2728903485692,0.875115518340843,0.9808177115709,0.0191822884290996,1,"N"
"1335",2004,"TANNER","EBS","E166",157.5,0.999503434395234,0.000253349798350038,7.81658451359243,0.59666602333455,1.99900686879047,0.00099313120953215,2,"N"
"1336",2004,"TANNER","EBS","E166",167.5,0.999944793929091,2.81663627085759e-05,10.5578778221689,1.16509123241958,0.999944793929091,5.52060709088087e-05,1,"N"
"1337",2004,"TANNER","EBS","W166",12.5,0.000304273652025999,0.00022339408609078,-8.52600722870437,1.1106707215933,0.00152136826012999,4.99847863173987,5,"N"
"1338",2004,"TANNER","EBS","W166",17.5,0.00136413224002966,0.00117426141462555,-7.30850142667469,1.49385085546048,0.120651767275215,88.3251482327248,88.4458,"N"
"1339",2004,"TANNER","EBS","W166",22.5,0.00129748060247626,0.00112863513941054,-7.30901579473605,1.3908339496494,0.679878278720837,523.318921721279,523.9988,"N"
"1340",2004,"TANNER","EBS","W166",27.5,0.00151606859027186,0.00109577492658546,-7.01813064858248,1.24183906757841,0.973142748314669,640.912557251685,641.8857,"N"
"1341",2004,"TANNER","EBS","W166",32.5,0.00240049828191691,0.00170812689260609,-6.36482677475944,0.901708674060328,3.32482526850819,1381.73147473149,1385.0563,"N"
"1342",2004,"TANNER","EBS","W166",37.5,0.00348538957344791,0.0021218555190222,-5.91374659719113,0.791163713178127,3.67833202676006,1051.67916797324,1055.3575,"N"
"1343",2004,"TANNER","EBS","W166",42.5,0.00533037725549998,0.00294602472737494,-5.43759335956266,0.713529494143565,3.48192342285629,649.740776577144,653.2227,"N"
"1344",2004,"TANNER","EBS","W166",47.5,0.00663465249329151,0.00330409133619282,-5.15950885526066,0.587096844803187,3.57509642878037,535.27700357122,538.8521,"N"
"1345",2004,"TANNER","EBS","W166",52.5,0.015835769816858,0.00472569328780019,-4.17428209299512,0.306533168700451,5.65216472253524,351.271735277465,356.9239,"N"
"1346",2004,"TANNER","EBS","W166",57.5,0.0163784545841943,0.00249204112628252,-4.10747260595714,0.161835927449176,9.38799914002351,563.804000859976,573.192,"N"
"1347",2004,"TANNER","EBS","W166",62.5,0.0281150283535841,0.0047913960813852,-3.55771988953228,0.178751027169739,12.5287679445744,433.096532055426,445.6253,"N"
"1348",2004,"TANNER","EBS","W166",67.5,0.0713150408303569,0.0168765982422382,-2.59330361348486,0.248868428248892,17.6104149470789,229.327885052921,246.9383,"N"
"1349",2004,"TANNER","EBS","W166",72.5,0.0731674116500026,0.0110267033165827,-2.54976189612096,0.158047940124989,21.9459578349016,277.995742165098,299.9417,"N"
"1350",2004,"TANNER","EBS","W166",77.5,0.10350876282596,0.00987916378394762,-2.16331995056597,0.106980333598413,24.0125631511906,207.973236848809,231.9858,"N"
"1351",2004,"TANNER","EBS","W166",82.5,0.172821444878263,0.0144257326855828,-1.5689625427274,0.0991435733865626,33.5084190760243,160.381980923976,193.8904,"N"
"1352",2004,"TANNER","EBS","W166",87.5,0.264371939997022,0.0119218784496586,-1.02422356270315,0.0606858223315984,47.0669031562958,130.965996843704,178.0329,"N"
"1353",2004,"TANNER","EBS","W166",92.5,0.315836091006402,0.0176965759425452,-0.774149562654993,0.0809843601683445,64.0977344926035,138.848465507397,202.9462,"N"
"1354",2004,"TANNER","EBS","W166",97.5,0.376590570912839,0.0150015359824483,-0.504509080143185,0.0632410404598832,80.2590201320014,132.861079867999,213.1201,"N"
"1355",2004,"TANNER","EBS","W166",102.5,0.307640753666732,0.0168830785527271,-0.812359918073411,0.0790606208450445,72.4039589491989,162.948341050801,235.3523,"N"
"1356",2004,"TANNER","EBS","W166",107.5,0.351981564284373,0.0274940025636451,-0.612383408030665,0.119672422444801,85.1420173220656,156.751382677934,241.8934,"N"
"1357",2004,"TANNER","EBS","W166",112.5,0.414468346965166,0.0284771205966339,-0.346658516529138,0.117263119363914,90.9255271483672,128.453172851633,219.3787,"N"
"1358",2004,"TANNER","EBS","W166",117.5,0.510487780361869,0.0274630125378156,0.0420689436245584,0.110099562890535,85.1072465224799,81.6102534775201,166.7175,"N"
"1359",2004,"TANNER","EBS","W166",122.5,0.632562909405522,0.0277878357900546,0.54499003754466,0.118486291473366,56.9316106908611,33.0698893091389,90.0015,"N"
"1360",2004,"TANNER","EBS","W166",127.5,0.833811353273542,0.0103612199339598,1.61480736388482,0.076451667267974,23.8946987130305,4.76250128696946,28.6572,"N"
"1361",2004,"TANNER","EBS","W166",132.5,0.880350025192004,0.0125628517274708,2.00121193285609,0.120633186811417,20.1226007008262,2.73489929917378,22.8575,"N"
"1362",2004,"TANNER","EBS","W166",137.5,0.939878692360877,0.0135316545590068,2.77325693776689,0.232277023476106,12.836111277311,0.821088722689026,13.6572,"N"
"1363",2004,"TANNER","EBS","W166",142.5,0.95277206363197,0.00911791262688759,3.02638703676763,0.229933439527515,4.60055518645333,0.228044813546668,4.8286,"N"
"1364",2005,"TANNER","EBS","ALL",12.5,0.000677813918225625,0.000828904194295205,-8.91977711164259,2.2047898815986,0.000677813918225625,0.999322186081774,1,"N"
"1365",2005,"TANNER","EBS","ALL",17.5,0.000482407125044054,0.00025477796648101,-7.90438574976845,0.891717396558741,0.00530647837548459,10.9946935216245,11,"N"
"1366",2005,"TANNER","EBS","ALL",22.5,0.0012730760225982,0.000846603738835275,-7.07090186909377,1.09053293761432,0.154351301592669,121.088448698407,121.2428,"N"
"1367",2005,"TANNER","EBS","ALL",27.5,0.00335894622631053,0.00234762356991433,-6.10067083439112,1.07022341733156,0.924022930129065,274.169077069871,275.0931,"N"
"1368",2005,"TANNER","EBS","ALL",32.5,0.0055141934616649,0.00403947188081898,-5.58118837109854,0.979835232803049,4.41860372805663,796.895996271943,801.3146,"N"
"1369",2005,"TANNER","EBS","ALL",37.5,0.00932325751816074,0.00544593816319691,-4.90391217808384,0.761460566836016,4.42277808937411,469.958421910626,474.3812,"N"
"1370",2005,"TANNER","EBS","ALL",42.5,0.00921420534020608,0.00443965808033844,-4.82933493225196,0.596879745495292,8.57339882271878,921.881101177281,930.4545,"N"
"1371",2005,"TANNER","EBS","ALL",47.5,0.0116777377185972,0.0045560722728247,-4.52711342146952,0.444547502082429,14.8508056048519,1256.86859439515,1271.7194,"N"
"1372",2005,"TANNER","EBS","ALL",52.5,0.0240580508548924,0.00494826613153483,-3.72541313533022,0.221518315218988,30.2476845265933,1227.03141547341,1257.2791,"N"
"1373",2005,"TANNER","EBS","ALL",57.5,0.036185415707462,0.0059596284646597,-3.29675560324326,0.180788852204372,38.9871511265269,1038.44004887347,1077.4272,"N"
"1374",2005,"TANNER","EBS","ALL",62.5,0.0489632214282847,0.00570226784074994,-2.9736341286618,0.128136510267514,39.7066705577239,771.242229442276,810.9489,"N"
"1375",2005,"TANNER","EBS","ALL",67.5,0.0515625588412838,0.00630021716474669,-2.91866528668972,0.119552911914009,27.8158090861219,511.641690913878,539.4575,"N"
"1376",2005,"TANNER","EBS","ALL",72.5,0.0735425479322731,0.0108014818504878,-2.5430214270095,0.146936617506254,28.7078042576696,361.64859574233,390.3564,"N"
"1377",2005,"TANNER","EBS","ALL",77.5,0.13161730171564,0.0131822106133732,-1.89159139789992,0.115349995679948,44.9386217939777,296.495378206022,341.434,"N"
"1378",2005,"TANNER","EBS","ALL",82.5,0.250841945839703,0.0182176690361117,-1.09661584081323,0.0999455318954152,115.46284868035,344.83835131965,460.3012,"N"
"1379",2005,"TANNER","EBS","ALL",87.5,0.412616179030461,0.0310025787044962,-0.354835880734168,0.130306482929804,100.230989222128,142.684810777872,242.9158,"N"
"1380",2005,"TANNER","EBS","ALL",92.5,0.53458375871205,0.0297862949611392,0.1388472346619,0.119459633675768,175.885006205128,153.127993794872,329.013,"N"
"1381",2005,"TANNER","EBS","ALL",97.5,0.577345957287409,0.0351173500462302,0.313164523179823,0.142640082306021,158.509639758109,116.03916024189,274.5488,"N"
"1382",2005,"TANNER","EBS","ALL",102.5,0.607656373264286,0.0308156191645808,0.438975809878738,0.127206846422158,165.605563655913,106.926036344087,272.5316,"N"
"1383",2005,"TANNER","EBS","ALL",107.5,0.695835327602776,0.0290706813998454,0.830848987538414,0.133349732272763,140.985213648049,61.6276863519515,202.6129,"N"
"1384",2005,"TANNER","EBS","ALL",112.5,0.748911266107946,0.0320647518324352,1.09971207343677,0.16789313560166,145.279274451862,48.708025548138,193.9873,"N"
"1385",2005,"TANNER","EBS","ALL",117.5,0.796949440668403,0.0243991856023833,1.37396431889294,0.150092755020558,149.710857481819,38.1440425181812,187.8549,"N"
"1386",2005,"TANNER","EBS","ALL",122.5,0.843157862660175,0.0245554103986067,1.69277351347578,0.177586714529577,190.965222313964,35.522877686036,226.4881,"N"
"1387",2005,"TANNER","EBS","ALL",127.5,0.901833515673334,0.0152435856833453,2.22902106650934,0.16673195899275,134.344966446286,14.6237335537137,148.9687,"N"
"1388",2005,"TANNER","EBS","ALL",132.5,0.922056513612643,0.0140055035253009,2.4863029267376,0.193202318488954,147.312635514278,12.452664485722,159.7653,"N"
"1389",2005,"TANNER","EBS","ALL",137.5,0.932270188417506,0.0115056353465986,2.63573868411967,0.17701266730285,118.805156639249,8.63124336075137,127.4364,"N"
"1390",2005,"TANNER","EBS","ALL",142.5,0.96815788806958,0.00837817241974859,3.45151751092726,0.286931125963571,78.4973702225823,2.58172977741772,81.0791,"N"
"1391",2005,"TANNER","EBS","ALL",147.5,0.991156412859369,0.00369283553249198,4.83668282627166,0.537371157990721,59.1125684629328,0.527431537067208,59.64,"N"
"1392",2005,"TANNER","EBS","ALL",152.5,0.998518385098587,0.000755925970108542,6.78196676101473,0.890859164324402,23.7903994878434,0.0353005121565886,23.8257,"N"
"1393",2005,"TANNER","EBS","ALL",157.5,0.999460998967528,0.000275000526771291,7.74721447720044,0.768058012574164,9.93654130563527,0.00535869436473035,9.9419,"N"
"1394",2005,"TANNER","EBS","ALL",162.5,0.999832790960753,8.53107343098335e-05,9.7687454454146,1.60505411164167,2.99949837288226,0.000501627117741599,3,"N"
"1395",2005,"TANNER","EBS","E166",17.5,0.000508801900543954,0.000556762889886204,-8.43242516865897,1.48578639332786,0.000508801900543954,0.999491198099456,1,"N"
"1396",2005,"TANNER","EBS","E166",22.5,0.00162301294043175,0.00162163287380305,-7.17562562984954,1.4545138229537,0.0178531423447492,10.9821468576553,11,"N"
"1397",2005,"TANNER","EBS","E166",27.5,0.00415547983543193,0.00286254395675516,-5.93663504254477,1.11168143431585,0.0747986370377747,17.9252013629622,18,"N"
"1398",2005,"TANNER","EBS","E166",32.5,0.00455918799679601,0.00304036131655311,-5.75110822031345,0.964969573405929,0.278110467804557,60.7218895321954,61,"N"
"1399",2005,"TANNER","EBS","E166",37.5,0.0104785615752253,0.00626598635195517,-4.82101852850615,0.820422747251678,0.387706778283337,36.6122932217167,37,"N"
"1400",2005,"TANNER","EBS","E166",42.5,0.00839409281643476,0.00410591445885793,-4.91470132131245,0.565499038497425,1.52772489259113,180.472275107409,182,"N"
"1401",2005,"TANNER","EBS","E166",47.5,0.00879857746291836,0.00339837649034946,-4.7935883686251,0.371477892212148,1.85320037812718,208.771799621873,210.625,"N"
"1402",2005,"TANNER","EBS","E166",52.5,0.0214001131284049,0.00550967451187217,-3.85976584759045,0.28724267456353,2.85691510264206,130.643084897358,133.5,"N"
"1403",2005,"TANNER","EBS","E166",57.5,0.0323966228651848,0.00613994547198065,-3.41619762906961,0.208686592744125,3.01288592646219,89.9871140735378,93,"N"
"1404",2005,"TANNER","EBS","E166",62.5,0.0414553994035389,0.0111076402926106,-3.17349462377992,0.263972787389569,3.52370894930081,81.4762910506992,85,"N"
"1405",2005,"TANNER","EBS","E166",67.5,0.0489806362183962,0.00684707901510687,-2.97621462784352,0.151813474888386,2.97572059217623,57.7772794078238,60.753,"N"
"1406",2005,"TANNER","EBS","E166",72.5,0.092945520468851,0.0148696805625157,-2.28968750808888,0.166373730309433,3.81076633922289,37.1892336607771,41,"N"
"1407",2005,"TANNER","EBS","E166",77.5,0.125901676010166,0.006390000746723,-1.93894274096215,0.0580637006841717,7.68000223662016,53.3199977633798,61,"N"
"1408",2005,"TANNER","EBS","E166",82.5,0.251607250130265,0.0300982043686249,-1.09621182005629,0.158382313404411,10.9449153806665,32.5550846193335,43.5,"N"
"1409",2005,"TANNER","EBS","E166",87.5,0.409549380866444,0.0133399383241743,-0.366083154978084,0.0548657935704189,8.34456863515379,12.0304313648462,20.375,"N"
"1410",2005,"TANNER","EBS","E166",92.5,0.502962778707732,0.0156036209548235,0.0118780116066963,0.0624721705920257,18.7982338542015,18.5767661457985,37.375,"N"
"1411",2005,"TANNER","EBS","E166",97.5,0.551678411064804,0.016076105846642,0.207656384410339,0.0649108148687355,21.5154580315273,17.4845419684727,39,"N"
"1412",2005,"TANNER","EBS","E166",102.5,0.576328929846347,0.0365145454813546,0.309296148930429,0.149195192254373,21.9742694371815,16.1537305628185,38.128,"N"
"1413",2005,"TANNER","EBS","E166",107.5,0.62970083233618,0.0134197732880497,0.531368509447261,0.0577678598812066,27.3976535141148,16.1113464858852,43.509,"N"
"1414",2005,"TANNER","EBS","E166",112.5,0.690421431578297,0.0323884933333012,0.806203268818495,0.14950524264972,27.7073024706686,12.4236975293314,40.131,"N"
"1415",2005,"TANNER","EBS","E166",117.5,0.662993658418172,0.037867773720272,0.681348083820376,0.170186114154735,21.8787907277997,11.1212092722003,33,"N"
"1416",2005,"TANNER","EBS","E166",122.5,0.770332631714244,0.029164845204912,1.21754041705026,0.165629863997175,52.9649904261446,15.7910095738554,68.756,"N"
"1417",2005,"TANNER","EBS","E166",127.5,0.838875535738901,0.0184692461946422,1.65621749559524,0.137463013454812,33.0332408463264,6.34475915367357,39.378,"N"
"1418",2005,"TANNER","EBS","E166",132.5,0.88490459826322,0.0121002243624614,2.04513094314266,0.119190551083368,17.6980919652644,2.30190803473561,20,"N"
"1419",2005,"TANNER","EBS","E166",137.5,0.80450200173582,0.0307705627131848,1.4259942621744,0.193761174135181,10.4585260225657,2.54147397743434,13,"N"
"1420",2005,"TANNER","EBS","E166",142.5,0.910985244267871,0.0252621904603245,2.36131920665281,0.290144472572741,10.0208376869466,0.979162313053417,11,"N"
"1421",2005,"TANNER","EBS","E166",147.5,0.977955559798296,0.0106972706073773,3.92821231432817,0.558969390960711,10.7575111577813,0.242488842218743,11,"N"
"1422",2005,"TANNER","EBS","E166",152.5,0.998383447736624,0.000824771562946703,6.70737968688139,0.776138082539192,3.9935337909465,0.00646620905350215,4,"N"
"1423",2005,"TANNER","EBS","E166",157.5,0.9993008243677,0.000339262891059256,7.42639098983977,0.621815728626998,2.9979024731031,0.00209752689689857,3,"N"
"1424",2005,"TANNER","EBS","E166",162.5,0.999762751637663,0.000121045082824867,9.49831520281753,1.63965889603466,1.99952550327533,0.000474496724673479,2,"N"
"1425",2005,"TANNER","EBS","W166",12.5,0.000677813918225625,0.000828904194295205,-8.91977711164259,2.2047898815986,0.000677813918225625,0.999322186081774,1,"N"
"1426",2005,"TANNER","EBS","W166",17.5,0.000479767647494064,0.00023470784957294,-7.88993094947687,0.863925433214042,0.00479767647494064,9.99520232352506,10,"N"
"1427",2005,"TANNER","EBS","W166",22.5,0.00123123573894419,0.00076909832664665,-7.07228946068909,1.05037254147139,0.135734875321276,110.107065124679,110.2428,"N"
"1428",2005,"TANNER","EBS","W166",27.5,0.00324045362330073,0.00235011405178624,-6.15743019866978,1.09790317532404,0.833098267420618,256.260001732579,257.0931,"N"
"1429",2005,"TANNER","EBS","W166",32.5,0.00570272204858077,0.00431291660744491,-5.56264330332472,0.993498576185493,4.22180839230625,736.092791607694,740.3146,"N"
"1430",2005,"TANNER","EBS","W166",37.5,0.00912806916148772,0.00543300956108019,-4.92880948149227,0.766792420113925,3.99244584353449,433.388754156465,437.3812,"N"
"1431",2005,"TANNER","EBS","W166",42.5,0.00958370658717997,0.00496211271257177,-4.82103415238,0.670353730064016,7.17296832185449,741.281531678145,748.4545,"N"
"1432",2005,"TANNER","EBS","W166",47.5,0.0128294018208688,0.00549475535695785,-4.45334853592673,0.501174191568077,13.6132064274737,1047.48119357253,1061.0944,"N"
"1433",2005,"TANNER","EBS","W166",52.5,0.0250849813401262,0.00527013653086367,-3.68328096421469,0.225064171591305,28.1899777539238,1095.58912224608,1123.7791,"N"
"1434",2005,"TANNER","EBS","W166",57.5,0.0371966593486392,0.00825316450574228,-3.28201260884147,0.257579842015132,36.6174032119348,947.809796788065,984.4272,"N"
"1435",2005,"TANNER","EBS","W166",62.5,0.0505601232557703,0.00878816402324652,-2.95001223745911,0.203182105848176,36.7040658613909,689.244834138609,725.9489,"N"
"1436",2005,"TANNER","EBS","W166",67.5,0.0521516382746611,0.00774494495356116,-2.90984668755483,0.145340405406921,24.9652239244525,453.739276075547,478.7045,"N"
"1437",2005,"TANNER","EBS","W166",72.5,0.0697900862624632,0.0105595279018607,-2.6002688476589,0.153232779019743,24.3816132923436,324.974786707656,349.3564,"N"
"1438",2005,"TANNER","EBS","W166",77.5,0.133343307497986,0.0171477345853651,-1.88001402476766,0.151828236215598,37.3939970948901,243.04000290511,280.434,"N"
"1439",2005,"TANNER","EBS","W166",82.5,0.25069491693659,0.0189631350255778,-1.09767474524071,0.105180272079595,104.489942213071,312.311257786929,416.8012,"N"
"1440",2005,"TANNER","EBS","W166",87.5,0.412922858846862,0.0334147528943167,-0.353873966140708,0.140771550665661,91.8921833460679,130.648616653932,222.5408,"N"
"1441",2005,"TANNER","EBS","W166",92.5,0.540907954712914,0.0359093548684447,0.164494532727814,0.144180359667445,157.749314096565,133.888685903435,291.638,"N"
"1442",2005,"TANNER","EBS","W166",97.5,0.582907258968974,0.0446733858107263,0.336919449224161,0.18203929508013,137.303105361431,98.245694638569,235.5488,"N"
"1443",2005,"TANNER","EBS","W166",102.5,0.613302598531472,0.0404697859984422,0.463906930049046,0.167501443309084,143.760336985132,90.6432630148682,234.4036,"N"
"1444",2005,"TANNER","EBS","W166",107.5,0.717880159358308,0.0408073833036933,0.941674834738003,0.193178504944876,114.217533086528,44.8863669134717,159.1039,"N"
"1445",2005,"TANNER","EBS","W166",112.5,0.766300135832977,0.0404763750077222,1.19987280596859,0.217592714142195,117.900103588759,35.9561964112407,153.8563,"N"
"1446",2005,"TANNER","EBS","W166",117.5,0.843481449239536,0.0245320605548616,1.69634050298017,0.187797072915259,130.617235473843,24.2376645261566,154.8549,"N"
"1447",2005,"TANNER","EBS","W166",122.5,0.895526568059497,0.0262113051560095,2.17732720234553,0.269047140435527,141.253286185817,16.4788138141827,157.7321,"N"
"1448",2005,"TANNER","EBS","W166",127.5,0.937671135020627,0.0227811458236935,2.77228336819903,0.372618733191235,102.760036056705,6.83066394329494,109.5907,"N"
"1449",2005,"TANNER","EBS","W166",132.5,0.934650383222617,0.0175981464031291,2.69659563857488,0.291295121517059,130.631691206224,9.13360879377592,139.7653,"N"
"1450",2005,"TANNER","EBS","W166",137.5,0.962469941633177,0.010162959891433,3.28583221485673,0.309939316940866,110.141595228711,4.29480477128912,114.4364,"N"
"1451",2005,"TANNER","EBS","W166",142.5,0.982783448111878,0.00878395504496043,4.18803560902974,0.548099001661025,68.8725795385771,1.20652046142293,70.0791,"N"
"1452",2005,"TANNER","EBS","W166",147.5,0.995840586526202,0.002025571676343,5.65290137393999,0.660289892652541,48.4376861286345,0.20231387136554,48.64,"N"
"1453",2005,"TANNER","EBS","W166",152.5,0.99856745323021,0.000730891209076525,6.93161312923418,1.04056539173676,19.7972987575062,0.0284012424938247,19.8257,"N"
"1454",2005,"TANNER","EBS","W166",157.5,0.999581129917399,0.000213709225816722,8.23745985097528,1.19093364579688,6.93899224577359,0.00290775422640621,6.9419,"N"
"1455",2005,"TANNER","EBS","W166",162.5,0.999972869606932,1.38420372797097e-05,11.6658178379932,1.57154488249586,0.999972869606932,2.7130393068231e-05,1,"N"
"1456",2006,"TANNER","EBS","ALL",7.5,0.000297885325645425,0.000441622869229152,-9.80110357934985,2.1047424811469,0.000595770651290851,1.99940422934871,2,"N"
"1457",2006,"TANNER","EBS","ALL",12.5,0.00022267084174461,0.000314691172402941,-9.49253884219152,1.50129027020729,0.000668012525233831,2.99933198747477,3,"N"
"1458",2006,"TANNER","EBS","ALL",17.5,0.000726281956187653,0.000783256342896992,-8.17603399270808,1.64078773975246,0.0277809384779383,38.2231190615221,38.2509,"N"
"1459",2006,"TANNER","EBS","ALL",22.5,0.000803357911832548,0.000715282337820973,-7.75220530742668,1.35030264164626,0.117316444595478,145.915283555405,146.0326,"N"
"1460",2006,"TANNER","EBS","ALL",27.5,0.000989447344239054,0.000886768350033694,-7.46570171942344,1.2018183520266,0.181036113288653,182.785863886711,182.9669,"N"
"1461",2006,"TANNER","EBS","ALL",32.5,0.00296596156552907,0.00175587066013602,-6.11733240767516,0.899644885997641,0.740166979331728,248.813633020668,249.5538,"N"
"1462",2006,"TANNER","EBS","ALL",37.5,0.00599911450853133,0.00372671768486275,-5.38615800069437,0.826249578207618,1.18474352747762,196.301656472522,197.4864,"N"
"1463",2006,"TANNER","EBS","ALL",42.5,0.0161731802718463,0.0124943411377384,-4.48552538162746,0.935914664833166,7.4156166406211,451.097583359379,458.5132,"N"
"1464",2006,"TANNER","EBS","ALL",47.5,0.0140372439284366,0.00962907060902126,-4.5126696614433,0.748952611966605,7.50635442685816,527.239245573142,534.7456,"N"
"1465",2006,"TANNER","EBS","ALL",52.5,0.017552795439613,0.00563674668733014,-4.0800832653075,0.345425561564949,8.66703678309954,485.1025632169,493.7696,"N"
"1466",2006,"TANNER","EBS","ALL",57.5,0.0258847574837112,0.00401157156130548,-3.6395205807894,0.156494353324079,26.5167597224334,997.899240277566,1024.416,"N"
"1467",2006,"TANNER","EBS","ALL",62.5,0.0329652083388573,0.00484675653648392,-3.38979486406015,0.155127245235326,42.446094559696,1245.1567054403,1287.6028,"N"
"1468",2006,"TANNER","EBS","ALL",67.5,0.0414960266242763,0.0057001924532347,-3.14883055449643,0.140201578686322,57.6176396288686,1330.89216037113,1388.5098,"N"
"1469",2006,"TANNER","EBS","ALL",72.5,0.0593466067177865,0.00476956625306078,-2.76640625660789,0.0861195649473082,92.0362251017539,1458.78917489825,1550.8254,"N"
"1470",2006,"TANNER","EBS","ALL",77.5,0.0841961452644654,0.0031507784987151,-2.38733725628388,0.0406791442830485,123.41317735881,1342.36862264119,1465.7818,"N"
"1471",2006,"TANNER","EBS","ALL",82.5,0.152251310402517,0.00695018297785997,-1.71804978371335,0.0537784964432037,164.418549998989,915.496950001011,1079.9155,"N"
"1472",2006,"TANNER","EBS","ALL",87.5,0.260505112253803,0.012027513486102,-1.04427882328885,0.0626599061400302,206.21115776809,585.37084223191,791.582,"N"
"1473",2006,"TANNER","EBS","ALL",92.5,0.349517476967512,0.0183058088228299,-0.622105557458668,0.080155283244081,217.492248142955,404.772051857045,622.2643,"N"
"1474",2006,"TANNER","EBS","ALL",97.5,0.358149566210344,0.00756028103049558,-0.583556003181245,0.0328567694244485,188.505470037753,337.826229962247,526.3317,"N"
"1475",2006,"TANNER","EBS","ALL",102.5,0.362079251350171,0.0109421199265386,-0.566645723054202,0.0470373474744218,187.935750888376,331.110149111624,519.0459,"N"
"1476",2006,"TANNER","EBS","ALL",107.5,0.361604076514425,0.0125334902082785,-0.568806447816465,0.0541366511018249,114.0733215164,201.3913784836,315.4647,"N"
"1477",2006,"TANNER","EBS","ALL",112.5,0.481523768320234,0.0155431875879201,-0.0739926574193618,0.0622402807106484,131.983642496749,142.112157503251,274.0958,"N"
"1478",2006,"TANNER","EBS","ALL",117.5,0.582692125417088,0.0274938405719647,0.334941256264069,0.113696522506139,86.5345586998659,61.9736413001341,148.5082,"N"
"1479",2006,"TANNER","EBS","ALL",122.5,0.755699039273987,0.0215429268808409,1.13280592057041,0.118344183654306,95.7280246602245,30.9467753397755,126.6748,"N"
"1480",2006,"TANNER","EBS","ALL",127.5,0.7403912779396,0.0256254253917564,1.0523472212249,0.134755941118011,61.077986160605,21.416213839395,82.4942,"N"
"1481",2006,"TANNER","EBS","ALL",132.5,0.796885965279971,0.0240630569781459,1.37337060696131,0.147760689156707,45.7383856175953,11.6580143824047,57.3964,"N"
"1482",2006,"TANNER","EBS","ALL",137.5,0.882287474776265,0.0204285419847269,2.02884604981937,0.195799768229527,40.7525055449257,5.43709445507425,46.1896,"N"
"1483",2006,"TANNER","EBS","ALL",142.5,0.956072446414368,0.0132008695703897,3.12655140814025,0.322697681059893,28.4649537326057,1.30784626739431,29.7728,"N"
"1484",2006,"TANNER","EBS","ALL",147.5,0.990358450325926,0.00491915799697644,4.73801732286239,0.438932908925215,20.17617656511,0.196423434890036,20.3726,"N"
"1485",2006,"TANNER","EBS","ALL",152.5,0.993166519685026,0.00348646954845612,5.13703293372501,0.577676981094162,11.9179982362203,0.0820017637796884,12,"N"
"1486",2006,"TANNER","EBS","ALL",157.5,0.994588207074259,0.00276111883966367,5.76346013696295,1.16910314817069,6.33811280840142,0.0344871915985756,6.3726,"N"
"1487",2006,"TANNER","EBS","ALL",162.5,0.999938215439762,3.15227348150675e-05,10.3419507057711,1.3638197333601,0.999938215439762,6.17845602375322e-05,1,"N"
"1488",2006,"TANNER","EBS","ALL",167.5,0.994948447086042,0.00257732291528451,6.30645110951322,1.68192508597694,0.994948447086042,0.00505155291395765,1,"N"
"1489",2006,"TANNER","EBS","E166",17.5,0.00212203794108166,0.00234737496256884,-7.33310627572019,1.89036889523078,0.021752798730234,10.2291472012698,10.2509,"N"
"1490",2006,"TANNER","EBS","E166",22.5,0.00203770579833069,0.00219375825039845,-7.15365952389084,1.61759642061816,0.0203770579833069,9.97962294201669,10,"N"
"1491",2006,"TANNER","EBS","E166",27.5,0.00293500376064883,0.00306408440784336,-6.67350209841447,1.48469882965123,0.0293500376064883,9.97064996239351,10,"N"
"1492",2006,"TANNER","EBS","E166",32.5,0.0015123775236625,0.00138630599557363,-7.0849331541501,1.21568085322325,0.0338804325228396,22.3682195674772,22.4021,"N"
"1493",2006,"TANNER","EBS","E166",37.5,0.00251365894279558,0.00206932595824406,-6.46864274259827,1.10194392933058,0.0578171720750298,22.943382827925,23.0012,"N"
"1494",2006,"TANNER","EBS","E166",42.5,0.00795993641222217,0.00678377306739536,-5.261429362669,0.998704368968778,0.413945349206637,51.5896546507934,52.0036,"N"
"1495",2006,"TANNER","EBS","E166",47.5,0.0065790455786179,0.00457585307701877,-5.29886075495013,0.78934864209986,0.438080881657104,66.1492191183429,66.5873,"N"
"1496",2006,"TANNER","EBS","E166",52.5,0.0108586230258995,0.00629355758114603,-4.68326543741686,0.599175630970272,1.43542743848892,130.756972561511,132.1924,"N"
"1497",2006,"TANNER","EBS","E166",57.5,0.010651532228213,0.00376403670372023,-4.5929368671932,0.356623408124684,2.12900908901719,197.749190910983,199.8782,"N"
"1498",2006,"TANNER","EBS","E166",62.5,0.010104406944666,0.00357037784483375,-4.64268978630388,0.341026866295715,2.22207528781192,217.689424712188,219.9115,"N"
"1499",2006,"TANNER","EBS","E166",67.5,0.0167721236379001,0.00373031189380851,-4.09654163887575,0.23275741882912,3.05694931110113,179.206750688899,182.2637,"N"
"1500",2006,"TANNER","EBS","E166",72.5,0.0330711418692002,0.00711136480109639,-3.39778714080212,0.218439140316728,4.53677530524318,132.645524694757,137.1823,"N"
"1501",2006,"TANNER","EBS","E166",77.5,0.050802170639817,0.00794101338240222,-2.93985556618454,0.16560714185301,10.2303023532443,191.144997646756,201.3753,"N"
"1502",2006,"TANNER","EBS","E166",82.5,0.0836499342752948,0.00825139024845014,-2.39833919142251,0.104527027976995,20.671379363262,226.446320636738,247.1177,"N"
"1503",2006,"TANNER","EBS","E166",87.5,0.138750968718333,0.00977784247726662,-1.8279990583767,0.0796768674898547,37.7393616100898,234.25413838991,271.9935,"N"
"1504",2006,"TANNER","EBS","E166",92.5,0.214405063736811,0.0173160762659911,-1.30152011044755,0.102011735682975,46.5894913727924,170.707108627208,217.2966,"N"
"1505",2006,"TANNER","EBS","E166",97.5,0.191129275028891,0.00772028098389004,-1.443432420235,0.0492159903199004,37.4071336432645,158.309266356736,195.7164,"N"
"1506",2006,"TANNER","EBS","E166",102.5,0.214800341065834,0.0104293520109565,-1.29729671346112,0.0614441592617901,31.3645873215464,114.652812678454,146.0174,"N"
"1507",2006,"TANNER","EBS","E166",107.5,0.219103402340514,0.0062705968876226,-1.2712716449166,0.0365751731552153,21.1279438946337,75.3011561053663,96.4291,"N"
"1508",2006,"TANNER","EBS","E166",112.5,0.335947293855095,0.0173983346980925,-0.682374241224323,0.0775774530418266,23.8789992683026,47.2006007316974,71.0796,"N"
"1509",2006,"TANNER","EBS","E166",117.5,0.444972630489338,0.0358681224530929,-0.222091559669832,0.145244018911759,19.6988938545,24.5710061455,44.2699,"N"
"1510",2006,"TANNER","EBS","E166",122.5,0.615394088929847,0.0380186889775902,0.47323852674872,0.16285299485885,19.6926108457551,12.3073891542449,32,"N"
"1511",2006,"TANNER","EBS","E166",127.5,0.602127241524612,0.0391222464853138,0.417015203771866,0.163559150712609,15.6553082796399,10.3446917203601,26,"N"
"1512",2006,"TANNER","EBS","E166",132.5,0.640924693673874,0.0496865707205542,0.585295718653587,0.21323970229603,10.254795098782,5.74520490121802,16,"N"
"1513",2006,"TANNER","EBS","E166",137.5,0.725603022106448,0.0490439116054848,0.985417330618819,0.242975815835388,8.70723626527738,3.29276373472262,12,"N"
"1514",2006,"TANNER","EBS","E166",142.5,0.915758250885045,0.0300939668454144,2.44582191242197,0.378207987959603,7.32606600708036,0.67393399291964,8,"N"
"1515",2006,"TANNER","EBS","E166",147.5,0.984200008478562,0.00806122016399879,4.23440560850019,0.428901810870059,8.85780007630706,0.142199923692939,9,"N"
"1516",2006,"TANNER","EBS","E166",152.5,0.991135307239598,0.00452280242877632,4.87642851427799,0.577565009069901,8.92021776515639,0.0797822348436146,9,"N"
"1517",2006,"TANNER","EBS","E166",157.5,0.991718001904383,0.00422550923245767,5.38131450713507,1.21298058547464,2.97515400571315,0.0248459942868511,3,"N"
"1518",2006,"TANNER","EBS","E166",167.5,0.994948447086042,0.00257732291528451,6.30645110951322,1.68192508597694,0.994948447086042,0.00505155291395765,1,"N"
"1519",2006,"TANNER","EBS","W166",7.5,0.000297885325645425,0.000441622869229152,-9.80110357934985,2.1047424811469,0.000595770651290851,1.99940422934871,2,"N"
"1520",2006,"TANNER","EBS","W166",12.5,0.00022267084174461,0.000314691172402941,-9.49253884219152,1.50129027020729,0.000668012525233831,2.99933198747477,3,"N"
"1521",2006,"TANNER","EBS","W166",17.5,0.000327494531932222,0.000339204740741902,-8.75683106797011,1.40187578801132,0.00916984689410222,27.9908301531059,28,"N"
"1522",2006,"TANNER","EBS","W166",22.5,0.000701345689807908,0.000594878657297675,-7.85006829451859,1.32779967563438,0.0954058776833633,135.937194122317,136.0326,"N"
"1523",2006,"TANNER","EBS","W166",27.5,0.000847435926982866,0.000730428416960841,-7.587500791138,1.17954603329086,0.146578365238853,172.820321634761,172.9669,"N"
"1524",2006,"TANNER","EBS","W166",32.5,0.00313233564261018,0.00181521544876679,-6.05315467146678,0.886809852807578,0.711515366189495,226.440184633811,227.1517,"N"
"1525",2006,"TANNER","EBS","W166",37.5,0.00653124512925435,0.00400180295002611,-5.2924050939074,0.813736520464611,1.13960561262697,173.345594387373,174.4852,"N"
"1526",2006,"TANNER","EBS","W166",42.5,0.0174715974996545,0.0134748242005028,-4.4056167445199,0.934831563150687,7.10237211094554,399.407227889054,406.5096,"N"
"1527",2006,"TANNER","EBS","W166",47.5,0.0151695116647127,0.0104250360134996,-4.43552383374261,0.752360561265294,7.10173279278205,461.056567207218,468.1583,"N"
"1528",2006,"TANNER","EBS","W166",52.5,0.020375989892353,0.0055362278411516,-3.91279095164891,0.295310237981027,7.36749337250532,354.209706627495,361.5772,"N"
"1529",2006,"TANNER","EBS","W166",57.5,0.0312390099250001,0.00450115794668759,-3.44415725851738,0.143644930203266,25.7577445177378,798.780055482262,824.5378,"N"
"1530",2006,"TANNER","EBS","W166",62.5,0.0386364456078009,0.00537121699104389,-3.22395528997738,0.147090778935723,41.2517968383722,1026.43950316163,1067.6913,"N"
"1531",2006,"TANNER","EBS","W166",67.5,0.0468314353612207,0.00649462939397656,-3.02225674392977,0.14010507930671,56.4902362618745,1149.75586373813,1206.2461,"N"
"1532",2006,"TANNER","EBS","W166",72.5,0.0627773509760505,0.00529074888640387,-2.70682114127282,0.089701729148859,88.744769043572,1324.89833095643,1413.6431,"N"
"1533",2006,"TANNER","EBS","W166",77.5,0.0892852125149561,0.0025552411379184,-2.32279420975688,0.0313187475375759,112.892803057792,1151.51369694221,1264.4065,"N"
"1534",2006,"TANNER","EBS","W166",82.5,0.166083359764217,0.00747301567896271,-1.61461258406199,0.0541039400216296,138.313856628249,694.483943371751,832.7978,"N"
"1535",2006,"TANNER","EBS","W166",87.5,0.293987501726058,0.0143918105010215,-0.877099215277995,0.069854231653967,152.75252504059,366.83597495941,519.5885,"N"
"1536",2006,"TANNER","EBS","W166",92.5,0.390098943838924,0.0196234677328392,-0.447628648988952,0.0824149927987304,157.977472058878,246.990227941122,404.9677,"N"
"1537",2006,"TANNER","EBS","W166",97.5,0.412887308698384,0.00789002618841017,-0.352133645713361,0.0325521393833783,136.506861431509,194.108438568491,330.6153,"N"
"1538",2006,"TANNER","EBS","W166",102.5,0.399050500433894,0.0121648846408038,-0.409671011738965,0.0505425030863748,148.857209601105,224.171290398895,373.0285,"N"
"1539",2006,"TANNER","EBS","W166",107.5,0.43078918643944,0.0173131701231942,-0.278954776027192,0.0704504713505853,94.3581679252745,124.677432074725,219.0356,"N"
"1540",2006,"TANNER","EBS","W166",112.5,0.545977474571974,0.0152999465968427,0.184625447133247,0.061952441639619,110.842272173199,92.1739278268011,203.0162,"N"
"1541",2006,"TANNER","EBS","W166",117.5,0.670918676855177,0.0226245984347971,0.714211438152439,0.103880454183329,69.935422313633,34.302877686367,104.2383,"N"
"1542",2006,"TANNER","EBS","W166",122.5,0.819838445145594,0.0167786627869465,1.51956462486226,0.116946386521879,77.6180408264701,17.0567591735299,94.6748,"N"
"1543",2006,"TANNER","EBS","W166",127.5,0.837549790014998,0.017578147389066,1.64610327088856,0.134587495122169,47.3167053470653,9.17749465293473,56.4942,"N"
"1544",2006,"TANNER","EBS","W166",132.5,0.882933563407472,0.0162051658476533,2.03064506876916,0.165359200764712,36.5502709642411,4.84612903575892,41.3964,"N"
"1545",2006,"TANNER","EBS","W166",137.5,0.954603376008488,0.0134649976590391,3.08946794079854,0.311168470691144,32.6375075843798,1.55209241562021,34.1896,"N"
"1546",2006,"TANNER","EBS","W166",142.5,0.979109129573981,0.00664952959612638,3.89968750136466,0.336677363584516,21.3179472563884,0.454852743611628,21.7728,"N"
"1547",2006,"TANNER","EBS","W166",147.5,0.995901047988554,0.00209130204665626,5.65220592041819,0.590874192180808,11.3259842583546,0.0466157416453736,11.3726,"N"
"1548",2006,"TANNER","EBS","W166",152.5,0.999260157021309,0.000377470907495525,7.65575129613552,0.995171896456875,2.99778047106393,0.0022195289360738,3,"N"
"1549",2006,"TANNER","EBS","W166",157.5,0.998893514829074,0.00056453325047264,7.07511654912347,0.876248292630521,3.36886826811253,0.00373173188746634,3.3726,"N"
"1550",2006,"TANNER","EBS","W166",162.5,0.999938215439762,3.15227348150675e-05,10.3419507057711,1.3638197333601,0.999938215439762,6.17845602375322e-05,1,"N"
"1551",2007,"TANNER","EBS","ALL",12.5,0.000115714093286164,0.000167985025387031,-10.4669996075843,2.03395578071304,0.000578570466430819,4.99942142953357,5,"N"
"1552",2007,"TANNER","EBS","ALL",17.5,0.00152261402468537,0.00168093945027494,-7.45056726237382,1.80860555957664,0.136772459041023,89.690627540959,89.8274,"N"
"1553",2007,"TANNER","EBS","ALL",22.5,0.00130756549386995,0.000984353259464252,-7.26116025643082,1.50432798600005,0.447840004841513,342.051259995158,342.4991,"N"
"1554",2007,"TANNER","EBS","ALL",27.5,0.00168917966244328,0.00111567143380448,-6.7751564107541,1.10005303434131,0.249058899395388,147.194641100605,147.4437,"N"
"1555",2007,"TANNER","EBS","ALL",32.5,0.00268166334274991,0.00155143883086793,-6.22145096250182,0.940594160559132,0.611470193750491,227.40752980625,228.019,"N"
"1556",2007,"TANNER","EBS","ALL",37.5,0.00343183197321535,0.00185972407837845,-5.96124952941919,0.933480140736438,0.795787611643462,231.088412388357,231.8842,"N"
"1557",2007,"TANNER","EBS","ALL",42.5,0.00531173688847254,0.00229469202281924,-5.43023490596867,0.765623764937994,2.89900895091659,542.875191049083,545.7742,"N"
"1558",2007,"TANNER","EBS","ALL",47.5,0.00445559408229007,0.00178100304441807,-5.55694389607913,0.639756263792678,3.24477881591781,725.003521184082,728.2483,"N"
"1559",2007,"TANNER","EBS","ALL",52.5,0.0119265654614873,0.00575435737734332,-4.55100877326251,0.555170187709522,6.06010497447311,502.058095025527,508.1182,"N"
"1560",2007,"TANNER","EBS","ALL",57.5,0.0352484550504621,0.0139919301685209,-3.39308265875311,0.434730217617691,19.1052336623223,522.910966337678,542.0162,"N"
"1561",2007,"TANNER","EBS","ALL",62.5,0.0383494192518841,0.00612724322250093,-3.23514958089804,0.171868575214457,21.9480475876321,550.369552412368,572.3176,"N"
"1562",2007,"TANNER","EBS","ALL",67.5,0.0513667696116499,0.00886057715382998,-2.93049539583295,0.179862945478655,21.5500755021922,397.983324497808,419.5334,"N"
"1563",2007,"TANNER","EBS","ALL",72.5,0.0676083855260873,0.0099668069614852,-2.63506490087397,0.161607307644808,38.8903513236555,536.339348676344,575.2297,"N"
"1564",2007,"TANNER","EBS","ALL",77.5,0.088116638015406,0.0097928455842685,-2.34334666034524,0.127585595662053,57.4137701184908,594.151829881509,651.5656,"N"
"1565",2007,"TANNER","EBS","ALL",82.5,0.163496546661214,0.016405904860872,-1.63734580103187,0.121483229575466,99.1865043540533,507.471595645947,606.6581,"N"
"1566",2007,"TANNER","EBS","ALL",87.5,0.266037366084149,0.016508938104039,-1.01652344166929,0.0854507551993704,124.900765645909,344.585034354091,469.4858,"N"
"1567",2007,"TANNER","EBS","ALL",92.5,0.347173944459069,0.00873603425188059,-0.631707891881026,0.0384712497056837,227.277526892313,427.372773107687,654.6503,"N"
"1568",2007,"TANNER","EBS","ALL",97.5,0.353285049819233,0.00787632485117751,-0.604800789835906,0.0343724999911319,215.408458097776,394.321441902224,609.7299,"N"
"1569",2007,"TANNER","EBS","ALL",102.5,0.341935971268656,0.0125637320681084,-0.655183811285294,0.0562842370226162,211.124740938536,406.314659061464,617.4394,"N"
"1570",2007,"TANNER","EBS","ALL",107.5,0.385824655270697,0.0111483509171511,-0.465147246457554,0.0470321710495281,154.663947677278,246.201952322722,400.8659,"N"
"1571",2007,"TANNER","EBS","ALL",112.5,0.441052549737818,0.00932232457346883,-0.236973441561847,0.0377932912812906,140.443348992149,177.984351007851,318.4277,"N"
"1572",2007,"TANNER","EBS","ALL",117.5,0.587080524173235,0.014139323103007,0.352219395026706,0.0586287457018126,98.6838917176418,69.4087082823582,168.0926,"N"
"1573",2007,"TANNER","EBS","ALL",122.5,0.673111381357774,0.0129824227071444,0.722881975790604,0.0588286341429345,100.50764524158,48.8103547584199,149.318,"N"
"1574",2007,"TANNER","EBS","ALL",127.5,0.700413698347745,0.00955029487407273,0.84968962612802,0.0458508202438091,61.7133108786801,26.3964891213199,88.1098,"N"
"1575",2007,"TANNER","EBS","ALL",132.5,0.75853837373147,0.0216520860779109,1.14827003411835,0.118331807978936,41.9350354533706,13.3489645466294,55.284,"N"
"1576",2007,"TANNER","EBS","ALL",137.5,0.831347914244213,0.0156833984180463,1.59954775394361,0.115374705481196,25.423783104668,5.15761689533202,30.5814,"N"
"1577",2007,"TANNER","EBS","ALL",142.5,0.899426466926149,0.0294556645722831,2.24116386219067,0.367186591381001,27.1103326807946,3.03146731920539,30.1418,"N"
"1578",2007,"TANNER","EBS","ALL",147.5,0.91078019733618,0.0448691707955379,2.49095973452976,0.675611289491001,14.715020258262,1.441479741738,16.1565,"N"
"1579",2007,"TANNER","EBS","ALL",152.5,0.975313100430457,0.012595356923236,4.05393839896434,0.998912331306091,10.4299007646933,0.263999235306732,10.6939,"N"
"1580",2007,"TANNER","EBS","ALL",157.5,0.986447516350597,0.00691453247418514,4.65871706682483,0.943681379381493,6.37501571916737,0.0875842808326306,6.4626,"N"
"1581",2007,"TANNER","EBS","ALL",162.5,0.977163621001502,0.0116512137747439,5.45562302052924,2.90116759769835,14.0592347462454,0.328565253754592,14.3878,"N"
"1582",2007,"TANNER","EBS","ALL",167.5,0.995787913921862,0.00214902350925411,6.45776835962124,1.74553980650684,2.22190157233385,0.00939842766614962,2.2313,"N"
"1583",2007,"TANNER","EBS","E166",12.5,4.39799879460589e-05,4.63365907685467e-05,-11.1071115318479,1.78120608928117,4.39799879460589e-05,0.999956020012054,1,"N"
"1584",2007,"TANNER","EBS","E166",17.5,0.000231482055690731,0.000198204801502418,-8.99609199127624,1.34745079656299,0.000231482055690731,0.999768517944309,1,"N"
"1585",2007,"TANNER","EBS","E166",22.5,0.00209006911168075,0.00167868086199081,-7.23995901743365,1.92689814106081,0.0041801382233615,1.99581986177664,2,"N"
"1586",2007,"TANNER","EBS","E166",27.5,0.000605546217879682,0.000442073925411478,-7.91697568942534,1.21221851233986,0.00272102193004235,4.49077897806996,4.4935,"N"
"1587",2007,"TANNER","EBS","E166",32.5,0.000725849998023114,0.000489180193374054,-7.60272111397126,1.03110583206939,0.0211062662425161,29.0568937337575,29.078,"N"
"1588",2007,"TANNER","EBS","E166",37.5,0.00181426173890154,0.00111577637639505,-6.58561894816449,0.832707237308942,0.124971791360755,68.7580282086393,68.883,"N"
"1589",2007,"TANNER","EBS","E166",42.5,0.00396938053182679,0.00248775770065135,-5.82691365694478,0.861438389475636,0.261514697578345,65.6214853024217,65.883,"N"
"1590",2007,"TANNER","EBS","E166",47.5,0.0018489759825133,0.000732644154336775,-6.38772619869222,0.468515128442194,0.135095430162334,72.9299045698377,73.065,"N"
"1591",2007,"TANNER","EBS","E166",52.5,0.0042820364352264,0.00142270960970275,-5.50196801023162,0.326696790476805,0.147535424357508,34.3069645756425,34.4545,"N"
"1592",2007,"TANNER","EBS","E166",57.5,0.00805825592742165,0.00204550078079689,-4.83961414756247,0.223197461090955,0.201142126204372,24.7598578737956,24.961,"N"
"1593",2007,"TANNER","EBS","E166",62.5,0.0163578560665581,0.00205537085010068,-4.10452091628396,0.12936517955228,0.596317463978343,35.8581825360217,36.4545,"N"
"1594",2007,"TANNER","EBS","E166",67.5,0.0261904474607278,0.00359522659588402,-3.62545511619095,0.144311550099961,0.590817209042828,21.9676827909572,22.5585,"N"
"1595",2007,"TANNER","EBS","E166",72.5,0.027329287854525,0.00295555225478125,-3.57787721705551,0.111083074391198,1.39479939837382,49.6420006016262,51.0368,"N"
"1596",2007,"TANNER","EBS","E166",77.5,0.0587175735481042,0.00679445740520878,-2.78152148192595,0.128116820960715,3.78893345766942,60.7391665423306,64.5281,"N"
"1597",2007,"TANNER","EBS","E166",82.5,0.0794330835533753,0.00598781514129691,-2.45289177551868,0.0822878429303912,8.27711794566224,95.9252820543378,104.2024,"N"
"1598",2007,"TANNER","EBS","E166",87.5,0.143283937494185,0.00830622632387737,-1.78991474778883,0.0680747666277924,13.0722664545882,78.1610335454118,91.2333,"N"
"1599",2007,"TANNER","EBS","E166",92.5,0.190974903945574,0.00519586197613343,-1.44403713249547,0.0337602803828081,26.4056989212562,111.862201078744,138.2679,"N"
"1600",2007,"TANNER","EBS","E166",97.5,0.207954055716932,0.012330845906867,-1.33900431404204,0.0767001354569289,31.6189774682425,120.428922531757,152.0479,"N"
"1601",2007,"TANNER","EBS","E166",102.5,0.21614280102276,0.0187625791667392,-1.29181918605511,0.112035369841679,47.984415098296,174.018884901704,222.0033,"N"
"1602",2007,"TANNER","EBS","E166",107.5,0.262077847157455,0.0150932955853838,-1.03666363320808,0.078699873644719,43.3707911859623,122.117408814038,165.4882,"N"
"1603",2007,"TANNER","EBS","E166",112.5,0.28228148267378,0.0173915800797147,-0.934761482443439,0.0858198107625636,47.7753223262375,121.471777673762,169.2471,"N"
"1604",2007,"TANNER","EBS","E166",117.5,0.41254041737068,0.0368565087376593,-0.355409624130028,0.152089469053711,31.0325278158747,44.1904721841253,75.223,"N"
"1605",2007,"TANNER","EBS","E166",122.5,0.499372477160478,0.0312171326178016,-0.00254000102824005,0.125181986439752,29.8800520453926,29.9551479546074,59.8352,"N"
"1606",2007,"TANNER","EBS","E166",127.5,0.601718306853788,0.0207343188499656,0.413398131712281,0.0867771654971995,28.1532563129057,18.6348436870943,46.7881,"N"
"1607",2007,"TANNER","EBS","E166",132.5,0.662999132845635,0.0392169484955261,0.68165104695149,0.175753687438281,26.2986562032815,13.3675437967185,39.6662,"N"
"1608",2007,"TANNER","EBS","E166",137.5,0.754872601326604,0.0287229145805048,1.13108242350918,0.157743193505728,13.0429907547616,4.2354092452384,17.2784,"N"
"1609",2007,"TANNER","EBS","E166",142.5,0.853494047620371,0.0504588263890329,1.8306241210308,0.450024067857053,13.5920634071639,2.33313659283607,15.9252,"N"
"1610",2007,"TANNER","EBS","E166",147.5,0.877636127254017,0.0624305473193792,2.14769497719521,0.719271308827606,11.5466197082175,1.60988029178253,13.1565,"N"
"1611",2007,"TANNER","EBS","E166",152.5,0.971333928597033,0.014625546634167,3.90680361109714,1.01139229379883,9.41601397042677,0.277886029573226,9.6939,"N"
"1612",2007,"TANNER","EBS","E166",157.5,0.986447516350597,0.00691453247418514,4.65871706682482,0.943681379381491,6.37501571916737,0.0875842808326306,6.4626,"N"
"1613",2007,"TANNER","EBS","E166",162.5,0.977163621001502,0.0116512137747439,5.45562302052927,2.90116759769837,14.0592347462454,0.32856525375459,14.3878,"N"
"1614",2007,"TANNER","EBS","E166",167.5,0.995787913921862,0.00214902350925411,6.45776835962124,1.74553980650684,2.22190157233385,0.00939842766614962,2.2313,"N"
"1615",2007,"TANNER","EBS","W166",12.5,0.00013364761962119,0.000200630904709522,-10.3817336815363,2.07286650408158,0.00053459047848476,3.99946540952152,4,"N"
"1616",2007,"TANNER","EBS","W166",17.5,0.00154030076398667,0.00170147097879417,-7.44078542070886,1.81092451749772,0.136820912082949,88.690579087917,88.8274,"N"
"1617",2007,"TANNER","EBS","W166",22.5,0.00130163743615926,0.000982891225388479,-7.26756879499147,1.50541572503251,0.443206375538536,340.055893624461,340.4991,"N"
"1618",2007,"TANNER","EBS","W166",27.5,0.00171992103675714,0.00113935637865261,-6.75771510465488,1.10008176952169,0.24586305618864,142.704336943811,142.9502,"N"
"1619",2007,"TANNER","EBS","W166",32.5,0.00297022596738173,0.00171168673476072,-6.11740218475983,0.93833012605361,0.590899724176889,198.350100275823,198.941,"N"
"1620",2007,"TANNER","EBS","W166",37.5,0.00420210351336478,0.00233010259623588,-5.77910711652368,0.976014097563158,0.684947915202675,162.316252084797,163.0012,"N"
"1621",2007,"TANNER","EBS","W166",42.5,0.00568316558909782,0.00272979453525873,-5.38407936317259,0.79810275110394,2.72730115435086,477.163898845649,479.8912,"N"
"1622",2007,"TANNER","EBS","W166",47.5,0.00508477776154654,0.00205553152044705,-5.43303185967451,0.664013789447977,3.33146147357667,651.851838526423,655.1833,"N"
"1623",2007,"TANNER","EBS","W166",52.5,0.0132006536325308,0.00669793064267297,-4.46019087866853,0.578797917548013,6.25267044200299,467.411029557997,473.6637,"N"
"1624",2007,"TANNER","EBS","W166",57.5,0.0385351824169834,0.0156233081706814,-3.30398816507394,0.445190320331477,19.9248164516499,497.13038354835,517.0552,"N"
"1625",2007,"TANNER","EBS","W166",62.5,0.041424510714239,0.00683979465936995,-3.15587731423317,0.179695786278197,22.1978667273153,513.665233272685,535.8631,"N"
"1626",2007,"TANNER","EBS","W166",67.5,0.0537001848353939,0.00955113212470857,-2.88464407223789,0.187008337631074,21.317625505012,375.657274494988,396.9749,"N"
"1627",2007,"TANNER","EBS","W166",72.5,0.0725676738279914,0.0111730728223626,-2.55983779901003,0.16872681565613,38.0394593901489,486.153440609851,524.1929,"N"
"1628",2007,"TANNER","EBS","W166",77.5,0.0915795085896795,0.0103487932822478,-2.30119525402145,0.129991275945113,53.760605773714,533.276894226286,587.0375,"N"
"1629",2007,"TANNER","EBS","W166",82.5,0.17740632832654,0.0184406699954164,-1.53925282868485,0.128111934223723,89.1388208837413,413.316879116259,502.4557,"N"
"1630",2007,"TANNER","EBS","W166",87.5,0.290254028867203,0.0185544828589781,-0.895886787718006,0.0910112907038096,109.789312054092,268.463187945908,378.2525,"N"
"1631",2007,"TANNER","EBS","W166",92.5,0.392867992131673,0.0106441656619793,-0.435481311349557,0.0445617976433244,202.870116660135,313.512283339865,516.3824,"N"
"1632",2007,"TANNER","EBS","W166",97.5,0.40137639695854,0.0105805716170096,-0.399920715345158,0.0439875492570363,183.702752112779,273.979247887221,457.682,"N"
"1633",2007,"TANNER","EBS","W166",102.5,0.406813551198626,0.0169465819271552,-0.377602082582597,0.0701552840335916,160.868764113135,234.567335886865,395.4361,"N"
"1634",2007,"TANNER","EBS","W166",107.5,0.458315389017508,0.0212221436717752,-0.167431667576425,0.0855909578376203,107.877222141546,127.500477858454,235.3777,"N"
"1635",2007,"TANNER","EBS","W166",112.5,0.585896330217291,0.0273425437672068,0.348064965829308,0.112452562171596,87.4043660796136,61.7762339203864,149.1806,"N"
"1636",2007,"TANNER","EBS","W166",117.5,0.740912482711079,0.0276614639432454,1.05547024623018,0.141768596591517,68.8082459043848,24.0613540956152,92.8696,"N"
"1637",2007,"TANNER","EBS","W166",122.5,0.812102504715611,0.0185727789661191,1.46821832942122,0.120305276010246,72.6692060089661,16.8135939910339,89.4828,"N"
"1638",2007,"TANNER","EBS","W166",127.5,0.838587246439284,0.014534160367497,1.65194109806717,0.112408624464326,34.6518506211902,6.66984937880983,41.3217,"N"
"1639",2007,"TANNER","EBS","W166",132.5,0.930509007325971,0.0147877581842053,2.617898406722,0.236109220564291,14.5325035746155,1.08529642538445,15.6178,"N"
"1640",2007,"TANNER","EBS","W166",137.5,0.907823227161822,0.0225225277441673,2.3159757350809,0.265074337004378,12.0767723909337,1.22622760906629,13.303,"N"
"1641",2007,"TANNER","EBS","W166",142.5,0.955566090522101,0.0110714444490508,3.10193208645007,0.278410230508048,13.5849008825165,0.631699117483503,14.2166,"N"
"1642",2007,"TANNER","EBS","W166",147.5,0.988116360861229,0.00319692293005124,4.46308265223882,0.308520905876657,2.96434908258369,0.0356509174163131,3,"N"
"1643",2007,"TANNER","EBS","W166",152.5,0.999188131431005,0.000330684964116352,7.1933022361554,0.390085102342759,0.999188131431005,0.000811868568994512,1,"N"
"1644",2008,"TANNER","EBS","ALL",7.5,0.000351013504501423,0.000483743920531044,-10.1311457732511,2.63269618902877,0.000351013504501423,0.999648986495499,1,"N"
"1645",2008,"TANNER","EBS","ALL",12.5,0.000361618200207779,0.000396673308737458,-9.18722548785539,2.0188028424879,0.00289294560166223,7.99710705439834,8,"N"
"1646",2008,"TANNER","EBS","ALL",17.5,0.00114894325104565,0.00123285835578859,-7.92542480142759,1.85726078575864,0.0976331761724805,84.8788668238275,84.9765,"N"
"1647",2008,"TANNER","EBS","ALL",22.5,0.00137032829662314,0.00132435204920763,-7.36977056133456,1.44994727319537,0.16992070878127,123.830079291219,124,"N"
"1648",2008,"TANNER","EBS","ALL",27.5,0.00235154814875056,0.00222225332053304,-6.70028292525754,1.25129597832702,0.29629506674257,125.703704933257,126,"N"
"1649",2008,"TANNER","EBS","ALL",32.5,0.00342114763371262,0.00293553504195902,-6.17007698495628,1.10543706602572,0.797151004573714,232.209748995426,233.0069,"N"
"1650",2008,"TANNER","EBS","ALL",37.5,0.00465816004587298,0.00345180957157558,-5.7200035369378,0.915016814280936,0.632171476857546,135.080528523142,135.7127,"N"
"1651",2008,"TANNER","EBS","ALL",42.5,0.00688736997572191,0.00384664892865416,-5.16307504719551,0.668018399814393,1.28105081548428,184.718949184516,186,"N"
"1652",2008,"TANNER","EBS","ALL",47.5,0.00574366086676639,0.00264641207336982,-5.27255870585678,0.504880662408517,0.719442344679858,124.53905765532,125.2585,"N"
"1653",2008,"TANNER","EBS","ALL",52.5,0.0182261212541758,0.00618189439569958,-4.04941084243203,0.371975038096284,2.19549669493252,118.263303305067,120.4588,"N"
"1654",2008,"TANNER","EBS","ALL",57.5,0.0216798220721699,0.00619820564319568,-3.86065281597704,0.346986322269055,5.00730178472079,225.958698215279,230.966,"N"
"1655",2008,"TANNER","EBS","ALL",62.5,0.0317077145260156,0.00753603165460517,-3.4466725021252,0.244047232900544,6.48957037046782,198.178929629532,204.6685,"N"
"1656",2008,"TANNER","EBS","ALL",67.5,0.0398484793626562,0.00891995539338987,-3.20791385476089,0.24119497285445,8.58129033378929,206.766709666211,215.348,"N"
"1657",2008,"TANNER","EBS","ALL",72.5,0.0761974304271198,0.0114268425034958,-2.50594873701884,0.159421860412697,19.3390602372639,234.462939762736,253.802,"N"
"1658",2008,"TANNER","EBS","ALL",77.5,0.127477146692327,0.0170791289985911,-1.93327352465455,0.165620475070931,33.0392464299946,226.138553570005,259.1778,"N"
"1659",2008,"TANNER","EBS","ALL",82.5,0.216730570341063,0.0117667767517698,-1.28617989605088,0.0695260179051843,53.0567055992869,191.748194400713,244.8049,"N"
"1660",2008,"TANNER","EBS","ALL",87.5,0.370737162582148,0.0183396445975138,-0.529898490231217,0.0795170233962908,125.599151561338,213.183048438662,338.7822,"N"
"1661",2008,"TANNER","EBS","ALL",92.5,0.436169068320277,0.0230860527908912,-0.257358220943942,0.0946308557479305,191.347850058081,247.353249941919,438.7011,"N"
"1662",2008,"TANNER","EBS","ALL",97.5,0.451232172338076,0.0255267756144881,-0.196304860053683,0.103853528313484,247.802675727511,301.366224272489,549.1689,"N"
"1663",2008,"TANNER","EBS","ALL",102.5,0.488492286916261,0.0186107770576873,-0.0461307228108448,0.0746100073652632,232.848348324428,243.819051675572,476.6674,"N"
"1664",2008,"TANNER","EBS","ALL",107.5,0.543294866498094,0.0232174265796288,0.174007510770914,0.0937696585204878,246.168914201292,206.934785798708,453.1037,"N"
"1665",2008,"TANNER","EBS","ALL",112.5,0.617735392804673,0.0299325585594877,0.481969220588901,0.128444070311058,250.376123490301,154.936776509699,405.3129,"N"
"1666",2008,"TANNER","EBS","ALL",117.5,0.718986977961545,0.0330647055493516,0.945873132790629,0.170256996659767,242.095569650464,94.6220303495357,336.7176,"N"
"1667",2008,"TANNER","EBS","ALL",122.5,0.812705571493849,0.02584555649232,1.4773904726469,0.177644494999975,267.121367567513,61.5602324324875,328.6816,"N"
"1668",2008,"TANNER","EBS","ALL",127.5,0.858765232709494,0.0221046761563705,1.81739106046365,0.186885642892401,264.401620684949,43.4841793150512,307.8858,"N"
"1669",2008,"TANNER","EBS","ALL",132.5,0.880053750791628,0.0138016059590271,1.99949151932192,0.132110638297536,226.807980686269,30.9126193137312,257.7206,"N"
"1670",2008,"TANNER","EBS","ALL",137.5,0.922017296236986,0.0127895710790907,2.48497267844478,0.192878858025574,147.121136663677,12.4432633363231,159.5644,"N"
"1671",2008,"TANNER","EBS","ALL",142.5,0.954533371704021,0.0158695032487243,3.12599571790014,0.456535802850207,81.1151004873617,3.86369951263831,84.9788,"N"
"1672",2008,"TANNER","EBS","ALL",147.5,0.974646305964064,0.0129355581816001,3.86482652787424,0.751744949456831,75.8326482294258,1.97265177057422,77.8053,"N"
"1673",2008,"TANNER","EBS","ALL",152.5,0.987759937468749,0.00624492986288327,4.83078909640547,1.08360155775877,69.4283619167597,0.86033808324035,70.2887,"N"
"1674",2008,"TANNER","EBS","ALL",157.5,0.993757752258556,0.00318482027624688,5.62721091559047,1.25101428195289,51.6754031174449,0.324596882555085,52,"N"
"1675",2008,"TANNER","EBS","ALL",162.5,0.981426225792675,0.00947641541190067,6.38874323793839,2.98370586623714,33.3684916769509,0.631508323049061,34,"N"
"1676",2008,"TANNER","EBS","ALL",167.5,0.990877975107939,0.00465409433268409,7.60982709237833,2.60672300304463,24.7719493776985,0.22805062230152,25,"N"
"1677",2008,"TANNER","EBS","ALL",172.5,0.999587581281855,0.000210417713339293,9.06783804109714,2.04429499792584,3.99835032512742,0.00164967487258005,4,"N"
"1678",2008,"TANNER","EBS","ALL",177.5,0.999849490274595,7.67906762268603e-05,10.2457236168498,2.21558643598639,2.99954847082379,0.000451529176213938,3,"N"
"1679",2008,"TANNER","EBS","E166",12.5,0.000371771659423855,0.000414151080442219,-9.10897981794507,1.89915306278765,0.00074354331884771,1.99925645668115,2,"N"
"1680",2008,"TANNER","EBS","E166",17.5,0.000581405022139459,0.000614842008389678,-8.4442431987569,1.66328219243502,0.00232562008855784,3.99767437991144,4,"N"
"1681",2008,"TANNER","EBS","E166",22.5,2.08665029368595e-05,2.50340348564378e-05,-11.5820607130056,1.40525900650624,4.1733005873719e-05,1.99995826699413,2,"N"
"1682",2008,"TANNER","EBS","E166",27.5,0.000276781130684353,0.000256749297524738,-8.85602201882749,1.32253763872401,0.00138390565342176,4.99861609434658,5,"N"
"1683",2008,"TANNER","EBS","E166",32.5,0.00272920615218279,0.00206562710790667,-6.41438506142384,1.19649333850173,0.0737073976313854,26.9331926023686,27.0069,"N"
"1684",2008,"TANNER","EBS","E166",37.5,0.00202577080830414,0.00148685759799204,-6.64422700888055,1.08734515262512,0.0243092496996497,11.9756907503004,12,"N"
"1685",2008,"TANNER","EBS","E166",42.5,0.00236505652412054,0.0018641668068609,-6.52920217036214,1.1098412535871,0.0402059609100492,16.9597940390899,17,"N"
"1686",2008,"TANNER","EBS","E166",47.5,0.00299056085693893,0.00198148706298925,-6.11525462997803,0.857815481603546,0.0657923388526565,21.9342076611473,22,"N"
"1687",2008,"TANNER","EBS","E166",52.5,0.00990846036514373,0.00391571632546199,-4.69240762843037,0.43755456154618,0.257619969493737,25.7423800305063,26,"N"
"1688",2008,"TANNER","EBS","E166",57.5,0.00786343520124517,0.00237906532316849,-4.88581743828176,0.318473003078687,0.338181971356431,42.6687180286436,43.0069,"N"
"1689",2008,"TANNER","EBS","E166",62.5,0.01107634720389,0.00741285855361193,-4.69954966952689,0.644209026200667,0.321290495708517,28.6856095042915,29.0069,"N"
"1690",2008,"TANNER","EBS","E166",67.5,0.024760043165651,0.00689360292431105,-3.71477926432784,0.302405666280371,0.644273655200454,25.3764263447995,26.0207,"N"
"1691",2008,"TANNER","EBS","E166",72.5,0.050241037315721,0.0426750924036288,-3.30903762415551,0.925026869088935,1.1569305108915,21.8706694891085,23.0276,"N"
"1692",2008,"TANNER","EBS","E166",77.5,0.0681016772190359,0.0144289545435238,-2.64030104157465,0.240691922377047,2.99929320707445,41.0421067929256,44.0414,"N"
"1693",2008,"TANNER","EBS","E166",82.5,0.162873998955641,0.0286613452729078,-1.65278863959282,0.218541472585971,8.47731475984287,43.5709852401571,52.0483,"N"
"1694",2008,"TANNER","EBS","E166",87.5,0.255694439326601,0.0691569346472198,-1.09943411283783,0.359859336962606,16.0166229710865,46.6230770289135,62.6397,"N"
"1695",2008,"TANNER","EBS","E166",92.5,0.30170582633481,0.0415864515973645,-0.846929726865287,0.198433310834525,28.3790836072875,65.6830163927125,94.0621,"N"
"1696",2008,"TANNER","EBS","E166",97.5,0.291269285494799,0.0375666894131872,-0.895907895721439,0.180817573111333,47.9886536702667,116.768346329733,164.757,"N"
"1697",2008,"TANNER","EBS","E166",102.5,0.314150993243518,0.0410106255085844,-0.787439446019601,0.190816454329657,42.7613849926259,93.3559150073741,136.1173,"N"
"1698",2008,"TANNER","EBS","E166",107.5,0.42728780540246,0.038849970586174,-0.294694723531056,0.159113623685553,65.3404666431193,87.5786333568807,152.9191,"N"
"1699",2008,"TANNER","EBS","E166",112.5,0.475298473520853,0.0303336301306451,-0.0993658348927778,0.122303140811777,55.7427197954416,61.5366802045584,117.2794,"N"
"1700",2008,"TANNER","EBS","E166",117.5,0.601983068688376,0.0219669173456577,0.414569586986426,0.0915851623170282,71.2178477344058,47.0875522655942,118.3054,"N"
"1701",2008,"TANNER","EBS","E166",122.5,0.733000773935322,0.0229134485215865,1.01303743848773,0.116664062857928,89.9393415620188,32.7608584379812,122.7002,"N"
"1702",2008,"TANNER","EBS","E166",127.5,0.751573682036502,0.0303397562903891,1.11402315732138,0.167067608005134,56.5832016979047,18.7030983020953,75.2863,"N"
"1703",2008,"TANNER","EBS","E166",132.5,0.794697064648938,0.0160689870864436,1.35658389340278,0.103329688161469,77.4913081224503,20.0191918775497,97.5105,"N"
"1704",2008,"TANNER","EBS","E166",137.5,0.881961067901755,0.0196883984091384,2.02750349468971,0.213558299917065,65.1572551861255,8.72044481387449,73.8777,"N"
"1705",2008,"TANNER","EBS","E166",142.5,0.923052195633011,0.026498140383051,2.56724654186517,0.475829478540409,44.5134536926454,3.71074630735455,48.2242,"N"
"1706",2008,"TANNER","EBS","E166",147.5,0.959548525461398,0.0206385074176541,3.3847127016625,0.770816603445971,42.2267560051272,1.78014399487281,44.0069,"N"
"1707",2008,"TANNER","EBS","E166",152.5,0.983255833689154,0.00854294199532969,4.51748998954201,1.09663578362839,49.1695761497101,0.837323850289856,50.0069,"N"
"1708",2008,"TANNER","EBS","E166",157.5,0.993264879523934,0.00343628595717639,5.55078648878961,1.25209417042625,47.6767142171488,0.323285782851158,48,"N"
"1709",2008,"TANNER","EBS","E166",162.5,0.99717680939083,0.00144040337202564,6.63424210667503,1.50014215190651,31.9096579005066,0.0903420994934478,32,"N"
"1710",2008,"TANNER","EBS","E166",167.5,0.998874281839036,0.000574346000491874,7.78179295370553,1.75021650699064,24.9718570459759,0.0281429540241014,25,"N"
"1711",2008,"TANNER","EBS","E166",172.5,0.999587581281855,0.000210417713339293,9.06783804109714,2.04429499792584,3.99835032512742,0.00164967487258005,4,"N"
"1712",2008,"TANNER","EBS","E166",177.5,0.999849490274595,7.67906762268603e-05,10.2457236168512,2.21558643598794,2.99954847082379,0.000451529176213938,3,"N"
"1713",2008,"TANNER","EBS","W166",7.5,0.000351013504501423,0.000483743920531044,-10.1311457732511,2.63269618902877,0.000351013504501423,0.999648986495499,1,"N"
"1714",2008,"TANNER","EBS","W166",12.5,0.00035823371380242,0.000391006693483834,-9.22507138987784,2.07950177931463,0.00214940228281452,5.99785059771719,6,"N"
"1715",2008,"TANNER","EBS","W166",17.5,0.00117732016249096,0.00126462343231826,-7.90664300890491,1.86379389221294,0.095335266137949,80.8811647338621,80.9765,"N"
"1716",2008,"TANNER","EBS","W166",22.5,0.0013924506211098,0.00134572463252357,-7.35372053261057,1.44993888001774,0.169878975775396,121.830121024225,122,"N"
"1717",2008,"TANNER","EBS","W166",27.5,0.00243728232305081,0.0023036548300216,-6.66453803807446,1.25130093761985,0.294911161089148,120.705088838911,121,"N"
"1718",2008,"TANNER","EBS","W166",32.5,0.00350176217525008,0.00305602616513055,-6.15621642932081,1.10760133189743,0.721363008101517,205.278636991898,206,"N"
"1719",2008,"TANNER","EBS","W166",37.5,0.00491497850807482,0.00365659921134517,-5.66729910621695,0.914383920973682,0.608045261675907,123.104654738324,123.7127,"N"
"1720",2008,"TANNER","EBS","W166",42.5,0.00734227724600134,0.00411874034637523,-5.09707727528638,0.662474776028535,1.24084485457423,167.759155145426,169,"N"
"1721",2008,"TANNER","EBS","W166",47.5,0.00634334601742188,0.00298633223749738,-5.17068547696023,0.493341512678137,0.655004394739957,102.60349560526,103.2585,"N"
"1722",2008,"TANNER","EBS","W166",52.5,0.0212297210196597,0.00738799351299884,-3.89779301859443,0.385365881931416,2.00533397185183,92.4534660281482,94.4588,"N"
"1723",2008,"TANNER","EBS","W166",57.5,0.026614245954643,0.00800299301989241,-3.65560358896364,0.364942014826775,5.00238971681334,182.956710283187,187.9591,"N"
"1724",2008,"TANNER","EBS","W166",62.5,0.035710815648219,0.00967074132632403,-3.331054476682,0.274301736354604,6.27301901407119,169.388580985929,175.6616,"N"
"1725",2008,"TANNER","EBS","W166",67.5,0.0416548414425794,0.00986924590660693,-3.16390259250751,0.249937555062201,7.88639866225166,181.440901337748,189.3273,"N"
"1726",2008,"TANNER","EBS","W166",72.5,0.0780882935014601,0.0119114499315179,-2.47929523149569,0.157894949995864,18.0207790798234,212.753620920177,230.7744,"N"
"1727",2008,"TANNER","EBS","W166",77.5,0.136198967066935,0.0185296429207868,-1.85717236762131,0.168178463868081,29.3013554584989,185.835044541501,215.1364,"N"
"1728",2008,"TANNER","EBS","W166",82.5,0.226437277974482,0.0163120721849143,-1.23088706470681,0.0930578480572818,43.6472798156161,149.109320184384,192.7566,"N"
"1729",2008,"TANNER","EBS","W166",87.5,0.392745335726687,0.0282316790440546,-0.437433218219902,0.120160919711792,108.453678870907,167.688821129093,276.1425,"N"
"1730",2008,"TANNER","EBS","W166",92.5,0.469290528662286,0.0326787772903946,-0.123702304980445,0.132198945277944,161.735818507642,182.903181492358,344.639,"N"
"1731",2008,"TANNER","EBS","W166",97.5,0.502227052372006,0.0326570838365752,0.00873220003577171,0.131125820399962,193.062055433722,191.349844566278,384.4119,"N"
"1732",2008,"TANNER","EBS","W166",102.5,0.543377508998421,0.0257476821642878,0.174319210188693,0.103555968040775,185.047265027163,155.502834972837,340.5501,"N"
"1733",2008,"TANNER","EBS","W166",107.5,0.593982636436276,0.0331034307033314,0.382287890489723,0.138290733218984,178.304440125569,121.880159874431,300.1846,"N"
"1734",2008,"TANNER","EBS","W166",112.5,0.678346847819064,0.039059357003209,0.752589412907764,0.186065766006232,195.386616791292,92.6468832087076,288.0335,"N"
"1735",2008,"TANNER","EBS","W166",117.5,0.769474966209556,0.0397767831074513,1.22124991944263,0.243727616047678,168.062720214755,50.3494797852453,218.4122,"N"
"1736",2008,"TANNER","EBS","W166",122.5,0.855904354903432,0.0294687825674355,1.80611112906504,0.269015221880295,176.300377289106,29.6810227108943,205.9814,"N"
"1737",2008,"TANNER","EBS","W166",127.5,0.888075422346641,0.0234124510290903,2.09413745195977,0.246648270693175,206.565899200117,26.0336007998826,232.5995,"N"
"1738",2008,"TANNER","EBS","W166",132.5,0.932216170101049,0.0178241237013947,2.65930441495905,0.304929612490799,149.350445833506,10.8596541664939,160.2101,"N"
"1739",2008,"TANNER","EBS","W166",137.5,0.960990923806399,0.00861107723333326,3.22785926869771,0.226545426720184,82.3441409909218,3.34255900907824,85.6867,"N"
"1740",2008,"TANNER","EBS","W166",142.5,0.990076635010001,0.00457128640622559,4.7228939981723,0.51116537913475,36.3898706891386,0.364729310861428,36.7546,"N"
"1741",2008,"TANNER","EBS","W166",147.5,0.996753770271539,0.00165623965737801,5.99623626584893,0.78138737187612,33.6886826291456,0.109717370854412,33.7984,"N"
"1742",2008,"TANNER","EBS","W166",152.5,0.998901667870905,0.000560373535252632,7.2117013686232,0.96643151963894,20.2595238474241,0.0222761525758806,20.2818,"N"
"1743",2008,"TANNER","EBS","W166",157.5,0.999672225074017,0.000167232105093205,8.66011106084739,1.23476139572578,3.99868890029607,0.00131109970393073,4,"N"
"1744",2008,"TANNER","EBS","W166",162.5,0.999895503293493,5.3314646176829e-05,10.0036492237895,1.4661515540918,1.99979100658699,0.00020899341301317,2,"N"
"1745",2009,"TANNER","EBS","ALL",12.5,0.000260923670644445,0.00020883209335525,-8.76829401373797,1.14867632947208,0.00417477873031111,15.9958252212697,16,"N"
"1746",2009,"TANNER","EBS","ALL",17.5,0.000403030138686008,0.000420129277546723,-8.51965080733661,1.31319947296744,0.0639113909084388,158.513288609092,158.5772,"N"
"1747",2009,"TANNER","EBS","ALL",22.5,0.000682784896530831,0.000657701589452317,-7.92024379699832,1.22898498209218,0.209882956306853,307.182617043693,307.3925,"N"
"1748",2009,"TANNER","EBS","ALL",27.5,0.00096304628819623,0.000884482238207254,-7.50392233278139,1.14070648324445,0.42353976426451,439.368160235736,439.7917,"N"
"1749",2009,"TANNER","EBS","ALL",32.5,0.002230516722899,0.00197282816501107,-6.61056355714047,1.0655701500928,1.12843580814504,504.779364191855,505.9078,"N"
"1750",2009,"TANNER","EBS","ALL",37.5,0.00202705210763317,0.00141109012256025,-6.49924502814619,0.818990761913249,0.699928119632243,344.593671880368,345.2936,"N"
"1751",2009,"TANNER","EBS","ALL",42.5,0.00592358142299202,0.0046064411427831,-5.41886185641061,0.779619066528068,1.61652345308326,271.279776546917,272.8963,"N"
"1752",2009,"TANNER","EBS","ALL",47.5,0.00895990037292451,0.00568769593156468,-4.93299477025763,0.702603936459836,2.04222830002061,225.887571699979,227.9298,"N"
"1753",2009,"TANNER","EBS","ALL",52.5,0.0157012251511311,0.00622974293085675,-4.23207283776667,0.464830979938913,3.24426721697498,203.380832783025,206.6251,"N"
"1754",2009,"TANNER","EBS","ALL",57.5,0.025924193821817,0.0126555040572511,-3.76006221579143,0.55337279869981,8.06584367975019,303.06605632025,311.1319,"N"
"1755",2009,"TANNER","EBS","ALL",62.5,0.0262759355918098,0.0104095431079964,-3.70313933030019,0.456334714796251,6.83370869385282,253.241091306147,260.0748,"N"
"1756",2009,"TANNER","EBS","ALL",67.5,0.0435927027788834,0.0138497357402238,-3.1491573898619,0.383461048306541,5.35980999206927,117.592190007931,122.952,"N"
"1757",2009,"TANNER","EBS","ALL",72.5,0.0709669727061628,0.0230920570870643,-2.63710801307167,0.408824551418686,8.42385062719423,110.277149372806,118.701,"N"
"1758",2009,"TANNER","EBS","ALL",77.5,0.0963337690763291,0.0236996305059933,-2.27189698045056,0.293801898864182,16.8894194286233,158.432480571377,175.3219,"N"
"1759",2009,"TANNER","EBS","ALL",82.5,0.144428050299005,0.0319983843998011,-1.80415473769115,0.268743589885214,21.9886796026526,130.257920397347,152.2466,"N"
"1760",2009,"TANNER","EBS","ALL",87.5,0.272878110673869,0.0615658056404419,-1.00182923654759,0.312267016706894,39.5512535269923,105.389846473008,144.9411,"N"
"1761",2009,"TANNER","EBS","ALL",92.5,0.373685191300414,0.0758725261404141,-0.527230931523703,0.319845657548878,58.0566281648914,97.3057718351086,155.3624,"N"
"1762",2009,"TANNER","EBS","ALL",97.5,0.449989226759435,0.076976217018179,-0.204142413330961,0.314219210192355,78.7647192853686,96.2721807146314,175.0369,"N"
"1763",2009,"TANNER","EBS","ALL",102.5,0.498043299364541,0.0734489412365738,-0.006006173898963,0.299276870092082,84.5552015409551,85.2195984590449,169.7748,"N"
"1764",2009,"TANNER","EBS","ALL",107.5,0.534465056404671,0.0660753719475865,0.142261312479686,0.272546614056082,106.241231144649,92.5392688553512,198.7805,"N"
"1765",2009,"TANNER","EBS","ALL",112.5,0.664695509480437,0.0686858746418196,0.703683841807261,0.330786804382519,130.832681826544,65.9983181734562,196.831,"N"
"1766",2009,"TANNER","EBS","ALL",117.5,0.745621624753712,0.0660626647909201,1.11411115795747,0.396026192789419,174.779524690943,59.6282753090568,234.4078,"N"
"1767",2009,"TANNER","EBS","ALL",122.5,0.832571525933084,0.0422575126063729,1.63938673075801,0.33230552066508,127.534138913956,25.6468610860443,153.181,"N"
"1768",2009,"TANNER","EBS","ALL",127.5,0.880310546781251,0.036625654958465,2.06159297186616,0.44338471979144,141.913102625512,19.2948973744881,161.208,"N"
"1769",2009,"TANNER","EBS","ALL",132.5,0.913993722310203,0.0205483122188983,2.39739914535432,0.29805011360679,118.709687452394,11.1705125476064,129.8802,"N"
"1770",2009,"TANNER","EBS","ALL",137.5,0.960269136953383,0.010594604661203,3.22967414014148,0.329652106921696,71.1048567301597,2.94194326984027,74.0468,"N"
"1771",2009,"TANNER","EBS","ALL",142.5,0.984855563344317,0.00657445888708542,4.2729789300005,0.456291952258792,28.3579310909363,0.436068909063732,28.794,"N"
"1772",2009,"TANNER","EBS","ALL",147.5,0.99296820269989,0.00358765168372979,5.28620450553333,0.881247213201203,30.016832986696,0.212567013303957,30.2294,"N"
"1773",2009,"TANNER","EBS","ALL",152.5,0.995772239799,0.0021570205107143,5.94124596788923,1.14913664399496,11.1819247895989,0.0474752104011102,11.2294,"N"
"1774",2009,"TANNER","EBS","ALL",157.5,0.994840128885938,0.00263258730309281,5.7713442607386,1.24196997218103,13.3893543266501,0.0694456733499358,13.4588,"N"
"1775",2009,"TANNER","EBS","ALL",162.5,0.999892276774632,5.49608292695608e-05,10.3124931170454,1.50629053550265,1.99978455354926,0.000215446450736678,2,"N"
"1776",2009,"TANNER","EBS","ALL",167.5,0.999881103587159,6.0661435123082e-05,9.82364069147918,1.59553743085916,0.999881103587159,0.000118896412841241,1,"N"
"1777",2009,"TANNER","EBS","ALL",172.5,0.998899588773406,0.000561434299282478,7.95124984069523,2.02696095519243,0.998899588773406,0.00110041122659366,1,"N"
"1778",2009,"TANNER","EBS","ALL",182.5,0.999948484348526,2.62834956497672e-05,11.346945581345,2.08384393998136,0.999948484348526,5.15156514735438e-05,1,"N"
"1779",2009,"TANNER","EBS","E166",12.5,6.77904554638387e-05,6.55661092081097e-05,-10.5202722366801,1.72974392067706,0.000474533188246871,6.99952546681175,7,"N"
"1780",2009,"TANNER","EBS","E166",17.5,0.000216071794202729,0.000164298973673018,-9.20141581359337,1.60598568515265,0.0113604499381557,52.5658395500618,52.5772,"N"
"1781",2009,"TANNER","EBS","E166",22.5,0.000443647462684161,0.000388935521117622,-8.48304897372877,1.58642614023407,0.0242043408101374,54.5333956591899,54.5576,"N"
"1782",2009,"TANNER","EBS","E166",27.5,0.000295852931280915,0.000218237920960508,-8.70959159406733,1.31460754852466,0.0487361492228364,164.682263850777,164.731,"N"
"1783",2009,"TANNER","EBS","E166",32.5,0.0018898559297161,0.00146165962567161,-6.84851711088065,1.28153297157367,0.180311532225399,95.2298884677746,95.4102,"N"
"1784",2009,"TANNER","EBS","E166",37.5,0.00156804906897509,0.00121099508458321,-6.89659138470224,1.04028459623599,0.181904668344594,115.825095331655,116.007,"N"
"1785",2009,"TANNER","EBS","E166",42.5,0.00603467787325494,0.00395442443401107,-5.38052440713253,0.803979556072651,0.340406523345714,56.0679934766543,56.4084,"N"
"1786",2009,"TANNER","EBS","E166",47.5,0.00597692472092599,0.00364551216013776,-5.39205144888883,0.830170273449151,0.338177986864825,56.2424220131352,56.5806,"N"
"1787",2009,"TANNER","EBS","E166",52.5,0.0100593497868538,0.00554450766758615,-4.77080133548174,0.636388420802151,0.344230949706136,33.8757690502939,34.22,"N"
"1788",2009,"TANNER","EBS","E166",57.5,0.0185273850688717,0.00718622136700173,-4.0595281064921,0.450286130123183,0.536567893502579,28.4242321064974,28.9608,"N"
"1789",2009,"TANNER","EBS","E166",62.5,0.017604218598267,0.00545419299346853,-4.07438791692906,0.339033842229882,0.553670279134096,30.8973297208659,31.451,"N"
"1790",2009,"TANNER","EBS","E166",67.5,0.0251812767149235,0.00808144764449899,-3.71047101637284,0.344758579261111,0.515969396144125,19.9742306038559,20.4902,"N"
"1791",2009,"TANNER","EBS","E166",72.5,0.042175523279909,0.0112538920617282,-3.16066974052997,0.293795995973221,0.716983895758452,16.2830161042415,17,"N"
"1792",2009,"TANNER","EBS","E166",77.5,0.0597288268109068,0.013703221661785,-2.78298957330213,0.248785407688616,1.91132245794902,30.088677542051,32,"N"
"1793",2009,"TANNER","EBS","E166",82.5,0.106486085597714,0.0243275238667222,-2.15007011267578,0.238586371423084,4.36592950950629,36.6340704904937,41,"N"
"1794",2009,"TANNER","EBS","E166",87.5,0.171106950548516,0.0217244810060746,-1.5849717217704,0.14773639682179,3.93545986261586,19.0645401373841,23,"N"
"1795",2009,"TANNER","EBS","E166",92.5,0.320303517089814,0.0148667646708589,-0.753249650838442,0.069263871393361,8.32789144433517,17.6721085556648,26,"N"
"1796",2009,"TANNER","EBS","E166",97.5,0.359752089327315,0.0316427067880995,-0.579029384489886,0.137256812306812,6.47553760789167,11.5244623921083,18,"N"
"1797",2009,"TANNER","EBS","E166",102.5,0.420509767455379,0.0343735899978907,-0.322341918190475,0.142047981747627,9.67172465147372,13.3282753485263,23,"N"
"1798",2009,"TANNER","EBS","E166",107.5,0.456676707477894,0.0322827763529591,-0.174536370505937,0.130848156941609,14.6136546392926,17.3863453607074,32,"N"
"1799",2009,"TANNER","EBS","E166",112.5,0.692570275092433,0.0198359774877688,0.813787046515087,0.0926187523629511,23.5473893531427,10.4526106468573,34,"N"
"1800",2009,"TANNER","EBS","E166",117.5,0.729408494136754,0.0229558834085134,0.994655026997753,0.115681663637328,23.698627856202,8.79157214379805,32.4902,"N"
"1801",2009,"TANNER","EBS","E166",122.5,0.800213810104909,0.0193483659045928,1.39222298450166,0.124385500667009,16.8044900122031,4.19550998779691,21,"N"
"1802",2009,"TANNER","EBS","E166",127.5,0.888918572646476,0.0208216202884573,2.09905630397007,0.22774982504888,28.8637194049747,3.60688059502533,32.4706,"N"
"1803",2009,"TANNER","EBS","E166",132.5,0.892104002134799,0.0172351461801986,2.12704281942395,0.198744764827208,20.5183920491004,2.48160795089962,23,"N"
"1804",2009,"TANNER","EBS","E166",137.5,0.946471993064451,0.0147475244075471,2.90566140019272,0.266781994050561,18.929439861289,1.07056013871099,20,"N"
"1805",2009,"TANNER","EBS","E166",142.5,0.985332476899958,0.0060708546593738,4.29369739406694,0.424741157197058,15.7653196303993,0.234680369600666,16,"N"
"1806",2009,"TANNER","EBS","E166",147.5,0.9951797877222,0.00245929197846964,5.58959628913997,0.782241677260603,12.9373372403886,0.0626627596114062,13,"N"
"1807",2009,"TANNER","EBS","E166",152.5,0.995988102377616,0.00204688654203286,6.14186201617516,1.17541965500823,4.97994051188808,0.0200594881119223,5,"N"
"1808",2009,"TANNER","EBS","E166",157.5,0.995518054957653,0.00228670665425867,5.91688156371333,1.27167752189431,4.97759027478827,0.0224097252117348,5,"N"
"1809",2009,"TANNER","EBS","E166",162.5,0.999888492342841,5.68916618155638e-05,10.6626317164169,1.86215488359252,0.999888492342841,0.000111507657158505,1,"N"
"1810",2009,"TANNER","EBS","E166",167.5,0.999881103587159,6.0661435123082e-05,9.82364069147918,1.59553743085916,0.999881103587159,0.000118896412841241,1,"N"
"1811",2009,"TANNER","EBS","E166",172.5,0.998899588773406,0.000561434299282478,7.95124984069523,2.02696095519243,0.998899588773406,0.00110041122659366,1,"N"
"1812",2009,"TANNER","EBS","E166",182.5,0.999948484348526,2.62834956497672e-05,11.346945581345,2.08384393998136,0.999948484348526,5.15156514735438e-05,1,"N"
"1813",2009,"TANNER","EBS","W166",12.5,0.000411138393562694,0.00035750479067322,-8.33374062373503,1.13076696501266,0.00370024554206424,8.99629975445794,9,"N"
"1814",2009,"TANNER","EBS","W166",17.5,0.000485926763126707,0.000560604718314678,-8.40900680673613,1.3148089793747,0.0515082368914309,105.948491763109,106,"N"
"1815",2009,"TANNER","EBS","W166",22.5,0.000737970458187755,0.000730791366985655,-7.86380496338388,1.22513238267336,0.186584686998855,252.648315313001,252.8349,"N"
"1816",2009,"TANNER","EBS","W166",27.5,0.00128972187373983,0.00122379174600623,-7.22456954675876,1.13670768540225,0.354751801396189,274.705948198604,275.0607,"N"
"1817",2009,"TANNER","EBS","W166",32.5,0.00230762905144184,0.00210683753532853,-6.59023899410723,1.06097997646454,0.94727618730715,409.550323812693,410.4976,"N"
"1818",2009,"TANNER","EBS","W166",37.5,0.00224507855099575,0.00150711732722192,-6.3639656571675,0.7639591038899,0.514766427690742,228.771833572309,229.2866,"N"
"1819",2009,"TANNER","EBS","W166",42.5,0.00589044739396623,0.00485990515873655,-5.44067771101761,0.783943603404081,1.27521058638022,215.21268941362,216.4879,"N"
"1820",2009,"TANNER","EBS","W166",47.5,0.0100839201838225,0.00663347863651884,-4.81876989811135,0.704895234654686,1.72787165636184,169.621328343638,171.3492,"N"
"1821",2009,"TANNER","EBS","W166",52.5,0.0172653094105347,0.00668618373587547,-4.13366836957618,0.46392463751136,2.97662739545418,169.428472604546,172.4051,"N"
"1822",2009,"TANNER","EBS","W166",57.5,0.0275092242688767,0.0144851487776061,-3.72233719688011,0.601228764155926,7.76230807209564,274.408791927904,282.1711,"N"
"1823",2009,"TANNER","EBS","W166",62.5,0.0287414237566406,0.0128675059177726,-3.6318987365806,0.5031921026064,6.57097351665345,222.052826483347,228.6238,"N"
"1824",2009,"TANNER","EBS","W166",67.5,0.0497298448002034,0.0169368233847614,-3.01802609879312,0.40534161520784,5.09540941194948,97.3663905880505,102.4618,"N"
"1825",2009,"TANNER","EBS","W166",72.5,0.0772420321965002,0.0267966072114969,-2.55377694932856,0.435791998990721,7.85559191641627,93.8454080835837,101.701,"N"
"1826",2009,"TANNER","EBS","W166",77.5,0.109954212709975,0.0287298481257057,-2.12793248168952,0.31293969954237,15.7588466785977,127.563053321402,143.3219,"N"
"1827",2009,"TANNER","EBS","W166",82.5,0.163170466597234,0.0423582611382049,-1.66926130448522,0.322809080062609,18.1521596293558,93.0944403706442,111.2466,"N"
"1828",2009,"TANNER","EBS","W166",87.5,0.299178522841095,0.0777573093740498,-0.878573769227086,0.374421970457709,36.4821581716183,85.4589418283817,121.9411,"N"
"1829",2009,"TANNER","EBS","W166",92.5,0.386536335091854,0.0972396645822693,-0.476023486780104,0.407381355859088,50.0032679946865,79.3591320053135,129.3624,"N"
"1830",2009,"TANNER","EBS","W166",97.5,0.462983374549661,0.0899994725855587,-0.15067704714084,0.36884808836101,72.7054738908176,84.3314261091824,157.0369,"N"
"1831",2009,"TANNER","EBS","W166",102.5,0.513550005746374,0.0890781304381799,0.0593976114514927,0.368596478334506,75.3761993834229,71.3986006165771,146.7748,"N"
"1832",2009,"TANNER","EBS","W166",107.5,0.55817198179188,0.0882970348644938,0.245552392390123,0.376671509436479,93.0922022092406,73.6882977907594,166.7805,"N"
"1833",2009,"TANNER","EBS","W166",112.5,0.655838107323354,0.089620694365245,0.678166386836126,0.439154013562005,106.790774853569,56.040225146431,162.831,"N"
"1834",2009,"TANNER","EBS","W166",117.5,0.749805658461314,0.0836104405121804,1.16952014369314,0.538688965193829,151.398959022928,50.5186409770717,201.9176,"N"
"1835",2009,"TANNER","EBS","W166",122.5,0.840565785137691,0.0534854430435861,1.72905797959885,0.454319623502257,111.106826045285,21.0741739547148,132.181,"N"
"1836",2009,"TANNER","EBS","W166",127.5,0.877312245637184,0.0444315378526519,2.06594185278469,0.54960813332373,112.942897491492,15.7945025085076,128.7374,"N"
"1837",2009,"TANNER","EBS","W166",132.5,0.919847949798974,0.0285104434760288,2.52787122743897,0.490927763154773,98.3135328441043,8.5666671558957,106.8802,"N"
"1838",2009,"TANNER","EBS","W166",137.5,0.966267895165962,0.0140715234643621,3.47760857626005,0.562114002336626,52.2236876764557,1.82311232354429,54.0468,"N"
"1839",2009,"TANNER","EBS","W166",142.5,0.984219678603462,0.00802721263850427,4.26340012033002,0.524255233753101,12.5921065680527,0.201893431947305,12.794,"N"
"1840",2009,"TANNER","EBS","W166",147.5,0.990914588036316,0.00463541426718569,5.15526983735959,1.02892586454424,17.0728638031129,0.156536196887096,17.2294,"N"
"1841",2009,"TANNER","EBS","W166",152.5,0.995412468834641,0.00234057712518324,6.44057039515704,1.61403745903322,6.20082243335851,0.0285775666414887,6.2294,"N"
"1842",2009,"TANNER","EBS","W166",157.5,0.993145313706651,0.0034972889251781,6.25673981599041,1.72457785683091,8.40081757958182,0.0579824204181811,8.4588,"N"
"1843",2009,"TANNER","EBS","W166",162.5,0.999896061206422,5.30299967235578e-05,10.3565204766046,1.70213735493197,0.999896061206422,0.000103938793578173,1,"N"
"1844",2010,"TANNER","EBS","ALL",7.5,0.00052092556009211,0.00039723878043768,-8.40289285376654,1.87182484818219,0.00781388340138165,14.9921861165986,15,"N"
"1845",2010,"TANNER","EBS","ALL",12.5,0.000481325722190407,0.000409363676618382,-8.49422485206828,1.77890857870548,0.0206970060541875,42.9793029939458,43,"N"
"1846",2010,"TANNER","EBS","ALL",17.5,0.000447883496064901,0.000446280219788316,-8.62737750080087,1.63476317370131,0.0786140788215476,175.444885921178,175.5235,"N"
"1847",2010,"TANNER","EBS","ALL",22.5,0.000802758013391435,0.000708484215082225,-7.83944373693946,1.44044807772714,0.245053764406334,305.019746235594,305.2648,"N"
"1848",2010,"TANNER","EBS","ALL",27.5,0.00120724379019319,0.00087461667728848,-7.14183918511487,1.04668867982141,0.340249831276806,281.499950168723,281.8402,"N"
"1849",2010,"TANNER","EBS","ALL",32.5,0.00176388226979023,0.00123387541966214,-6.74926357549436,1.05713021406911,1.342889962095,759.983410037905,761.3263,"N"
"1850",2010,"TANNER","EBS","ALL",37.5,0.00205273848341459,0.00131184969398411,-6.47735118249839,0.856798715904404,0.960146666589252,466.779253333411,467.7394,"N"
"1851",2010,"TANNER","EBS","ALL",42.5,0.0035241246406937,0.00171068064636977,-5.79603913745527,0.592171608002465,1.83413066924904,518.615869330751,520.45,"N"
"1852",2010,"TANNER","EBS","ALL",47.5,0.00502044440351315,0.00225087224277669,-5.41721920874765,0.544586449914587,3.40534233668096,674.889657663319,678.295,"N"
"1853",2010,"TANNER","EBS","ALL",52.5,0.00692748609809178,0.00225575555372142,-5.0294870312731,0.381516353813608,3.13121263235973,448.86718736764,451.9984,"N"
"1854",2010,"TANNER","EBS","ALL",57.5,0.0162343077029257,0.00193475023203011,-4.11206680568299,0.130715335475792,4.84953674847952,293.87196325152,298.7215,"N"
"1855",2010,"TANNER","EBS","ALL",62.5,0.0210469094562151,0.00350174447882999,-3.85518346078258,0.185534218462706,5.91293558015663,275.027864419843,280.9408,"N"
"1856",2010,"TANNER","EBS","ALL",67.5,0.0271209249647106,0.0022711169937424,-3.58348581505625,0.0871154374147495,6.7559905584442,242.350209441556,249.1062,"N"
"1857",2010,"TANNER","EBS","ALL",72.5,0.0441307894326338,0.00532584825502823,-3.08262572961227,0.125693382382415,6.99735149396476,151.562048506035,158.5594,"N"
"1858",2010,"TANNER","EBS","ALL",77.5,0.0810320653414795,0.00763035566794811,-2.4327330705012,0.101865201289702,11.3513849765677,128.733715023432,140.0851,"N"
"1859",2010,"TANNER","EBS","ALL",82.5,0.202691787697161,0.00956356322700964,-1.37057574541385,0.0588300972496162,19.8492216547863,78.0788783452137,97.9281,"N"
"1860",2010,"TANNER","EBS","ALL",87.5,0.350752982204373,0.0126043976016979,-0.616187769202967,0.0554429921681076,29.4632505051673,54.5367494948327,84,"N"
"1861",2010,"TANNER","EBS","ALL",92.5,0.448334316781283,0.0196490007624601,-0.207743906838085,0.0796276450871451,60.8956362448612,74.9307637551388,135.8264,"N"
"1862",2010,"TANNER","EBS","ALL",97.5,0.416647755275492,0.0150238952394662,-0.336866220749543,0.0618416580736747,54.2123310015482,75.9031689984518,130.1155,"N"
"1863",2010,"TANNER","EBS","ALL",102.5,0.457947548577065,0.0158329321667102,-0.168790611996609,0.0639298520308423,69.5875571282925,82.3677428717075,151.9553,"N"
"1864",2010,"TANNER","EBS","ALL",107.5,0.479130295935717,0.014432425699972,-0.0835874157193794,0.0578275808800956,75.2573788868598,81.8134211131402,157.0708,"N"
"1865",2010,"TANNER","EBS","ALL",112.5,0.634512368583243,0.0102392505173872,0.551887345415965,0.044245329056065,88.9414387901821,51.2314612098179,140.1729,"N"
"1866",2010,"TANNER","EBS","ALL",117.5,0.637945852433091,0.0157942884414465,0.567103938159518,0.068507964611276,112.748636121467,63.9883638785328,176.737,"N"
"1867",2010,"TANNER","EBS","ALL",122.5,0.742818088211965,0.0228621015757473,1.06393026959781,0.117061320589051,142.220916832578,49.2403831674224,191.4613,"N"
"1868",2010,"TANNER","EBS","ALL",127.5,0.766777262620462,0.0234360591030734,1.19476823552847,0.131445704361959,132.130291117495,40.1887088825047,172.319,"N"
"1869",2010,"TANNER","EBS","ALL",132.5,0.825814753677313,0.0210090579900759,1.56345101835108,0.149774104659374,116.714381092623,24.6180189073766,141.3324,"N"
"1870",2010,"TANNER","EBS","ALL",137.5,0.876657870833172,0.0219822660899771,1.97702361112667,0.206866222006054,67.2609614791656,9.46333852083443,76.7243,"N"
"1871",2010,"TANNER","EBS","ALL",142.5,0.950005814007907,0.0140660913365071,2.98990498859084,0.328500465842681,52.2503197704349,2.74968022956512,55,"N"
"1872",2010,"TANNER","EBS","ALL",147.5,0.98010157354312,0.00732370000293477,3.97652691656169,0.42843072625149,60.3828818241034,1.22591817589662,61.6088,"N"
"1873",2010,"TANNER","EBS","ALL",152.5,0.993766193102177,0.00318051372337928,5.25602991839932,0.663063572866743,38.7568815309849,0.243118469015108,39,"N"
"1874",2010,"TANNER","EBS","ALL",157.5,0.997024271625367,0.00151822876256763,6.2012784968911,0.97767893273754,17.9464368892566,0.0535631107433865,18,"N"
"1875",2010,"TANNER","EBS","ALL",162.5,0.999034328707488,0.000492689434955223,7.39461470465629,1.12801353258411,6.99324030095241,0.00675969904758578,7,"N"
"1876",2010,"TANNER","EBS","ALL",167.5,0.99995593760459,2.24808139848607e-05,11.089764614155,1.63514972039499,1.99991187520918,8.81247908206539e-05,2,"N"
"1877",2010,"TANNER","EBS","ALL",172.5,0.998092498540949,0.000973215030127918,7.32278371561253,1.70652099821493,1.9961849970819,0.00381500291810144,2,"N"
"1878",2010,"TANNER","EBS","E166",7.5,0.000517226722914281,0.000397258711971188,-8.47695939997241,1.9807423860939,0.00724117412079993,13.9927588258792,14,"N"
"1879",2010,"TANNER","EBS","E166",12.5,0.000591536649985032,0.000437657257911566,-8.25996520564423,1.86788585201586,0.0100561230497455,16.9899438769503,17,"N"
"1880",2010,"TANNER","EBS","E166",17.5,0.000429795855723017,0.000301272669298688,-8.31371473937724,1.37365976354712,0.00529048612685133,12.3040095138731,12.3093,"N"
"1881",2010,"TANNER","EBS","E166",22.5,0.000412269834436918,0.000324884501257939,-8.48684567684572,1.55684500418653,0.0207502003989452,50.3108497996011,50.3316,"N"
"1882",2010,"TANNER","EBS","E166",27.5,0.000438855074475744,0.000451362047912389,-8.40028775845102,1.37529967504311,0.0162088488627169,36.9181911511373,36.9344,"N"
"1883",2010,"TANNER","EBS","E166",32.5,0.00159893392521127,0.000982639808865832,-6.79200584827914,1.02135768634809,0.339621880171285,212.065578119829,212.4052,"N"
"1884",2010,"TANNER","EBS","E166",37.5,0.00167672793218972,0.00118994345532037,-6.7732624096239,1.03580568889464,0.387307049710918,230.602492950289,230.9898,"N"
"1885",2010,"TANNER","EBS","E166",42.5,0.00563351013587684,0.00224966371834373,-5.27493041772831,0.483302630688915,0.726052419821943,128.154947580178,128.881,"N"
"1886",2010,"TANNER","EBS","E166",47.5,0.00546896779298609,0.00203311357913954,-5.27247984395499,0.378727118113833,0.637234829993492,115.881065170007,116.5183,"N"
"1887",2010,"TANNER","EBS","E166",52.5,0.00677789104523879,0.00294341141438436,-5.08074969674605,0.441366194210065,0.433749781861847,63.5610502181381,63.9948,"N"
"1888",2010,"TANNER","EBS","E166",57.5,0.026088492761351,0.0106704899977672,-3.69064865168319,0.373586686412506,1.4809445977894,55.2852554022106,56.7662,"N"
"1889",2010,"TANNER","EBS","E166",62.5,0.0309119059414433,0.0153911123070115,-3.54440577227815,0.439405170054887,1.64383024296348,51.5340697570365,53.1779,"N"
"1890",2010,"TANNER","EBS","E166",67.5,0.0263484001009791,0.00987117077718108,-3.66743849092206,0.336195009296398,0.879962787852418,32.5172372121476,33.3972,"N"
"1891",2010,"TANNER","EBS","E166",72.5,0.0475106998593397,0.0195540982524421,-3.08728099356382,0.452383145091098,0.806057031673585,16.1597429683264,16.9658,"N"
"1892",2010,"TANNER","EBS","E166",77.5,0.105921558935867,0.0245721009614127,-2.15763449351608,0.248098853884438,1.79945899613787,15.1891410038621,16.9886,"N"
"1893",2010,"TANNER","EBS","E166",82.5,0.238988926605848,0.0632437131261549,-1.18397339447478,0.321602836983103,1.91191141284678,6.08808858715322,8,"N"
"1894",2010,"TANNER","EBS","E166",87.5,0.29849000474311,0.0536372064735545,-0.867735503833802,0.257909044492168,5.96980009486221,14.0301999051378,20,"N"
"1895",2010,"TANNER","EBS","E166",92.5,0.400986620377259,0.0761915390874208,-0.411448280914239,0.323029955164504,8.01973240754518,11.9802675924548,20,"N"
"1896",2010,"TANNER","EBS","E166",97.5,0.398134564016539,0.0558256525116384,-0.419724830349535,0.239239081612643,11.1477677924631,16.8522322075369,28,"N"
"1897",2010,"TANNER","EBS","E166",102.5,0.429491869058342,0.047633042089772,-0.286799523499863,0.19637362014887,9.87831298834187,13.1216870116581,23,"N"
"1898",2010,"TANNER","EBS","E166",107.5,0.426885594878685,0.0427524502144526,-0.29744302945717,0.179094663423307,13.2334534412393,17.7665465587608,31,"N"
"1899",2010,"TANNER","EBS","E166",112.5,0.45991221459984,0.0470956016012971,-0.162676189894674,0.192366431881851,11.0378931503962,12.9621068496038,24,"N"
"1900",2010,"TANNER","EBS","E166",117.5,0.499660817745813,0.042630376810853,-0.00151793023981485,0.171015594343832,18.9871110743409,19.0128889256591,38,"N"
"1901",2010,"TANNER","EBS","E166",122.5,0.597562463729822,0.0430577688692119,0.398193730331769,0.178213386191847,20.3171237668139,13.6828762331861,34,"N"
"1902",2010,"TANNER","EBS","E166",127.5,0.509399054607489,0.0544942722875138,0.0380925292306818,0.219310819364692,15.2819716382247,14.7180283617753,30,"N"
"1903",2010,"TANNER","EBS","E166",132.5,0.635470604451947,0.0438214067226644,0.560957698550706,0.19261393086871,21.6060005513662,12.3939994486338,34,"N"
"1904",2010,"TANNER","EBS","E166",137.5,0.678087039490297,0.0531082596663643,0.755668084045109,0.245670871114307,11.5274796713351,5.47252032866495,17,"N"
"1905",2010,"TANNER","EBS","E166",142.5,0.891028629580719,0.0384877917980021,2.15678114213208,0.373039332106117,11.5833721845493,1.41662781545066,13,"N"
"1906",2010,"TANNER","EBS","E166",147.5,0.907221321179519,0.0423439343442313,2.37831362960035,0.490167031287804,7.25777056943615,0.742229430563846,8,"N"
"1907",2010,"TANNER","EBS","E166",152.5,0.982258312070707,0.00905188159657805,4.25302564551701,0.722007296060339,8.84032480863636,0.159675191363636,9,"N"
"1908",2010,"TANNER","EBS","E166",157.5,0.99316541092661,0.00348703524152555,5.4609705521118,1.05692506089133,5.95899246555966,0.0410075344403404,6,"N"
"1909",2010,"TANNER","EBS","E166",162.5,0.998664785737555,0.00068123176655362,7.07143565464756,1.12911396115216,4.99332392868777,0.00667607131222514,5,"N"
"1910",2010,"TANNER","EBS","E166",167.5,0.99995593760459,2.24808139848607e-05,11.089764614155,1.63514972039499,1.99991187520918,8.81247908206539e-05,2,"N"
"1911",2010,"TANNER","EBS","E166",172.5,0.998092498540949,0.000973215030127918,7.32278371561253,1.70652099821493,1.9961849970819,0.00381500291810144,2,"N"
"1912",2010,"TANNER","EBS","W166",7.5,0.000432210907249413,0.000439627795526212,-9.015606869167,2.1246622117159,0.000432210907249413,0.999567789092751,1,"N"
"1913",2010,"TANNER","EBS","W166",12.5,0.000403872012533471,0.000401158958759275,-8.80938501576012,1.78500183615724,0.0105006723258702,25.9894993276741,26,"N"
"1914",2010,"TANNER","EBS","W166",17.5,0.000449127021338405,0.000458721995194835,-8.66771876969961,1.66137031695374,0.0733039074861307,163.140896092514,163.2142,"N"
"1915",2010,"TANNER","EBS","W166",22.5,0.00087434751286643,0.000790400038505617,-7.76784978327586,1.43757740406513,0.22290020936708,254.710299790633,254.9332,"N"
"1916",2010,"TANNER","EBS","W166",27.5,0.00133972460324792,0.000973181376372997,-7.03585898154187,1.04091963352291,0.328106325738115,244.577693674262,244.9058,"N"
"1917",2010,"TANNER","EBS","W166",32.5,0.0018196561704752,0.00135864955877357,-6.74712393818893,1.07687675160544,0.998847666719037,547.922252333281,548.9211,"N"
"1918",2010,"TANNER","EBS","W166",37.5,0.00232221271179242,0.00149769518314218,-6.34682477891827,0.824778972762123,0.54978293063177,236.199817069368,236.7496,"N"
"1919",2010,"TANNER","EBS","W166",42.5,0.00301430337297572,0.00161313214683235,-5.98345834869823,0.649150284445252,1.18030775745273,390.388692242547,391.569,"N"
"1920",2010,"TANNER","EBS","W166",47.5,0.00493281515518425,0.0023359751849247,-5.45553224266194,0.592942726796984,2.7711406195894,559.005559380411,561.7767,"N"
"1921",2010,"TANNER","EBS","W166",52.5,0.00695662799150471,0.00222187169712448,-5.0238623677438,0.378283319406236,2.6991967045646,385.304403295435,388.0036,"N"
"1922",2010,"TANNER","EBS","W166",57.5,0.0142173692406749,0.00255074924165973,-4.25606334644361,0.19120054198837,3.43996783983827,238.515332160162,241.9553,"N"
"1923",2010,"TANNER","EBS","W166",62.5,0.0187367520514465,0.003474362567136,-3.97667567578906,0.199223995264874,4.26753698381839,223.495363016182,227.7629,"N"
"1924",2010,"TANNER","EBS","W166",67.5,0.0272881131814884,0.00197982431133419,-3.57639061756309,0.0775910475233323,5.88629160626567,209.822708393734,215.709,"N"
"1925",2010,"TANNER","EBS","W166",72.5,0.0438209643101858,0.00606166001540274,-3.09211925014125,0.142624305219065,6.20476809215072,135.388831907849,141.5936,"N"
"1926",2010,"TANNER","EBS","W166",77.5,0.0770603376402474,0.0104249882772263,-2.49169492857376,0.143237946927842,9.48585785233271,113.610642147667,123.0965,"N"
"1927",2010,"TANNER","EBS","W166",82.5,0.198421536060845,0.0147590172711399,-1.39877317385772,0.0929603052508405,17.8436717370332,72.0844282629668,89.9281,"N"
"1928",2010,"TANNER","EBS","W166",87.5,0.367085162661017,0.0129239368172765,-0.545149289427167,0.0556291803901606,23.4934504103051,40.5065495896949,64,"N"
"1929",2010,"TANNER","EBS","W166",92.5,0.457102408707954,0.0132972218881924,-0.172137580771855,0.0536207513668387,52.9445264319709,62.8818735680291,115.8264,"N"
"1930",2010,"TANNER","EBS","W166",97.5,0.421780125129459,0.010247676627869,-0.315611497480166,0.0421241497459767,43.0702883676573,59.0452116323427,102.1155,"N"
"1931",2010,"TANNER","EBS","W166",102.5,0.463268529300078,0.0138629449258572,-0.147321479193886,0.0559256059016416,59.7409321764504,69.2143678235496,128.9553,"N"
"1932",2010,"TANNER","EBS","W166",107.5,0.492740260076624,0.0175429387163593,-0.0290817588726503,0.0702394945427645,62.120158780068,63.950641219932,126.0708,"N"
"1933",2010,"TANNER","EBS","W166",112.5,0.674420975208021,0.00724852293457479,0.728436430362649,0.0329467151941882,78.349440510744,37.823459489256,116.1729,"N"
"1934",2010,"TANNER","EBS","W166",117.5,0.682104098803818,0.0245115458476048,0.765667157116217,0.111775040061375,94.6330763557453,44.1039236442547,138.737,"N"
"1935",2010,"TANNER","EBS","W166",122.5,0.779673992931315,0.0303814795589268,1.27152661646685,0.167932582552408,122.768480503156,34.6928194968443,157.4613,"N"
"1936",2010,"TANNER","EBS","W166",127.5,0.834508369992297,0.0294143529232854,1.63111142292117,0.197798026669953,118.766396708934,23.5526032910663,142.319,"N"
"1937",2010,"TANNER","EBS","W166",132.5,0.904737937502464,0.026999297742456,2.28450695183559,0.281433374302792,97.1076942031895,10.2247057968105,107.3324,"N"
"1938",2010,"TANNER","EBS","W166",137.5,0.936938301776545,0.026263564039418,2.76790100900121,0.384177982279102,55.9579842167929,3.76631578320708,59.7243,"N"
"1939",2010,"TANNER","EBS","W166",142.5,0.968260656806798,0.013786398380526,3.52450383602253,0.494786207016146,40.6669475858855,1.33305241411447,42,"N"
"1940",2010,"TANNER","EBS","W166",147.5,0.991533769992312,0.00338882080189179,4.89585090936657,0.593383811124205,53.1549355687639,0.45386443123612,53.6088,"N"
"1941",2010,"TANNER","EBS","W166",152.5,0.997218557411618,0.00119725520027786,6.0775162673605,0.758459446555842,29.9165567223485,0.0834432776514724,30,"N"
"1942",2010,"TANNER","EBS","W166",157.5,0.998953701974746,0.000512730511005333,7.15010782671463,0.961682127304543,11.987444423697,0.0125555763030452,12,"N"
"1943",2010,"TANNER","EBS","W166",162.5,0.99995818613232,2.13336059592327e-05,10.4764822332545,1.08839703545555,1.99991637226464,8.36277353601922e-05,2,"N"
"1944",2011,"TANNER","EBS","ALL",12.5,0.000935752219211173,0.00111129392355058,-8.14115145450688,1.82614187965379,0.00848774050435494,9.06201225949564,9.0705,"N"
"1945",2011,"TANNER","EBS","ALL",17.5,0.00127549929995553,0.00165603483157618,-7.87998434506674,1.69708743641181,0.125105563137119,97.9584944368629,98.0836,"N"
"1946",2011,"TANNER","EBS","ALL",22.5,0.00157359997268878,0.00177123766257724,-7.36053568619896,1.51176755466819,0.73121823226906,463.947381767731,464.6786,"N"
"1947",2011,"TANNER","EBS","ALL",27.5,0.00168895394329744,0.00160921231953952,-7.18341535645183,1.57170857814733,0.882121390509299,521.406478609491,522.2886,"N"
"1948",2011,"TANNER","EBS","ALL",32.5,0.00321771829495416,0.00335816232848356,-6.49056035332562,1.45508952514277,3.07369612001848,952.167203879982,955.2409,"N"
"1949",2011,"TANNER","EBS","ALL",37.5,0.00425809881951761,0.00327232422365255,-5.897063269318,1.10074537728669,2.92589043558876,684.209509564411,687.1354,"N"
"1950",2011,"TANNER","EBS","ALL",42.5,0.00837253689092265,0.00490784414282741,-5.0272767166711,0.808250554814679,11.0700719930037,1311.118428007,1322.1885,"N"
"1951",2011,"TANNER","EBS","ALL",47.5,0.00980126217626732,0.0037649713542943,-4.72658200004356,0.53028293271473,11.7233181126937,1184.37958188731,1196.1029,"N"
"1952",2011,"TANNER","EBS","ALL",52.5,0.0160205378847978,0.00554867622891548,-4.17923884351739,0.363631497042688,12.2804023348584,754.260797665142,766.5412,"N"
"1953",2011,"TANNER","EBS","ALL",57.5,0.0253237461048635,0.00701946774596814,-3.68791100670033,0.281750066679267,22.5057272354381,866.214572764562,888.7203,"N"
"1954",2011,"TANNER","EBS","ALL",62.5,0.0298497180166174,0.0114260744198662,-3.54230811798526,0.348241090733519,31.6057202130708,1027.22237978693,1058.8281,"N"
"1955",2011,"TANNER","EBS","ALL",67.5,0.0364967455398504,0.016118117263744,-3.35029705711624,0.388771028195225,36.9006513730654,974.166248626935,1011.0669,"N"
"1956",2011,"TANNER","EBS","ALL",72.5,0.0566589810755055,0.018904563886505,-2.85997378720641,0.320185286281162,40.9589473964262,681.944052603574,722.903,"N"
"1957",2011,"TANNER","EBS","ALL",77.5,0.0869655445992419,0.0282792186545714,-2.40015474068472,0.342289105444247,51.3104105206818,538.698089479318,590.0085,"N"
"1958",2011,"TANNER","EBS","ALL",82.5,0.17121180290582,0.041448496544058,-1.60448656865311,0.290061537297113,74.5611307745374,360.929469225463,435.4906,"N"
"1959",2011,"TANNER","EBS","ALL",87.5,0.272123521727453,0.0621097327972467,-1.00524135313459,0.310761588426718,96.5272746542316,258.191325345768,354.7186,"N"
"1960",2011,"TANNER","EBS","ALL",92.5,0.358630063964843,0.0582403037886924,-0.590626671980351,0.256713251199177,72.039455468874,128.834544531126,200.874,"N"
"1961",2011,"TANNER","EBS","ALL",97.5,0.404097887561499,0.0519918612230398,-0.392670506631398,0.216224488561343,87.2165683017647,128.613731698235,215.8303,"N"
"1962",2011,"TANNER","EBS","ALL",102.5,0.387571564268521,0.0521785158068611,-0.463010234593166,0.221277389020799,63.1912181245968,99.8527818754032,163.044,"N"
"1963",2011,"TANNER","EBS","ALL",107.5,0.429227957805598,0.051816726023027,-0.287322054729782,0.210279869522671,64.1271290469099,85.2739709530901,149.4011,"N"
"1964",2011,"TANNER","EBS","ALL",112.5,0.531342233975894,0.0588589173687886,0.128305638508947,0.240736278183769,70.2848348916399,61.9930651083601,132.2779,"N"
"1965",2011,"TANNER","EBS","ALL",117.5,0.607699804546612,0.080149381264157,0.452280003242516,0.348732621830746,81.0371335561734,52.3134664438266,133.3506,"N"
"1966",2011,"TANNER","EBS","ALL",122.5,0.756817676489514,0.0613950676942708,1.16930374366221,0.36430543672053,59.9519933790257,19.2639066209743,79.2159,"N"
"1967",2011,"TANNER","EBS","ALL",127.5,0.778444359869182,0.0592068726260738,1.29321295113036,0.364243538057024,103.285321022855,29.3963789771452,132.6817,"N"
"1968",2011,"TANNER","EBS","ALL",132.5,0.8414756378712,0.0326277723378779,1.69112092552498,0.256073051176159,41.591952943315,7.83544705668503,49.4274,"N"
"1969",2011,"TANNER","EBS","ALL",137.5,0.888011253812618,0.0261736705887581,2.10125810037231,0.288306192781589,50.1843575889633,6.32884241103674,56.5132,"N"
"1970",2011,"TANNER","EBS","ALL",142.5,0.966178247347723,0.0146085882423826,3.46889897907581,0.5263862186592,67.7626215242584,2.37207847574165,70.1347,"N"
"1971",2011,"TANNER","EBS","ALL",147.5,0.983633150045091,0.00835043365046372,4.41652292687527,0.920501312829609,56.1995849378813,0.935115062118733,57.1347,"N"
"1972",2011,"TANNER","EBS","ALL",152.5,0.994790891421392,0.00265770845847359,5.82462244186756,1.29869969643537,83.7156326766758,0.438367323324201,84.154,"N"
"1973",2011,"TANNER","EBS","ALL",157.5,0.997900593277625,0.00107112587876285,6.84502147639667,1.3798257645321,82.9794259334076,0.174574066592385,83.154,"N"
"1974",2011,"TANNER","EBS","ALL",162.5,0.999479010159399,0.000265811143163551,8.55788726319063,1.6904603512761,40.555859795238,0.0211402047620481,40.577,"N"
"1975",2011,"TANNER","EBS","ALL",167.5,0.999767621390947,0.00011856051482285,9.22154084046627,1.59947843521072,5.55640850940447,0.00129149059553235,5.5577,"N"
"1976",2011,"TANNER","EBS","ALL",172.5,0.999914876703308,4.34302534144965e-05,10.6522695944269,2.02995388634685,7.11479431369472,0.000605686305284792,7.1154,"N"
"1977",2011,"TANNER","EBS","E166",17.5,0.000559430040947851,0.000775056920578192,-8.60269459242844,1.66287878928336,0.00615373045042636,10.9938462695496,11,"N"
"1978",2011,"TANNER","EBS","E166",22.5,0.000699587198348521,0.00066306373573436,-7.96999758717531,1.49094584377831,0.0489711038843965,69.9510288961156,70,"N"
"1979",2011,"TANNER","EBS","E166",27.5,0.000615930118826268,0.000565448307496552,-8.07600731413816,1.42225792925963,0.0729638825853142,118.388336117415,118.4613,"N"
"1980",2011,"TANNER","EBS","E166",32.5,0.000872578362156405,0.000645768676747443,-7.46992965359499,1.0988184414381,0.131495290473229,150.565904709527,150.6974,"N"
"1981",2011,"TANNER","EBS","E166",37.5,0.000944103020570539,0.000561728870748188,-7.3354880048762,1.08899466796342,0.153528711460952,162.465071288539,162.6186,"N"
"1982",2011,"TANNER","EBS","E166",42.5,0.00174410556218526,0.000818638811310386,-6.56805756324909,0.794645467551947,0.844701020024216,483.472898979976,484.3176,"N"
"1983",2011,"TANNER","EBS","E166",47.5,0.00334112749940236,0.00222558144747817,-5.9871501460937,0.860552868235176,1.64477859822454,490.637721401775,492.2825,"N"
"1984",2011,"TANNER","EBS","E166",52.5,0.00698537183277597,0.00483586378407285,-5.1689915644003,0.649774558376546,2.45586324160426,349.116436758396,351.5723,"N"
"1985",2011,"TANNER","EBS","E166",57.5,0.0119180739809564,0.00424574962510232,-4.47207269748409,0.323531096822987,3.57409332903805,296.314406670962,299.8885,"N"
"1986",2011,"TANNER","EBS","E166",62.5,0.0166505787175762,0.0116450587760356,-4.24919654600823,0.541882161741188,7.96429981701741,470.355400182983,478.3197,"N"
"1987",2011,"TANNER","EBS","E166",67.5,0.0248817281565985,0.0158503481040601,-3.83686611573734,0.577040902336796,15.5725132185081,610.288886781492,625.8614,"N"
"1988",2011,"TANNER","EBS","E166",72.5,0.0373056116859392,0.0205488574158866,-3.39892338315029,0.572592717635952,15.0297631778157,387.852336822184,402.8821,"N"
"1989",2011,"TANNER","EBS","E166",77.5,0.0583334051155208,0.0180202458559711,-2.82045089162078,0.287000567558342,10.7633532448472,173.751046755153,184.5144,"N"
"1990",2011,"TANNER","EBS","E166",82.5,0.105292815111347,0.0306307294712481,-2.18079712884707,0.323754784436998,15.5309008145539,131.971099185446,147.502,"N"
"1991",2011,"TANNER","EBS","E166",87.5,0.214476832649508,0.0529901077157066,-1.32229871631676,0.293964050269404,30.9890283282963,113.497571671704,144.4866,"N"
"1992",2011,"TANNER","EBS","E166",92.5,0.254563246906095,0.0514625707739016,-1.09126702954056,0.265638340820449,8.69028012288028,25.4477198771197,34.138,"N"
"1993",2011,"TANNER","EBS","E166",97.5,0.361701663620015,0.0492647155991987,-0.574435190482273,0.215341225233612,12.8841387896422,22.7367612103578,35.6209,"N"
"1994",2011,"TANNER","EBS","E166",102.5,0.423945954804933,0.0692613601169,-0.314932324774174,0.295217984633712,14.2402598327067,19.3495401672933,33.5898,"N"
"1995",2011,"TANNER","EBS","E166",107.5,0.469746020207488,0.0820076371660047,-0.124154121075355,0.336117960588736,14.7468307615777,16.6463692384223,31.3932,"N"
"1996",2011,"TANNER","EBS","E166",112.5,0.615386227118813,0.063803432082129,0.477533159197908,0.268605883577169,13.4122812814318,8.38261871856819,21.7949,"N"
"1997",2011,"TANNER","EBS","E166",117.5,0.64356906777781,0.0603622141847095,0.6003768057491,0.262362151367424,9.13649262761446,5.06010737238554,14.1966,"N"
"1998",2011,"TANNER","EBS","E166",122.5,0.854598973815739,0.0741841970327862,1.9367434160412,0.667040146442676,11.2778008178568,1.91879918214322,13.1966,"N"
"1999",2011,"TANNER","EBS","E166",127.5,0.79043303350215,0.0478553701035778,1.35247380668088,0.294848373949988,12.0118946369188,3.18470536308123,15.1966,"N"
"2000",2011,"TANNER","EBS","E166",132.5,0.846084568982121,0.0534357041813657,1.76018106176953,0.40187085716818,9.47327048506521,1.72332951493479,11.1966,"N"
"2001",2011,"TANNER","EBS","E166",137.5,0.887678872790667,0.0573066975557822,2.20665237616417,0.592674607853387,7.10143098232533,0.898569017674665,8,"N"
"2002",2011,"TANNER","EBS","E166",142.5,0.973643636077868,0.0134471244500673,3.82002098706596,0.697499228861414,10.7100799968565,0.28992000314345,11,"N"
"2003",2011,"TANNER","EBS","E166",147.5,0.98658949585628,0.00684209395087751,4.62660023336599,0.822247936191487,5.91953697513768,0.0804630248623193,6,"N"
"2004",2011,"TANNER","EBS","E166",152.5,0.998890270971791,0.000566188279698721,6.98043888800076,0.626840124175583,0.998890270971791,0.00110972902820949,1,"N"
"2005",2011,"TANNER","EBS","E166",157.5,0.998521464991957,0.000754354595940058,7.49348902970897,1.35104197235911,4.99260732495979,0.00739267504021246,5,"N"
"2006",2011,"TANNER","EBS","E166",162.5,0.999478736261753,0.000265950886860721,8.97871838013898,1.72557822474317,2.99843620878526,0.00156379121474082,3,"N"
"2007",2011,"TANNER","EBS","E166",167.5,0.999813167620241,9.53226427340845e-05,9.28985447126678,1.26928515262821,0.999813167620241,0.000186832379758806,1,"N"
"2008",2011,"TANNER","EBS","W166",12.5,0.000935752219211173,0.00111129392355058,-8.14115145450688,1.82614187965379,0.00848774050435494,9.06201225949564,9.0705,"N"
"2009",2011,"TANNER","EBS","W166",17.5,0.00137395882306909,0.0018792870386053,-7.92578425223308,1.7694537333526,0.119649280564619,86.9639507194354,87.0836,"N"
"2010",2011,"TANNER","EBS","W166",22.5,0.00177032310517694,0.00213675920222051,-7.3492926768665,1.56529319089972,0.698708644698887,393.979891355301,394.6786,"N"
"2011",2011,"TANNER","EBS","W166",27.5,0.00211291090891018,0.00214805689502035,-7.02915275286923,1.61496353529021,0.853251107485742,402.974048892514,403.8273,"N"
"2012",2011,"TANNER","EBS","W166",32.5,0.00393604944554086,0.00429334224982944,-6.33591910253855,1.49493327294035,3.1667229970885,801.376777002911,804.5435,"N"
"2013",2011,"TANNER","EBS","W166",37.5,0.00558369713909644,0.00443068447219361,-5.63703726050441,1.10669326405692,2.92874295556802,521.588057044432,524.5168,"N"
"2014",2011,"TANNER","EBS","W166",42.5,0.0115607085591073,0.00709962724340827,-4.71381450669235,0.820290325805896,9.68638128505694,828.184518714943,837.8709,"N"
"2015",2011,"TANNER","EBS","W166",47.5,0.0136040364895992,0.00533037535525265,-4.38979670873491,0.510110430614778,9.57479840372429,694.245601596276,703.8204,"N"
"2016",2011,"TANNER","EBS","W166",52.5,0.0226987040971617,0.00661269009746131,-3.80888737091497,0.321051863869844,9.41925627062469,405.549643729375,414.9689,"N"
"2017",2011,"TANNER","EBS","W166",57.5,0.0308526391277178,0.00876343282670992,-3.48932607655244,0.304688833914082,18.1670150323245,570.664784967675,588.8318,"N"
"2018",2011,"TANNER","EBS","W166",62.5,0.0365917244211637,0.0118522176616743,-3.3196519281606,0.323617043819023,21.2418033969706,559.266596603029,580.5084,"N"
"2019",2011,"TANNER","EBS","W166",67.5,0.0458309958733002,0.0173644105517221,-3.09903800031678,0.366686333602096,17.6543516808726,367.551148319127,385.2055,"N"
"2020",2011,"TANNER","EBS","W166",72.5,0.0701141807463468,0.0203030533872445,-2.62546413724019,0.308505292452013,22.4380032252086,297.582896774791,320.0209,"N"
"2021",2011,"TANNER","EBS","W166",77.5,0.0961534699559584,0.0328627371086798,-2.29794070960869,0.378712774068409,38.9896647616684,366.504435238332,405.4941,"N"
"2022",2011,"TANNER","EBS","W166",82.5,0.199064896340105,0.0491516639847455,-1.42229427476206,0.319298627173726,57.3284208061319,230.660179193868,287.9886,"N"
"2023",2011,"TANNER","EBS","W166",87.5,0.296203784253683,0.0727722057176386,-0.892027993254871,0.361404315266006,62.2715139712203,147.96048602878,210.232,"N"
"2024",2011,"TANNER","EBS","W166",92.5,0.377991332254843,0.0624435403994247,-0.507532755765461,0.272353286485746,63.0247627748435,103.711237225156,166.736,"N"
"2025",2011,"TANNER","EBS","W166",97.5,0.414523188530717,0.0631598744017562,-0.351260368453504,0.263178206849361,74.7009750912074,105.508424908793,180.2094,"N"
"2026",2011,"TANNER","EBS","W166",102.5,0.376767289851765,0.0602333851622514,-0.51237291481813,0.263703217891591,48.7741080939284,80.6800919060716,129.4542,"N"
"2027",2011,"TANNER","EBS","W166",107.5,0.414354238696043,0.058082295827553,-0.350819808557468,0.240824609209886,48.8970735646188,69.1108264353812,118.0079,"N"
"2028",2011,"TANNER","EBS","W166",112.5,0.505874357265919,0.0753709635524799,0.0246614156031958,0.305852530006425,55.8905166138105,54.5924833861895,110.483,"N"
"2029",2011,"TANNER","EBS","W166",117.5,0.600842445399471,0.0948381107630646,0.427827774021363,0.409972123781884,71.5927807391286,47.5612192608714,119.154,"N"
"2030",2011,"TANNER","EBS","W166",122.5,0.729529872584521,0.0914641789013372,1.04985805068557,0.498113367100484,48.1630515171192,17.8562484828808,66.0193,"N"
"2031",2011,"TANNER","EBS","W166",127.5,0.776113228884994,0.069858130933683,1.29278197974575,0.425923305751308,91.1817403068764,26.3033596931236,117.4851,"N"
"2032",2011,"TANNER","EBS","W166",132.5,0.839829591045872,0.0492925124941109,1.70453473091488,0.377534870729387,32.1073571293565,6.12344287064349,38.2308,"N"
"2033",2011,"TANNER","EBS","W166",137.5,0.888132119638782,0.0454589941349375,2.18004092360294,0.554081844340937,43.0861311464602,5.42706885353982,48.5132,"N"
"2034",2011,"TANNER","EBS","W166",142.5,0.963529238443478,0.0186075314063886,3.51993803020795,0.813333950637796,56.9780124565836,2.15668754341645,59.1347,"N"
"2035",2011,"TANNER","EBS","W166",147.5,0.982861929398694,0.0087439135720949,4.39889335175123,0.972275276717703,50.2583499012234,0.876350098776605,51.1347,"N"
"2036",2011,"TANNER","EBS","W166",152.5,0.994662785810442,0.00272306846406027,5.83644372797426,1.36240666908395,82.7101892912815,0.443810708718516,83.154,"N"
"2037",2011,"TANNER","EBS","W166",157.5,0.99778561703423,0.00112978722743375,6.80058122207989,1.4212480779464,77.9809371136932,0.173062886306795,78.154,"N"
"2038",2011,"TANNER","EBS","W166",162.5,0.999479078633811,0.000265776207239217,8.56539729051267,1.80008873042516,37.5574253378227,0.019574662177277,37.577,"N"
"2039",2011,"TANNER","EBS","W166",167.5,0.9997448482763,0.000130179450867204,9.40778420957842,2.04311777108737,4.55653709498889,0.00116290501110594,4.5577,"N"
"2040",2011,"TANNER","EBS","W166",172.5,0.999914876703308,4.34302534144965e-05,10.6522695944269,2.02995388634685,7.11479431369472,0.000605686305284792,7.1154,"N"
"2041",2012,"TANNER","EBS","ALL",7.5,0.00191490262682294,0.0022008489151547,-7.57886082617635,2.12333642418451,0.00191490262682294,0.998085097373177,1,"N"
"2042",2012,"TANNER","EBS","ALL",12.5,0.000655953988018544,0.000697275754415132,-8.45763087272486,1.91819766770073,0.0189819309098818,28.9189180690901,28.9379,"N"
"2043",2012,"TANNER","EBS","ALL",17.5,0.00176356991696621,0.00185253872946309,-7.30469104191564,1.74218287618774,0.231027659122573,130.768972340877,131,"N"
"2044",2012,"TANNER","EBS","ALL",22.5,0.00111570505480364,0.000938302385605782,-7.39413522386591,1.32519309566246,0.184768343869856,165.42203165613,165.6068,"N"
"2045",2012,"TANNER","EBS","ALL",27.5,0.00289603034785316,0.00228612747178019,-6.31222200315882,1.14217045959439,0.579355504736582,199.472244495263,200.0516,"N"
"2046",2012,"TANNER","EBS","ALL",32.5,0.00273484510383267,0.00165992098627222,-6.16124460296567,0.816334946650702,0.918560903044101,334.954539096956,335.8731,"N"
"2047",2012,"TANNER","EBS","ALL",37.5,0.00320182129847412,0.00161545981303729,-5.9176056433328,0.651130537791815,1.23659429442935,384.979305705571,386.2159,"N"
"2048",2012,"TANNER","EBS","ALL",42.5,0.00613873707384862,0.00249226048898272,-5.18500370169953,0.466447929075609,4.54404173949994,735.6801582605,740.2242,"N"
"2049",2012,"TANNER","EBS","ALL",47.5,0.00611015031375331,0.00205689812604272,-5.15914882914395,0.38833359075163,3.6789221149259,598.421177885074,602.1001,"N"
"2050",2012,"TANNER","EBS","ALL",52.5,0.00928197878639661,0.00219584864349518,-4.70840448966843,0.30121692908073,7.60627995114147,811.861220048859,819.4675,"N"
"2051",2012,"TANNER","EBS","ALL",57.5,0.0147350773705059,0.00404843785403294,-4.25046278866124,0.334945905365979,21.4660209286441,1435.33127907136,1456.7973,"N"
"2052",2012,"TANNER","EBS","ALL",62.5,0.0168046011078018,0.00468536333450627,-4.10883018406427,0.290814087673818,29.0835567717216,1701.60654322828,1730.6901,"N"
"2053",2012,"TANNER","EBS","ALL",67.5,0.0217529770989223,0.00563100594406659,-3.83777762357372,0.256421965885361,24.4970760045926,1101.65112399541,1126.1482,"N"
"2054",2012,"TANNER","EBS","ALL",72.5,0.0312365419884212,0.00679700922250989,-3.45895729445316,0.232174634053646,27.8907085137238,864.996491486276,892.8872,"N"
"2055",2012,"TANNER","EBS","ALL",77.5,0.0577496062737826,0.00925963621862414,-2.80612865473536,0.181914248450496,59.3207536119884,967.885446388012,1027.2062,"N"
"2056",2012,"TANNER","EBS","ALL",82.5,0.124851497793574,0.0132298094371219,-1.95294606914174,0.124168409163522,126.778767939264,888.657732060736,1015.4365,"N"
"2057",2012,"TANNER","EBS","ALL",87.5,0.208366066800999,0.0229510010577156,-1.34044538144148,0.139702883538887,231.527809583924,879.631090416076,1111.1589,"N"
"2058",2012,"TANNER","EBS","ALL",92.5,0.309487615501991,0.0315024764815616,-0.806642950273488,0.147816035548706,289.615941839555,646.175758160445,935.7917,"N"
"2059",2012,"TANNER","EBS","ALL",97.5,0.352838172844789,0.0266891348982841,-0.608567311874565,0.116822940967726,237.45882010712,435.53757989288,672.9964,"N"
"2060",2012,"TANNER","EBS","ALL",102.5,0.417012083829986,0.0274071420565308,-0.3360781209422,0.112705582760233,199.96033838469,279.54696161531,479.5073,"N"
"2061",2012,"TANNER","EBS","ALL",107.5,0.438993795529954,0.0285876789741969,-0.24607970601178,0.116472736731873,155.929762084028,199.268337915972,355.1981,"N"
"2062",2012,"TANNER","EBS","ALL",112.5,0.563960842011469,0.0288734635013361,0.258060835217486,0.117273108166917,142.368699988996,110.075600011004,252.4443,"N"
"2063",2012,"TANNER","EBS","ALL",117.5,0.69087181701646,0.0387594980664642,0.809956087657444,0.177810923174894,124.040438683588,55.5014613164124,179.5419,"N"
"2064",2012,"TANNER","EBS","ALL",122.5,0.801212838061687,0.0276359084930054,1.40228414463804,0.167574152971428,85.6965233398209,21.2619766601791,106.9585,"N"
"2065",2012,"TANNER","EBS","ALL",127.5,0.857001139701193,0.024576113343295,1.80381161699044,0.191838057184402,54.2535712502656,9.05272874973438,63.3063,"N"
"2066",2012,"TANNER","EBS","ALL",132.5,0.883588668718639,0.0188321462700651,2.03814863888676,0.169423058586912,42.9789015117439,5.66239848825608,48.6413,"N"
"2067",2012,"TANNER","EBS","ALL",137.5,0.961770430499764,0.00983630728200078,3.25990822036769,0.280041278330704,17.6523344813927,0.701665518607332,18.354,"N"
"2068",2012,"TANNER","EBS","ALL",142.5,0.947003900523448,0.0128625291295679,2.91358333836848,0.264948204160521,11.6992861870667,0.654713812933327,12.354,"N"
"2069",2012,"TANNER","EBS","ALL",147.5,0.991952501176972,0.00401510163339236,5.03599469018967,0.790370789127942,8.28677119483242,0.0672288051675753,8.354,"N"
"2070",2012,"TANNER","EBS","ALL",152.5,0.998872015610758,0.000407371631409887,6.8573046281346,0.388475927703188,2.99661604683227,0.00338395316772511,3,"N"
"2071",2012,"TANNER","EBS","ALL",157.5,0.998938798759259,0.000541429204459493,7.55658861908708,1.32268471907691,3.99575519503704,0.00424480496296242,4,"N"
"2072",2012,"TANNER","EBS","ALL",162.5,0.999522755949315,0.000243491862594586,8.24119897392408,1.31715732237619,3.99809102379726,0.00190897620274155,4,"N"
"2073",2012,"TANNER","EBS","E166",12.5,0.000115459378625847,0.000104800645105453,-9.6306301883735,1.21844930991493,0.000115459378625847,0.999884540621374,1,"N"
"2074",2012,"TANNER","EBS","E166",17.5,0.00196615694438327,0.00171652251891176,-7.02087231738222,1.55187464340094,0.00589847083314982,2.99410152916685,3,"N"
"2075",2012,"TANNER","EBS","E166",22.5,0.00102824217748817,0.00100034855106525,-7.55658186473394,1.33101943524534,0.0143953904848344,13.9856046095152,14,"N"
"2076",2012,"TANNER","EBS","E166",27.5,0.00217953721801016,0.00152437836242149,-6.5248414090987,1.07587193065408,0.0370521327061727,16.9629478672938,17,"N"
"2077",2012,"TANNER","EBS","E166",32.5,0.0023124499010042,0.00195443358845843,-6.47480028730232,0.9612680959627,0.116670034855365,50.3363299651446,50.453,"N"
"2078",2012,"TANNER","EBS","E166",37.5,0.00305202709729791,0.00180941703873536,-6.03161326581011,0.769936116531811,0.177299273744359,57.9150007262556,58.0923,"N"
"2079",2012,"TANNER","EBS","E166",42.5,0.00785914849987382,0.00471071328875081,-5.00486285290942,0.584971238417811,0.404935553222349,51.1191644467777,51.5241,"N"
"2080",2012,"TANNER","EBS","E166",47.5,0.00634282412003416,0.00282654185625199,-5.16850390799535,0.499295233525319,0.229690787011561,35.9830092129884,36.2127,"N"
"2081",2012,"TANNER","EBS","E166",52.5,0.00486846055518027,0.00179476095679641,-5.41067821365321,0.462411100585357,0.315749364612827,64.5403506353872,64.8561,"N"
"2082",2012,"TANNER","EBS","E166",57.5,0.0120784230779108,0.00238408040268264,-4.42155782281848,0.184624583409012,1.70038590680058,139.078414093199,140.7788,"N"
"2083",2012,"TANNER","EBS","E166",62.5,0.0121965861989357,0.00131305269569995,-4.40007043379392,0.108910528983172,6.44925962461117,522.326540375389,528.7758,"N"
"2084",2012,"TANNER","EBS","E166",67.5,0.0138546424151924,0.00323104779358624,-4.29324688785356,0.243425877188964,6.78935113656877,483.252248863431,490.0416,"N"
"2085",2012,"TANNER","EBS","E166",72.5,0.0250559258390144,0.00465541293552036,-3.67777299449106,0.185454564740902,7.79340519533737,303.246994804663,311.0404,"N"
"2086",2012,"TANNER","EBS","E166",77.5,0.0586487105783439,0.0109318517070762,-2.79363508920006,0.203856382352422,20.6783330513572,331.901166948643,352.5795,"N"
"2087",2012,"TANNER","EBS","E166",82.5,0.133383507118606,0.0204170232919166,-1.8826913365983,0.176440000695948,71.1838299736928,462.494070026307,533.6779,"N"
"2088",2012,"TANNER","EBS","E166",87.5,0.246008127280062,0.0304852558760245,-1.12671744915909,0.163432020444757,174.86087941459,535.93222058541,710.7931,"N"
"2089",2012,"TANNER","EBS","E166",92.5,0.341183276515715,0.037608450595698,-0.662283999669352,0.166422021034004,233.327293238755,450.549406761245,683.8767,"N"
"2090",2012,"TANNER","EBS","E166",97.5,0.390400896300219,0.0339739879286572,-0.447880237734557,0.143353042916189,168.895079597042,263.724520402958,432.6196,"N"
"2091",2012,"TANNER","EBS","E166",102.5,0.463025318053293,0.0322695119249807,-0.148804956220538,0.130125199109792,135.036101824149,156.602598175851,291.6387,"N"
"2092",2012,"TANNER","EBS","E166",107.5,0.498117303491345,0.060380932543785,-0.0077917632579214,0.24345352330829,96.6474090568297,97.3779909431703,194.0254,"N"
"2093",2012,"TANNER","EBS","E166",112.5,0.557149716029512,0.0501252656627972,0.231683249316236,0.203557817133054,87.4585766737327,69.5164233262673,156.975,"N"
"2094",2012,"TANNER","EBS","E166",117.5,0.656570807959316,0.0612982502831364,0.658578904333616,0.268822016271205,85.4589280785806,44.7005719214194,130.1595,"N"
"2095",2012,"TANNER","EBS","E166",122.5,0.729809297617194,0.053352397013895,1.00824601983736,0.258672054099237,34.9600547837565,12.9429452162435,47.903,"N"
"2096",2012,"TANNER","EBS","E166",127.5,0.80510974379409,0.0517459280667737,1.45069027805513,0.326641677176596,21.3215603229501,5.16123967704987,26.4828,"N"
"2097",2012,"TANNER","EBS","E166",132.5,0.82262275252313,0.0436988403712328,1.55992243993722,0.282569992721093,16.7946661155122,3.62133388448777,20.416,"N"
"2098",2012,"TANNER","EBS","E166",137.5,0.952945036761971,0.00977028161671242,3.02750797096378,0.20278350341171,7.96090283710951,0.393097162890494,8.354,"N"
"2099",2012,"TANNER","EBS","E166",142.5,0.942167716067805,0.0173278005551048,2.84308405800949,0.358711736498042,6.92870138396264,0.425298616037364,7.354,"N"
"2100",2012,"TANNER","EBS","E166",147.5,0.987360948240488,0.00644849579566931,4.62362769292856,0.88505221074284,5.28633051687957,0.0676694831204268,5.354,"N"
"2101",2012,"TANNER","EBS","E166",152.5,0.996692922592596,0.00121471033489584,5.78104588004554,0.391980627870246,0.996692922592596,0.00330707740740388,1,"N"
"2102",2012,"TANNER","EBS","E166",157.5,0.999952271782191,2.43511315350715e-05,10.6767805553313,1.22691114077468,0.999952271782191,4.77282178087401e-05,1,"N"
"2103",2012,"TANNER","EBS","E166",162.5,0.998106133481493,0.000966258427809911,6.8619232223068,1.31833599728842,0.998106133481493,0.00189386651850743,1,"N"
"2104",2012,"TANNER","EBS","W166",7.5,0.00191490262682294,0.0022008489151547,-7.57886082617635,2.12333642418451,0.00191490262682294,0.998085097373177,1,"N"
"2105",2012,"TANNER","EBS","W166",12.5,0.000677573772394252,0.000723798712909691,-8.44088140020497,1.93303402262927,0.0189299882957734,27.9189700117042,27.9379,"N"
"2106",2012,"TANNER","EBS","W166",17.5,0.00175882178351112,0.00187807715238104,-7.34830311328545,1.76718778946144,0.225129188289423,127.774870811711,128,"N"
"2107",2012,"TANNER","EBS","W166",22.5,0.0011245781003284,0.00103355391880238,-7.43895371356433,1.34437191148139,0.170493687140868,151.436306312859,151.6068,"N"
"2108",2012,"TANNER","EBS","W166",27.5,0.00298625540864821,0.00254747478045676,-6.32775954676895,1.16984379792197,0.546638830561708,182.504961169438,183.0516,"N"
"2109",2012,"TANNER","EBS","W166",32.5,0.00281587602029364,0.0019056883047848,-6.1553006506697,0.8264749508298,0.803707615299813,284.6163923847,285.4201,"N"
"2110",2012,"TANNER","EBS","W166",37.5,0.00324001881977405,0.00169024918507142,-5.90335425715036,0.635720671297485,1.06312663921201,327.060473360788,328.1236,"N"
"2111",2012,"TANNER","EBS","W166",42.5,0.00597134569185698,0.00259047056288509,-5.21964272737493,0.474822563876255,4.11246637511647,684.587633624884,688.7001,"N"
"2112",2012,"TANNER","EBS","W166",47.5,0.00608729113278536,0.00203609128352857,-5.16152108393943,0.38385992708145,3.44472135217496,562.442678647825,565.8874,"N"
"2113",2012,"TANNER","EBS","W166",52.5,0.00979662932219216,0.00239294566679293,-4.65676789341439,0.313068743266319,7.39264816810048,747.2187518319,754.6114,"N"
"2114",2012,"TANNER","EBS","W166",57.5,0.0151273350512918,0.00456754514316153,-4.23458576515777,0.372893059254951,19.9078527831985,1296.1106472168,1316.0185,"N"
"2115",2012,"TANNER","EBS","W166",62.5,0.0186500171504413,0.00634478048892458,-4.02549955619707,0.371495799997328,22.4157223083606,1179.49857769164,1201.9143,"N"
"2116",2012,"TANNER","EBS","W166",67.5,0.0264173479751407,0.00779641502316396,-3.65213850502382,0.314772193681496,16.8042494014836,619.302350598516,636.1066,"N"
"2117",2012,"TANNER","EBS","W166",72.5,0.033617401905897,0.00819187909190269,-3.39048986980938,0.268367696196052,19.56017772326,562.28662227674,581.8468,"N"
"2118",2012,"TANNER","EBS","W166",77.5,0.0574074942585251,0.00931858434395197,-2.81257639919902,0.18233275846269,38.7286284068977,635.898071593102,674.6267,"N"
"2119",2012,"TANNER","EBS","W166",82.5,0.119024759717942,0.0109643666872469,-2.00592540083513,0.106106239795411,57.3412016070522,424.417398392948,481.7586,"N"
"2120",2012,"TANNER","EBS","W166",87.5,0.169013003572887,0.0199022224315292,-1.59905326329708,0.139568161130292,67.6670263858619,332.698773614138,400.3658,"N"
"2121",2012,"TANNER","EBS","W166",92.5,0.267561076566115,0.0293206065145867,-1.01212238017735,0.14893326322551,67.4026486031529,184.512351396847,251.915,"N"
"2122",2012,"TANNER","EBS","W166",97.5,0.320609800649301,0.0263347818219447,-0.753588027679947,0.121220886775719,77.0671579287168,163.309642071283,240.3768,"N"
"2123",2012,"TANNER","EBS","W166",102.5,0.382740157649868,0.0280642469561105,-0.479660789969456,0.119880001025749,71.90485758146,115.96374241854,187.8686,"N"
"2124",2012,"TANNER","EBS","W166",107.5,0.391597264354293,0.0308034140643445,-0.44248466754973,0.130299722332706,63.1147884085952,98.0579115914048,161.1727,"N"
"2125",2012,"TANNER","EBS","W166",112.5,0.571635350160153,0.0249131659797257,0.28927271742149,0.101975141302682,54.5736267350447,40.8956732649553,95.4693,"N"
"2126",2012,"TANNER","EBS","W166",117.5,0.740329085889552,0.0258749477486117,1.05189212456719,0.133330788101147,36.5592270510322,12.8231729489678,49.3824,"N"
"2127",2012,"TANNER","EBS","W166",122.5,0.840282699814333,0.0220713117180265,1.66995587197287,0.169627566495689,49.6233149788854,9.43218502111465,59.0555,"N"
"2128",2012,"TANNER","EBS","W166",127.5,0.885305537468703,0.0158758058609163,2.05309816666212,0.157351699303983,32.6000484589788,4.22345154102121,36.8235,"N"
"2129",2012,"TANNER","EBS","W166",132.5,0.92515633885194,0.0089264127446321,2.52248911403747,0.140268980693412,26.1128152109977,2.11248478900234,28.2253,"N"
"2130",2012,"TANNER","EBS","W166",137.5,0.967948206116219,0.0106355872724213,3.48034638152072,0.423625546370714,9.67948206116219,0.32051793883781,10,"N"
"2131",2012,"TANNER","EBS","W166",142.5,0.952807321870219,0.0240778970049901,3.31340642589789,0.874763821142326,4.7640366093511,0.235963390648902,5,"N"
"2132",2012,"TANNER","EBS","W166",147.5,0.99807457175895,0.00098236134747433,6.42244314933779,0.565650675045336,2.99422371527685,0.00577628472314906,3,"N"
"2133",2012,"TANNER","EBS","W166",152.5,0.999961562119839,1.96111633472234e-05,11.217317981268,1.63148160381618,1.99992312423968,7.68757603211156e-05,2,"N"
"2134",2012,"TANNER","EBS","W166",157.5,0.998600974418282,0.00071378856210091,7.2850839722214,1.32840448102423,2.99580292325485,0.00419707674515335,3,"N"
"2135",2012,"TANNER","EBS","W166",162.5,0.999994963438589,2.56967418947737e-06,12.8202990430519,1.22378552431027,2.99998489031577,1.51096842340159e-05,3,"N"
"2136",2013,"TANNER","EBS","ALL",7.5,8.52016734935995e-05,9.2004642755482e-05,-10.497685987179,1.85048976385879,0.000170403346987199,1.99982959665301,2,"Y"
"2137",2013,"TANNER","EBS","ALL",12.5,0.00409371893026176,0.0047713388306825,-6.89348756323104,2.2818980528243,0.0491246271631412,11.9508753728369,12,"Y"
"2138",2013,"TANNER","EBS","ALL",17.5,0.00349848011571756,0.00366195056418766,-6.91438707287942,2.04536859710158,0.556185220164674,158.422914779835,158.9791,"Y"
"2139",2013,"TANNER","EBS","ALL",22.5,0.00620147136256442,0.00731840427818147,-6.32838128891121,1.9593906679868,2.89126920321601,463.331830796784,466.2231,"Y"
"2140",2013,"TANNER","EBS","ALL",27.5,0.00368544757537397,0.00285879760785475,-6.2263260575438,1.39302441673788,1.70299778230659,460.384102217693,462.0871,"Y"
"2141",2013,"TANNER","EBS","ALL",32.5,0.00575892619620862,0.00423410160768632,-5.60728999758325,1.16015155195843,2.24967326410575,388.391426735894,390.6411,"Y"
"2142",2013,"TANNER","EBS","ALL",37.5,0.00751817948984914,0.00436396811235824,-5.19000114469397,0.952810273192412,2.29082612963653,302.414073870363,304.7049,"Y"
"2143",2013,"TANNER","EBS","ALL",42.5,0.0133964201555611,0.00583260638301535,-4.49235969582158,0.75400892230438,5.30253083671374,390.514469163286,395.817,"Y"
"2144",2013,"TANNER","EBS","ALL",47.5,0.0166778576164709,0.00735511364426447,-4.20745522517215,0.569805530364088,8.49332574290571,500.764274257094,509.2576,"Y"
"2145",2013,"TANNER","EBS","ALL",52.5,0.0355342098688743,0.0213692240179743,-3.46038317162922,0.57957622024297,16.3236875624585,443.055812437541,459.3795,"Y"
"2146",2013,"TANNER","EBS","ALL",57.5,0.0555192848202695,0.0383894792941659,-3.00914162109254,0.590531608542134,31.3998753579454,534.167124642055,565.567,"Y"
"2147",2013,"TANNER","EBS","ALL",62.5,0.0638594586330492,0.0316826630380002,-2.77777363414976,0.438070671926842,44.9562159328127,659.030584067187,703.9868,"Y"
"2148",2013,"TANNER","EBS","ALL",67.5,0.087142792817952,0.0582293762763205,-2.50249716666621,0.572868461508018,66.4026948416488,695.596005158351,761.9987,"Y"
"2149",2013,"TANNER","EBS","ALL",72.5,0.133131216611202,0.106869155554086,-2.08650778562803,0.735633074508143,108.750377701448,708.115722298552,816.8661,"Y"
"2150",2013,"TANNER","EBS","ALL",77.5,0.168013183640382,0.101210592432308,-1.7251803841039,0.612373116507002,156.545477393644,775.199722606356,931.7452,"Y"
"2151",2013,"TANNER","EBS","ALL",82.5,0.256940730365882,0.101649888317191,-1.11440030546214,0.48917430324724,260.477082720127,753.286217279873,1013.7633,"Y"
"2152",2013,"TANNER","EBS","ALL",87.5,0.348477197873501,0.0867730109830765,-0.642390364443725,0.369570432994204,280.243933773358,523.951966226642,804.1959,"Y"
"2153",2013,"TANNER","EBS","ALL",92.5,0.434248222246206,0.0722115753702999,-0.268292782146066,0.29368384803935,257.018886124262,334.852013875738,591.8709,"Y"
"2154",2013,"TANNER","EBS","ALL",97.5,0.454130766523123,0.0734826853336164,-0.186193613461724,0.298548194087382,245.999775201747,295.693924798253,541.6937,"Y"
"2155",2013,"TANNER","EBS","ALL",102.5,0.525419384974923,0.0563711403261553,0.103585008903659,0.228730020056265,385.62404410514,348.31165589486,733.9357,"Y"
"2156",2013,"TANNER","EBS","ALL",107.5,0.581845249165212,0.0556344679979004,0.334678960556198,0.230098242703706,467.908777949879,336.272022050121,804.1808,"Y"
"2157",2013,"TANNER","EBS","ALL",112.5,0.691662487542234,0.052357779520214,0.820088902622409,0.251535296580571,591.605070436902,263.732729563098,855.3378,"Y"
"2158",2013,"TANNER","EBS","ALL",117.5,0.790082012116219,0.0459499758391467,1.35124449103789,0.301411528176789,732.838990174375,194.709009825625,927.548,"Y"
"2159",2013,"TANNER","EBS","ALL",122.5,0.855335009630743,0.0359177101160001,1.81848324291748,0.356630594051083,548.403515568812,92.7528844311877,641.1564,"Y"
"2160",2013,"TANNER","EBS","ALL",127.5,0.893303124363187,0.0281498238348243,2.1651551004139,0.330854202710836,304.360791383966,36.3531086160336,340.7139,"Y"
"2161",2013,"TANNER","EBS","ALL",132.5,0.913903402996909,0.035477269668054,2.44801519767354,0.461874890662286,152.938718610303,14.4079813896973,167.3467,"Y"
"2162",2013,"TANNER","EBS","ALL",137.5,0.925611648272001,0.0379532406775504,2.67938052281816,0.632177701503495,105.825272308103,8.50482769189726,114.3301,"Y"
"2163",2013,"TANNER","EBS","ALL",142.5,0.960415703540047,0.0201960696224251,3.55702740077158,0.924533246305162,78.971717888706,3.25488211129399,82.2266,"Y"
"2164",2013,"TANNER","EBS","ALL",147.5,0.98531615786685,0.00749175619038288,4.67527081504016,1.02523001048444,40.9333832727257,0.610016727274321,41.5434,"Y"
"2165",2013,"TANNER","EBS","ALL",152.5,0.995105721108131,0.00249708106728004,6.06806935639928,1.31072030049732,22.887431585487,0.112568414512985,23,"Y"
"2166",2013,"TANNER","EBS","ALL",157.5,0.997371137436875,0.0013412564097576,7.05754736576987,1.58206782975265,4.98685568718438,0.0131443128156246,5,"Y"
"2167",2013,"TANNER","EBS","ALL",162.5,0.999308126529446,0.00035299666865011,8.41919835160772,1.7764898727672,11.9916975183533,0.00830248164665015,12,"Y"
"2168",2013,"TANNER","EBS","ALL",167.5,0.999836580456418,8.33773181540305e-05,10.4254597456737,2.21955427928078,2.99950974136925,0.00049025863074581,3,"Y"
"2169",2013,"TANNER","EBS","ALL",172.5,0.999906968252023,4.74651775390769e-05,11.1983791867472,2.37792956504643,0.999906968252023,9.30317479765908e-05,1,"Y"
"2170",2013,"TANNER","EBS","ALL",182.5,0.999998946106889,5.37700567008034e-07,13.5561602681879,0.520785906155126,0.999998946106889,1.05389311133575e-06,1,"Y"
"2171",2013,"TANNER","EBS","E166",17.5,0.000313936124389042,0.000392261324383036,-9.25113608788325,1.82070185569238,0.0107039660971688,34.0852960339028,34.096,"Y"
"2172",2013,"TANNER","EBS","E166",22.5,0.00111257050702373,0.00172823383798339,-8.32097841142534,1.95174524279447,0.0765679923497786,68.7442320076502,68.8208,"Y"
"2173",2013,"TANNER","EBS","E166",27.5,0.00212129812751284,0.003474899918499,-7.79373596129426,1.97883519812537,0.14041296565633,66.0515870343437,66.192,"Y"
"2174",2013,"TANNER","EBS","E166",32.5,0.00308843319261755,0.00464701802062163,-7.10350103592103,1.77056264336665,0.0919494506972482,29.6802505493028,29.7722,"Y"
"2175",2013,"TANNER","EBS","E166",37.5,0.00666397108655077,0.010548544710912,-6.3627249034919,1.72178178235977,0.206902974295228,30.8410970257048,31.048,"Y"
"2176",2013,"TANNER","EBS","E166",42.5,0.00347039767425203,0.00283448453654534,-6.05603503554104,0.965370224635511,0.161861776805487,46.4788382231945,46.6407,"Y"
"2177",2013,"TANNER","EBS","E166",47.5,0.00361703138538264,0.00271621817985609,-5.93038468377797,0.820211093278485,0.155794946050032,42.91680505395,43.0726,"Y"
"2178",2013,"TANNER","EBS","E166",52.5,0.0062105175612466,0.00302174029842375,-5.20281203420307,0.519525925201238,0.247702145568028,39.636597854432,39.8843,"Y"
"2179",2013,"TANNER","EBS","E166",57.5,0.0115522191153616,0.00358065388006417,-4.50238614985765,0.33954243856895,0.858819694361859,73.4835803056381,74.3424,"Y"
"2180",2013,"TANNER","EBS","E166",62.5,0.0186371260273583,0.00450066866987537,-3.99804628346048,0.279541093880214,1.67996172238169,88.4606382776183,90.1406,"Y"
"2181",2013,"TANNER","EBS","E166",67.5,0.0185122525672759,0.00301290184318817,-3.98296788784401,0.15839625259869,2.19926671234391,116.601333287656,118.8006,"Y"
"2182",2013,"TANNER","EBS","E166",72.5,0.0267281524394696,0.00518003047395214,-3.61377511274286,0.201234983607686,4.16157066201017,151.53832933799,155.6999,"Y"
"2183",2013,"TANNER","EBS","E166",77.5,0.0469571388910939,0.0152873968223114,-3.05392211374256,0.298927334140581,9.59499636673945,194.740203633261,204.3352,"Y"
"2184",2013,"TANNER","EBS","E166",82.5,0.108095837454359,0.0438266567165438,-2.18027786596019,0.416131406232568,31.2445180986602,257.80008190134,289.0446,"Y"
"2185",2013,"TANNER","EBS","E166",87.5,0.19375565827522,0.0643248976962978,-1.47530685017725,0.404306281991262,58.6679732895235,244.125626710476,302.7936,"Y"
"2186",2013,"TANNER","EBS","E166",92.5,0.287821944002238,0.0808780096692034,-0.939025437264935,0.399323158065644,81.3684724215974,201.335727578403,282.7042,"Y"
"2187",2013,"TANNER","EBS","E166",97.5,0.338101775337203,0.0847929107183214,-0.694217451321741,0.381409392028843,84.662172192247,165.742227807753,250.4044,"Y"
"2188",2013,"TANNER","EBS","E166",102.5,0.433229597215266,0.0902896373703511,-0.277398953713004,0.373890457806167,169.944143819545,222.328556180455,392.2727,"Y"
"2189",2013,"TANNER","EBS","E166",107.5,0.542232851641926,0.0856648285246365,0.173546805395598,0.349383838777249,289.407349712259,244.325250287741,533.7326,"Y"
"2190",2013,"TANNER","EBS","E166",112.5,0.655142669838665,0.084965934811983,0.664986167635793,0.38599704834695,423.117734974206,222.722865025794,645.8406,"Y"
"2191",2013,"TANNER","EBS","E166",117.5,0.772050913737163,0.0642075191503605,1.2608379300349,0.390636220167817,595.453145805295,175.808354194705,771.2615,"Y"
"2192",2013,"TANNER","EBS","E166",122.5,0.839050590325814,0.0481771842793173,1.70917355154552,0.429279777199629,449.741856262192,86.2709437378076,536.0128,"Y"
"2193",2013,"TANNER","EBS","E166",127.5,0.868632008316597,0.0483557493032949,1.97772825037612,0.514857782278306,198.69418638397,30.0496136160301,228.7438,"Y"
"2194",2013,"TANNER","EBS","E166",132.5,0.896248183629899,0.0529346001888268,2.30963776445244,0.637781325427518,83.7481190229287,9.69488097707131,93.443,"Y"
"2195",2013,"TANNER","EBS","E166",137.5,0.911184050804121,0.0453142597938157,2.54613412211684,0.747241827757501,71.920577195615,7.01032280438498,78.9309,"Y"
"2196",2013,"TANNER","EBS","E166",142.5,0.951967928342574,0.0245061590088908,3.45688030375756,1.04876910889677,49.0288234262563,2.47377657374375,51.5026,"Y"
"2197",2013,"TANNER","EBS","E166",147.5,0.981818168223054,0.00927644478415623,4.54345007490732,1.09878366852658,26.042432366666,0.482267633333965,26.5247,"Y"
"2198",2013,"TANNER","EBS","E166",152.5,0.994175416632814,0.00297172620774821,6.04995439140674,1.39076123410966,13.9184558328594,0.0815441671406116,14,"Y"
"2199",2013,"TANNER","EBS","E166",157.5,0.995302794032335,0.00239653365697216,6.75302151613649,1.79122709148965,1.99060558806467,0.00939441193533086,2,"Y"
"2200",2013,"TANNER","EBS","E166",162.5,0.998927667487903,0.000547108424539306,7.99883337078566,1.66715003111449,1.99785533497581,0.00214466502419408,2,"Y"
"2201",2013,"TANNER","EBS","E166",167.5,0.99997294414252,1.38040089181275e-05,11.6610021051468,1.54382582122806,0.99997294414252,2.70558574795299e-05,1,"Y"
"2202",2013,"TANNER","EBS","E166",182.5,0.999998946106889,5.37700567008034e-07,13.5561602681879,0.520785906155126,0.999998946106889,1.05389311133575e-06,1,"Y"
"2203",2013,"TANNER","EBS","W166",7.5,8.52016734935995e-05,9.2004642755482e-05,-10.497685987179,1.85048976385879,0.000170403346987199,1.99982959665301,2,"Y"
"2204",2013,"TANNER","EBS","W166",12.5,0.00409371893026176,0.0047713388306825,-6.89348756323104,2.2818980528243,0.0491246271631412,11.9508753728369,12,"Y"
"2205",2013,"TANNER","EBS","W166",17.5,0.00410769722710215,0.00431563645835001,-6.76101627201517,2.05591019516652,0.512981963581921,124.370118036418,124.8831,"Y"
"2206",2013,"TANNER","EBS","W166",22.5,0.00691846426660967,0.008299483815464,-6.22487191170647,1.96116105140482,2.7494136120185,394.652886387981,397.4023,"Y"
"2207",2013,"TANNER","EBS","W166",27.5,0.00394928001236259,0.00303448032674489,-6.13335132198855,1.367269621828,1.56350060542229,394.331599394578,395.8951,"Y"
"2208",2013,"TANNER","EBS","W166",32.5,0.00604893448619136,0.00424777945521943,-5.53858677476527,1.14345106009293,2.18287233420394,358.686027665796,360.8689,"Y"
"2209",2013,"TANNER","EBS","W166",37.5,0.00762882824675308,0.0038971587475134,-5.14441672150484,0.920334812202921,2.08768148863888,271.569218511361,273.6569,"Y"
"2210",2013,"TANNER","EBS","W166",42.5,0.0149473611682657,0.00655099729960967,-4.38689338902018,0.768478092871723,5.21926426749869,343.957035732501,349.1763,"Y"
"2211",2013,"TANNER","EBS","W166",47.5,0.0185436899351978,0.00835506155443107,-4.10138359930078,0.571800523206727,8.6447900924402,457.54020990756,466.185,"Y"
"2212",2013,"TANNER","EBS","W166",52.5,0.0392936576006214,0.0242424710949976,-3.36226209737866,0.591865507706889,16.4835007539042,403.011699246096,419.4952,"Y"
"2213",2013,"TANNER","EBS","W166",57.5,0.0636490441392902,0.0458506100567324,-2.87647855385098,0.616962638149944,31.2659762477052,459.958623752295,491.2246,"Y"
"2214",2013,"TANNER","EBS","W166",62.5,0.0736904005038516,0.039438925576403,-2.63802005205638,0.475962429918925,45.2345723257674,568.611627674233,613.8462,"Y"
"2215",2013,"TANNER","EBS","W166",67.5,0.105240572267617,0.073876400775066,-2.30744843427073,0.616869186041511,67.6905361254437,575.507563874556,643.1981,"Y"
"2216",2013,"TANNER","EBS","W166",72.5,0.160310260176808,0.134439041630597,-1.88172060837723,0.807688191634412,105.991725542111,555.174474457889,661.1662,"Y"
"2217",2013,"TANNER","EBS","W166",77.5,0.210904835859244,0.138238366681873,-1.45696859132212,0.717877599711049,153.414286652373,573.995713347627,727.41,"Y"
"2218",2013,"TANNER","EBS","W166",82.5,0.326021852913336,0.152950588096759,-0.77823310514228,0.667580646524691,236.274133414944,488.444566585056,724.7187,"Y"
"2219",2013,"TANNER","EBS","W166",87.5,0.444394912453121,0.147027850217213,-0.218551534056401,0.625095911709736,222.820631212294,278.581668787706,501.4023,"Y"
"2220",2013,"TANNER","EBS","W166",92.5,0.534295136340501,0.127537290663503,0.167308656775149,0.570523839180955,165.186264128443,143.980435871557,309.1667,"Y"
"2221",2013,"TANNER","EBS","W166",97.5,0.52334977843232,0.127029217266467,0.116331053446521,0.555201006156146,152.446190614706,138.843109385294,291.2893,"Y"
"2222",2013,"TANNER","EBS","W166",102.5,0.589477730146156,0.105329799018924,0.391134919730475,0.482815866735552,201.402729714926,140.260270285074,341.663,"Y"
"2223",2013,"TANNER","EBS","W166",107.5,0.62288512047312,0.108603200388114,0.539372323944212,0.509413568651587,168.458159638739,101.990040361261,270.4482,"Y"
"2224",2013,"TANNER","EBS","W166",112.5,0.75170734118982,0.0814358470765789,1.1717911142907,0.50621095912722,157.480583198712,52.0166168012881,209.4972,"Y"
"2225",2013,"TANNER","EBS","W166",117.5,0.832198446286277,0.0697932692995944,1.7114883752662,0.599019702737417,130.06138247552,26.2251175244797,156.2865,"Y"
"2226",2013,"TANNER","EBS","W166",122.5,0.896223062450727,0.0529474171169758,2.32975626809674,0.702014872944198,94.2321191890943,10.9114808109057,105.1436,"Y"
"2227",2013,"TANNER","EBS","W166",127.5,0.920096486951419,0.040767098494174,2.6818914545978,0.831917460391078,103.023295653599,8.94680434640094,111.9701,"Y"
"2228",2013,"TANNER","EBS","W166",132.5,0.930717897632155,0.0353480114121657,2.90173697074697,0.901003028415281,68.7834962912375,5.12020370876249,73.9037,"Y"
"2229",2013,"TANNER","EBS","W166",137.5,0.947908844358725,0.0265771202251403,3.30250020271262,0.985306944101232,33.5552147632234,1.84398523677662,35.3992,"Y"
"2230",2013,"TANNER","EBS","W166",142.5,0.975107486492173,0.0127002619937891,4.28342422921602,1.20336031433521,29.9592024149855,0.764797585014467,30.724,"Y"
"2231",2013,"TANNER","EBS","W166",147.5,0.990812998735671,0.00468724554302479,5.49206206534892,1.37372563789251,14.8807231841114,0.137976815888571,15.0187,"Y"
"2232",2013,"TANNER","EBS","W166",152.5,0.99655286140307,0.00175874418210732,6.76373131545824,1.63659089127854,8.96897575262763,0.0310242473723736,9,"Y"
"2233",2013,"TANNER","EBS","W166",157.5,0.998750033039902,0.00063773824494787,8.01404543453039,1.85969014756592,2.99625009911971,0.00374990088029348,3,"Y"
"2234",2013,"TANNER","EBS","W166",162.5,0.999384218337754,0.00031417431747226,8.93890801959957,2.06397853581196,9.99384218337754,0.00615781662245674,10,"Y"
"2235",2013,"TANNER","EBS","W166",167.5,0.999768398613367,0.00011816397277201,10.1838768088042,2.3119231809598,1.99953679722673,0.00046320277326628,2,"Y"
"2236",2013,"TANNER","EBS","W166",172.5,0.999906968252023,4.74651775390769e-05,11.1983791867472,2.37792956504643,0.999906968252023,9.30317479765908e-05,1,"Y"
"2237",2014,"TANNER","EBS","ALL",12.5,0.000203467233814946,0.000230526640388279,-9.64624808048344,2.02121012243228,0.000406934467629893,1.99959306553237,2,"N"
"2238",2014,"TANNER","EBS","ALL",17.5,0.000871077495721406,0.00071092742196972,-7.41669757052371,0.919657238033157,0.0428733019386632,49.1758266980613,49.2187,"N"
"2239",2014,"TANNER","EBS","ALL",22.5,0.00200390644847904,0.00125469489991925,-6.42961764176139,0.68658845351523,0.599555783993014,298.593944216007,299.1935,"N"
"2240",2014,"TANNER","EBS","ALL",27.5,0.00208090022650698,0.00121705559901064,-6.48627855471305,0.936605555544693,0.473882992402388,227.255917007598,227.7298,"N"
"2241",2014,"TANNER","EBS","ALL",32.5,0.00264749922620439,0.00148291718764498,-6.24605420646338,0.960437988446609,1.37645390969809,518.530746090302,519.9072,"N"
"2242",2014,"TANNER","EBS","ALL",37.5,0.00468376224611189,0.00255537349409783,-5.58523489123951,0.761900556017753,1.0832460126178,230.193653987382,231.2769,"N"
"2243",2014,"TANNER","EBS","ALL",42.5,0.00642715737513108,0.00288454374803508,-5.1773890743077,0.576770757577899,2.52220165613384,389.906598343866,392.4288,"N"
"2244",2014,"TANNER","EBS","ALL",47.5,0.00839302306978892,0.00327533997400216,-4.84448741168486,0.384382589298562,3.20577139476045,378.75092860524,381.9567,"N"
"2245",2014,"TANNER","EBS","ALL",52.5,0.0117177900614503,0.00295674616423875,-4.46508604920066,0.247530876770592,3.22669738296742,272.140702617033,275.3674,"N"
"2246",2014,"TANNER","EBS","ALL",57.5,0.0243759792926983,0.00271423546526041,-3.69584606517001,0.117170663239554,5.51616954683495,220.779130453165,226.2953,"N"
"2247",2014,"TANNER","EBS","ALL",62.5,0.0280813086876973,0.00522232356948187,-3.55992647208096,0.180088595850557,7.49891691588874,259.544083084111,267.043,"N"
"2248",2014,"TANNER","EBS","ALL",67.5,0.0400261970694675,0.00905043750815842,-3.20078137932708,0.223017094027167,6.90688454272995,165.65221545727,172.5591,"N"
"2249",2014,"TANNER","EBS","ALL",72.5,0.0545435164017955,0.0107826083976271,-2.87112785641666,0.202586412178603,13.1661557915482,228.221944208452,241.3881,"N"
"2250",2014,"TANNER","EBS","ALL",77.5,0.0757970658790953,0.00640874029787053,-2.50449992630245,0.0933960581184697,36.7439996117838,448.024100388216,484.7681,"N"
"2251",2014,"TANNER","EBS","ALL",82.5,0.147405722850979,0.012644842249794,-1.75873188267119,0.102253625150891,70.7839333015946,409.414066698405,480.198,"N"
"2252",2014,"TANNER","EBS","ALL",87.5,0.230683697844064,0.0246321966571765,-1.20943394833704,0.136735313372522,102.531291129658,341.935708870342,444.467,"N"
"2253",2014,"TANNER","EBS","ALL",92.5,0.318554763509389,0.02695078684044,-0.763211145437866,0.124487869316115,167.338027779583,357.965772220417,525.3038,"N"
"2254",2014,"TANNER","EBS","ALL",97.5,0.343495842367384,0.0301369672503336,-0.650653386433492,0.135244308013663,225.328463651211,430.657536348789,655.986,"N"
"2255",2014,"TANNER","EBS","ALL",102.5,0.392322388732755,0.0353611765098883,-0.440014301505742,0.149662183488621,336.281999455719,520.875300544281,857.1573,"N"
"2256",2014,"TANNER","EBS","ALL",107.5,0.460343445935818,0.0426575762108242,-0.160202006139539,0.172954675878553,402.161558490882,471.450441509118,873.612,"N"
"2257",2014,"TANNER","EBS","ALL",112.5,0.562532809287938,0.0483284829924579,0.254141867819235,0.198925481212312,395.06926710728,307.23513289272,702.3044,"N"
"2258",2014,"TANNER","EBS","ALL",117.5,0.697742064095509,0.0445401882160732,0.845634122159407,0.214538668442354,356.563847627027,154.461452372973,511.0253,"N"
"2259",2014,"TANNER","EBS","ALL",122.5,0.819221038818034,0.0330942188380771,1.52770236397288,0.230172653066776,321.658620993097,70.9809790069028,392.6396,"N"
"2260",2014,"TANNER","EBS","ALL",127.5,0.876133904972423,0.0228411525508964,1.97297716118026,0.211603006714109,261.27776189899,36.9389381010103,298.2167,"N"
"2261",2014,"TANNER","EBS","ALL",132.5,0.907985104714558,0.0134382771897801,2.30029609809211,0.166401535767402,226.901845727749,22.9941542722509,249.896,"N"
"2262",2014,"TANNER","EBS","ALL",137.5,0.94484461306431,0.0134242436442261,2.87081737655151,0.261587182764324,202.192400910542,11.8029990894577,213.9954,"N"
"2263",2014,"TANNER","EBS","ALL",142.5,0.974787489239336,0.0075962678246414,3.69805420122821,0.300312956846022,135.790041783516,3.51215821648412,139.3022,"N"
"2264",2014,"TANNER","EBS","ALL",147.5,0.990031293229859,0.00508607488272514,4.73861872994935,0.542338828486336,86.394882797445,0.86991720255503,87.2648,"N"
"2265",2014,"TANNER","EBS","ALL",152.5,0.99746001544279,0.0012959104883727,6.13549720584005,0.594650590288579,36.9968891787901,0.0942108212099484,37.0911,"N"
"2266",2014,"TANNER","EBS","ALL",157.5,0.998200523772571,0.000918100116035226,6.60945152396384,0.873494043674171,25.6798064946255,0.0462935053744609,25.7261,"N"
"2267",2014,"TANNER","EBS","ALL",162.5,0.999628006709323,0.000189792495243621,8.14006460843193,0.830858600473179,6.92002483924596,0.00257516075404407,6.9226,"N"
"2268",2014,"TANNER","EBS","ALL",167.5,0.991868545022381,0.00414870151919321,9.18461728947486,2.37693911638204,8.31572669461314,0.068173305386857,8.3839,"N"
"2269",2014,"TANNER","EBS","ALL",172.5,0.999978050470765,1.11987394054759e-05,11.5108028772585,1.47835055870496,2.61184267002459,5.73299754083045e-05,2.6119,"N"
"2270",2014,"TANNER","EBS","ALL",177.5,0.99996063277947,2.00853165968799e-05,10.7359303616057,1.5103833725943,0.99996063277947,3.93672205298845e-05,1,"N"
"2271",2014,"TANNER","EBS","E166",17.5,0.00168502356716079,0.00265175782638072,-7.79528726251614,1.70823278483663,0.00337004713432157,1.99662995286568,2,"N"
"2272",2014,"TANNER","EBS","E166",22.5,0.00152978732540244,0.00130002754584182,-7.13438752009379,1.38253965140021,0.00611914930160978,3.99388085069839,4,"N"
"2273",2014,"TANNER","EBS","E166",27.5,0.00490747894717965,0.00523331416787289,-6.03986918133758,1.36068744364595,0.0932420999964133,18.9067579000036,19,"N"
"2274",2014,"TANNER","EBS","E166",32.5,0.00559975172642965,0.00426873593605393,-5.67400393568144,1.18515963507138,0.412208364110766,73.1996916358892,73.6119,"N"
"2275",2014,"TANNER","EBS","E166",37.5,0.00771760882082633,0.00508932324625172,-5.20792274219188,0.975090261831604,0.565112644774423,72.6586873552256,73.2238,"N"
"2276",2014,"TANNER","EBS","E166",42.5,0.0078770685377418,0.00581129940377941,-5.09417593356763,0.742586185285235,0.780298470814434,98.2792015291856,99.0595,"N"
"2277",2014,"TANNER","EBS","E166",47.5,0.0124147687108258,0.0104341968564527,-4.66372504093268,0.738402796510298,1.14771557187094,91.2998844281291,92.4476,"N"
"2278",2014,"TANNER","EBS","E166",52.5,0.0134930746832302,0.0100077056039066,-4.50956996015357,0.635570985309236,0.836570630360275,61.1634293696397,62,"N"
"2279",2014,"TANNER","EBS","E166",57.5,0.0291764476821308,0.0159365077551163,-3.67719510080159,0.644095176964829,1.34211659337802,44.657883406622,46,"N"
"2280",2014,"TANNER","EBS","E166",62.5,0.0323532956505538,0.0164605294319986,-3.59234588958341,0.719366373691347,1.65001807817824,49.3499819218218,51,"N"
"2281",2014,"TANNER","EBS","E166",67.5,0.0353533551171952,0.0169019767509618,-3.48525331946264,0.692420861879012,1.13130736375025,30.8686926362498,32,"N"
"2282",2014,"TANNER","EBS","E166",72.5,0.0759167601546416,0.0258122472583661,-2.58870212368036,0.503508615223523,1.21466816247427,14.7853318375257,16,"N"
"2283",2014,"TANNER","EBS","E166",77.5,0.0812667891370738,0.0282779571774518,-2.51089047319521,0.487683457348332,2.68180404152343,30.3181959584766,33,"N"
"2284",2014,"TANNER","EBS","E166",82.5,0.166280954736927,0.0386236523682721,-1.64247823535193,0.30755140672396,10.7700506945017,54.0001493054983,64.7702,"N"
"2285",2014,"TANNER","EBS","E166",87.5,0.19214722396509,0.0145730930691839,-1.43880454656454,0.093792694570901,14.7953362453119,62.2046637546881,77,"N"
"2286",2014,"TANNER","EBS","E166",92.5,0.248817504091903,0.0234417667332837,-1.10849768164267,0.120666047532829,26.2406174442875,79.2206825557125,105.4613,"N"
"2287",2014,"TANNER","EBS","E166",97.5,0.298373752684853,0.0281329993464305,-0.858461712037978,0.132109697451218,43.7451427912564,102.866757208744,146.6119,"N"
"2288",2014,"TANNER","EBS","E166",102.5,0.355980748815429,0.0422643067237052,-0.597239666922899,0.181501818201055,83.6554759716257,151.344524028374,235,"N"
"2289",2014,"TANNER","EBS","E166",107.5,0.450660718877295,0.0495793831441605,-0.199282009476122,0.19985603913275,147.224142012501,179.460957987499,326.6851,"N"
"2290",2014,"TANNER","EBS","E166",112.5,0.556454792363198,0.0549689686127234,0.230534485254364,0.227855836054734,201.004714625645,160.219085374355,361.2238,"N"
"2291",2014,"TANNER","EBS","E166",117.5,0.700982584460495,0.0504975135448409,0.864727142100582,0.250293501416274,193.237415619179,82.4290843808211,275.6665,"N"
"2292",2014,"TANNER","EBS","E166",122.5,0.81442220006729,0.0375819997584456,1.49727242304372,0.242083071708573,161.2099065279,36.7339934721003,197.9439,"N"
"2293",2014,"TANNER","EBS","E166",127.5,0.889042338208426,0.0292731180090441,2.11431915659503,0.293290082707795,134.744857055078,16.8169429449222,151.5618,"N"
"2294",2014,"TANNER","EBS","E166",132.5,0.90806738842161,0.015217950775163,2.30453509792208,0.189484500974934,108.726359071795,11.0074409282047,119.7338,"N"
"2295",2014,"TANNER","EBS","E166",137.5,0.944934360534276,0.0169169331284522,2.88900942521404,0.323762038385222,115.51236698228,6.73143301772012,122.2438,"N"
"2296",2014,"TANNER","EBS","E166",142.5,0.974953960741218,0.00876545485559721,3.72331180414976,0.361947229905624,80.8484471760498,2.07695282395019,82.9254,"N"
"2297",2014,"TANNER","EBS","E166",147.5,0.989170046958109,0.00552548624586261,4.66662948251528,0.562581274113948,72.3740113237558,0.792388676244187,73.1664,"N"
"2298",2014,"TANNER","EBS","E166",152.5,0.997223942140277,0.00141635605087915,6.05012512994989,0.62260301045183,29.4357571569141,0.081942843085951,29.5177,"N"
"2299",2014,"TANNER","EBS","E166",157.5,0.997780813526687,0.00113223799658803,6.44320663605827,0.956214288264745,19.6823241057088,0.0437758942912119,19.7261,"N"
"2300",2014,"TANNER","EBS","E166",162.5,0.9995400902913,0.000234647810561407,7.97991079632685,0.936302562039368,5.91987613875925,0.00272386124074853,5.9226,"N"
"2301",2014,"TANNER","EBS","E166",167.5,0.999867225753579,6.77419624597489e-05,9.36482099996124,1.16307574591516,8.38278683399543,0.00111316600457023,8.3839,"N"
"2302",2014,"TANNER","EBS","E166",172.5,0.999978050470765,1.11987394054759e-05,11.5108028772589,1.47835055870544,2.61184267002459,5.73299754083045e-05,2.6119,"N"
"2303",2014,"TANNER","EBS","E166",177.5,0.99996063277947,2.00853165968799e-05,10.7359303616057,1.5103833725943,0.99996063277947,3.93672205298845e-05,1,"N"
"2304",2014,"TANNER","EBS","W166",12.5,0.000203467233814946,0.000230526640388279,-9.64624808048344,2.02121012243228,0.000406934467629893,1.99959306553237,2,"N"
"2305",2014,"TANNER","EBS","W166",17.5,0.000829336671545027,0.000619993675884367,-7.42565530817893,0.879186411370358,0.0391601994926832,47.1795398005073,47.2187,"N"
"2306",2014,"TANNER","EBS","W166",22.5,0.00201614178068747,0.00126502687790493,-6.42274292823575,0.683249667790872,0.595151948737366,294.598348051263,295.1935,"N"
"2307",2014,"TANNER","EBS","W166",27.5,0.00172988718276331,0.000934267981383736,-6.61642816736048,0.844086116184048,0.361079005680749,208.368720994319,208.7298,"N"
"2308",2014,"TANNER","EBS","W166",32.5,0.00196332642456489,0.00114594310281807,-6.51078369954832,0.87321944060292,0.876223355649116,445.419076644351,446.2953,"N"
"2309",2014,"TANNER","EBS","W166",37.5,0.00322751589024896,0.0014090581415098,-5.87189002420481,0.587316601808662,0.510118891753108,157.542981108247,158.0531,"N"
"2310",2014,"TANNER","EBS","W166",42.5,0.00580298037239284,0.00223406703471841,-5.24924019849878,0.509131534247517,1.70241628976263,291.666883710237,293.3693,"N"
"2311",2014,"TANNER","EBS","W166",47.5,0.00652726478270996,0.0018409345089882,-5.06171876151524,0.267729953698295,1.88970255270405,287.619397447296,289.5091,"N"
"2312",2014,"TANNER","EBS","W166",52.5,0.0108442373110507,0.00152957840142542,-4.52306991071547,0.14246367225657,2.31380672004188,211.053593279958,213.3674,"N"
"2313",2014,"TANNER","EBS","W166",57.5,0.0225659666212729,0.0040421554045719,-3.78774895701896,0.210780772202212,4.06853772177239,176.226762278228,180.2953,"N"
"2314",2014,"TANNER","EBS","W166",62.5,0.0262191605244009,0.00631636909336312,-3.64501241402161,0.257806425535608,5.66446609717313,210.378533902827,216.043,"N"
"2315",2014,"TANNER","EBS","W166",67.5,0.041304239312824,0.00846411315765096,-3.16315462691415,0.197016431538427,5.80568670399516,134.753413296005,140.5591,"N"
"2316",2014,"TANNER","EBS","W166",72.5,0.0524325787471934,0.0105397417617468,-2.91259691151068,0.198772193359003,11.8176793019303,213.57042069807,225.3881,"N"
"2317",2014,"TANNER","EBS","W166",77.5,0.0750603276443471,0.0047683138015534,-2.51339040596081,0.0678696480037536,33.9098616052642,417.858238394736,451.7681,"N"
"2318",2014,"TANNER","EBS","W166",82.5,0.143226207219091,0.0119801663017662,-1.79205083786648,0.096375641368712,59.500148167371,355.927651832629,415.4278,"N"
"2319",2014,"TANNER","EBS","W166",87.5,0.24175574444362,0.0277719360247948,-1.14873587537891,0.149031518095296,88.8372581434637,278.629741856536,367.467,"N"
"2320",2014,"TANNER","EBS","W166",92.5,0.344182590291787,0.0307663282204637,-0.647693417312307,0.137711740581498,144.502479164579,275.340020835421,419.8425,"N"
"2321",2014,"TANNER","EBS","W166",97.5,0.362426374245687,0.0399283865338226,-0.569217808713465,0.175601486810117,184.61060819766,324.76349180234,509.3741,"N"
"2322",2014,"TANNER","EBS","W166",102.5,0.413254460743961,0.0401012957630513,-0.353255743347119,0.168277673070822,257.109279509419,365.048020490581,622.1573,"N"
"2323",2014,"TANNER","EBS","W166",107.5,0.467921232329444,0.0488251245198228,-0.130463884957993,0.199274306991163,255.918709042123,291.008190957877,546.9269,"N"
"2324",2014,"TANNER","EBS","W166",112.5,0.570210304350768,0.0460974843179562,0.284864449683403,0.187903135955579,194.487672734143,146.592927265857,341.0806,"N"
"2325",2014,"TANNER","EBS","W166",117.5,0.693602260567034,0.0384125207229431,0.823103159085568,0.179590504998737,163.245395724344,72.1134042756555,235.3588,"N"
"2326",2014,"TANNER","EBS","W166",122.5,0.824151713798194,0.032479034136194,1.56308717761598,0.241134843770786,160.458794824139,34.236905175861,194.6957,"N"
"2327",2014,"TANNER","EBS","W166",127.5,0.862364909520688,0.0165690566235124,1.84234264499331,0.142819255415751,126.470039569265,20.1848604307345,146.6549,"N"
"2328",2014,"TANNER","EBS","W166",132.5,0.907908992285535,0.0133719868536318,2.29935263188871,0.166566860349873,118.175431835668,11.9867681643317,130.1622,"N"
"2329",2014,"TANNER","EBS","W166",137.5,0.944729995813512,0.0128275877912929,2.86330214399043,0.232674047188917,86.680488683883,5.07111131611701,91.7516,"N"
"2330",2014,"TANNER","EBS","W166",142.5,0.974561339274516,0.00795687726394715,3.68800275414886,0.29090180526466,54.9426497120115,1.43415028798848,56.3768,"N"
"2331",2014,"TANNER","EBS","W166",147.5,0.993608777743279,0.00326082768200026,5.16361685330595,0.47267636838665,14.0082939921359,0.0901060078641489,14.0984,"N"
"2332",2014,"TANNER","EBS","W166",152.5,0.998100785835324,0.00096898681871229,6.50268595398217,0.63264056348036,7.55901649144524,0.0143835085547579,7.5734,"N"
"2333",2014,"TANNER","EBS","W166",157.5,0.999179847679633,0.000418445061411863,7.32826941585027,0.692632755690381,5.9950790860778,0.00492091392220395,6,"N"
"2334",2014,"TANNER","EBS","W166",162.5,0.999891755963391,5.52265492902075e-05,9.29247458192832,0.606647568393998,0.999891755963391,0.000108244036608807,1,"N"
"2335",2015,"TANNER","EBS","ALL",7.5,4.7853075238386e-05,7.91677554084965e-05,-11.4396697139634,1.78703363152423,4.7853075238386e-05,0.999952146924762,1,"Y"
"2336",2015,"TANNER","EBS","ALL",12.5,0.000229993114799873,0.000242133751430211,-9.53705351451731,1.93480749508625,0.00137995868879924,5.9986200413112,6,"Y"
"2337",2015,"TANNER","EBS","ALL",17.5,0.00040577704209359,0.000436756393038364,-8.755070374372,1.67815578153321,0.0146079735153692,35.9853920264846,36,"Y"
"2338",2015,"TANNER","EBS","ALL",22.5,0.000742059403225483,0.000614916809921637,-7.93957950184909,1.55850176954107,0.135054811387038,181.864945188613,182,"Y"
"2339",2015,"TANNER","EBS","ALL",27.5,0.00129434568755438,0.00126700438871605,-7.50081826019434,1.56059552800702,0.191563161758049,147.808436838242,148,"Y"
"2340",2015,"TANNER","EBS","ALL",32.5,0.00168169093715787,0.00152443865027208,-7.10793682738134,1.43416919621784,0.363901101891591,216.026098898108,216.39,"Y"
"2341",2015,"TANNER","EBS","ALL",37.5,0.00328630676058077,0.00256919653136567,-6.2438068189442,1.18913415140366,0.447792159196735,135.812207840803,136.26,"Y"
"2342",2015,"TANNER","EBS","ALL",42.5,0.00429566945053577,0.00286366139637588,-5.84278683317643,1.02116018386691,0.717935235268043,166.412064764732,167.13,"Y"
"2343",2015,"TANNER","EBS","ALL",47.5,0.00602621503175417,0.00382597457394327,-5.41469607025634,0.876070339094311,1.24344920965216,205.096550790348,206.34,"Y"
"2344",2015,"TANNER","EBS","ALL",52.5,0.0108552995853277,0.00502157353231985,-4.64910760933854,0.560279387612949,2.55683663925887,232.981263360741,235.5381,"Y"
"2345",2015,"TANNER","EBS","ALL",57.5,0.0175208289979103,0.00737036820557366,-4.12379336233781,0.462208261994978,3.95605776484746,221.835642235153,225.7917,"Y"
"2346",2015,"TANNER","EBS","ALL",62.5,0.0200556472105378,0.00708065255094133,-3.95253951719567,0.367261380703259,3.97883985009859,194.411160149901,198.39,"Y"
"2347",2015,"TANNER","EBS","ALL",67.5,0.0332046594884042,0.0066661059735089,-3.39441418342801,0.231293261196556,5.36846625723216,156.309633742768,161.6781,"Y"
"2348",2015,"TANNER","EBS","ALL",72.5,0.0500235392124345,0.00708439085055568,-2.95413384600395,0.15187823100047,7.43740476538026,141.24069523462,148.6781,"Y"
"2349",2015,"TANNER","EBS","ALL",77.5,0.0748962331561102,0.0192803597437792,-2.54817737642534,0.287895500608308,10.9348500407921,135.065149959208,146,"Y"
"2350",2015,"TANNER","EBS","ALL",82.5,0.147743937455972,0.0252794864833714,-1.76689626729689,0.204338927712293,22.0138466809398,126.98615331906,149,"Y"
"2351",2015,"TANNER","EBS","ALL",87.5,0.275135813423303,0.0464801188796332,-0.98121739345409,0.236578336733048,35.492519931606,93.507480068394,129,"Y"
"2352",2015,"TANNER","EBS","ALL",92.5,0.374254273255346,0.0643720757127096,-0.52289941617321,0.274752197476877,62.0370619924979,103.724738007502,165.7618,"Y"
"2353",2015,"TANNER","EBS","ALL",97.5,0.438883412542107,0.0645463867538061,-0.250039498604248,0.26487680069444,96.3345579462624,123.164642053738,219.4992,"Y"
"2354",2015,"TANNER","EBS","ALL",102.5,0.450355736891215,0.0764957497277411,-0.203633780893297,0.312191219982486,102.07258733951,124.57621266049,226.6488,"Y"
"2355",2015,"TANNER","EBS","ALL",107.5,0.533046927342998,0.0597471307908859,0.13435486113492,0.241765720166822,136.538904345054,119.609095654946,256.148,"Y"
"2356",2015,"TANNER","EBS","ALL",112.5,0.63410360296107,0.0519479290468385,0.556606379474665,0.225254999964341,161.559832838995,93.2247671610049,254.7846,"Y"
"2357",2015,"TANNER","EBS","ALL",117.5,0.712547623369649,0.0540454589906436,0.922172499883288,0.262792102613811,205.468095032002,82.8889049679982,288.357,"Y"
"2358",2015,"TANNER","EBS","ALL",122.5,0.784336497274057,0.0465101262835172,1.31198773436081,0.272238525993707,220.864530047041,60.7295699529595,281.5941,"Y"
"2359",2015,"TANNER","EBS","ALL",127.5,0.816155458998759,0.0559603599578567,1.53313955165839,0.368237382742417,190.048164640441,42.8096353595589,232.8578,"Y"
"2360",2015,"TANNER","EBS","ALL",132.5,0.836137684297656,0.0572415505695593,1.68756742372792,0.415792250419928,189.107671396001,37.0604286039993,226.1681,"Y"
"2361",2015,"TANNER","EBS","ALL",137.5,0.876996433441125,0.0436034485412684,2.03649354490579,0.45192588185721,156.253752949058,21.9154470509415,178.1692,"Y"
"2362",2015,"TANNER","EBS","ALL",142.5,0.932912451027841,0.0342283413123258,2.90471382159522,0.834533445012583,94.8521942158439,6.82100578415607,101.6732,"Y"
"2363",2015,"TANNER","EBS","ALL",147.5,0.969002791137325,0.0158149024809568,3.87158218475688,1.08002882534264,71.6676402330748,2.29255976692524,73.9602,"Y"
"2364",2015,"TANNER","EBS","ALL",152.5,0.981681686481699,0.00934607832566374,4.52906087558895,1.30359719983591,48.1503087039036,0.898491296096438,49.0488,"Y"
"2365",2015,"TANNER","EBS","ALL",157.5,0.995378459520162,0.00235792881624409,6.12337354397155,1.46226636985799,18.9121907308831,0.0878092691169314,19,"Y"
"2366",2015,"TANNER","EBS","ALL",162.5,0.996864991681804,0.00159949403989604,6.56130229801747,1.6508206556122,7.97491993345443,0.0250800665455699,8,"Y"
"2367",2015,"TANNER","EBS","ALL",167.5,0.999988086929521,6.07809718315614e-06,11.8727955165362,0.956414831405585,0.999988086929521,1.1913070478986e-05,1,"Y"
"2368",2015,"TANNER","EBS","ALL",182.5,0.999999934688908,3.33219855336637e-08,13.815509557935,0,0.999999934688908,6.53110916459809e-08,1,"Y"
"2369",2015,"TANNER","EBS","E166",12.5,0.000160642398372978,0.000125205654409798,-9.8757178466989,2.17261302962624,0.000321284796745956,1.99967871520325,2,"Y"
"2370",2015,"TANNER","EBS","E166",17.5,0.000336304714716869,0.000293418369262175,-9.23451824937375,2.30761639480001,0.00100891414415061,2.99899108585585,3,"Y"
"2371",2015,"TANNER","EBS","E166",22.5,0.000543547042795813,0.000449459294397949,-8.49001635191267,1.86905234575069,0.0168499583266702,30.9831500416733,31,"Y"
"2372",2015,"TANNER","EBS","E166",27.5,0.000817263417332261,0.000670173195038408,-7.9570259207784,1.69493152862941,0.0114416878426517,13.9885583121573,14,"Y"
"2373",2015,"TANNER","EBS","E166",32.5,0.000728807198657628,0.000676138734330889,-8.04961564308864,1.5758394282466,0.0284234807476475,38.9715765192524,39,"Y"
"2374",2015,"TANNER","EBS","E166",37.5,0.00130418403075064,0.0010584579209241,-7.32292673548059,1.44729236462598,0.0456464410762722,34.9543535589237,35,"Y"
"2375",2015,"TANNER","EBS","E166",42.5,0.00267982857065569,0.00206431258309409,-6.38168702868887,1.10177933829504,0.195627485657865,72.8043725143421,73,"Y"
"2376",2015,"TANNER","EBS","E166",47.5,0.00412516364655769,0.00398219992752009,-6.01830304443554,1.1122000975283,0.330013091724615,79.6699869082754,80,"Y"
"2377",2015,"TANNER","EBS","E166",52.5,0.00644114371048518,0.00474564951194732,-5.33039564902223,0.81732873878214,0.470203490865418,72.5297965091346,73,"Y"
"2378",2015,"TANNER","EBS","E166",57.5,0.0113520598007018,0.00987421449496547,-4.78013270320712,0.77256682226795,0.635715348839299,55.3642846511607,56,"Y"
"2379",2015,"TANNER","EBS","E166",62.5,0.0182468362533194,0.0184393545664511,-4.33555811547579,0.766181671422985,0.693379777626138,37.3066202223739,38,"Y"
"2380",2015,"TANNER","EBS","E166",67.5,0.0206392409708712,0.0130421557181653,-4.04497439285023,0.616333072495684,0.309588614563068,14.6904113854369,15,"Y"
"2381",2015,"TANNER","EBS","E166",72.5,0.0369264353311756,0.0201522075938411,-3.4194111235004,0.593352380729587,0.553896529967633,14.4461034700324,15,"Y"
"2382",2015,"TANNER","EBS","E166",77.5,0.061133804186946,0.0453392188821506,-2.94320266224724,0.663463661164131,2.07854934235616,31.9214506576438,34,"Y"
"2383",2015,"TANNER","EBS","E166",82.5,0.0959294829701865,0.054553411516519,-2.37715785411786,0.563999247820318,3.83717931880746,36.1628206811925,40,"Y"
"2384",2015,"TANNER","EBS","E166",87.5,0.191968270025753,0.0911372442990348,-1.52402758843916,0.537219521749737,8.44660388113312,35.5533961188669,44,"Y"
"2385",2015,"TANNER","EBS","E166",92.5,0.214800172734843,0.116456235464769,-1.41260462782224,0.654867644028364,8.37720673665888,30.6227932633411,39,"Y"
"2386",2015,"TANNER","EBS","E166",97.5,0.236185857931209,0.0937905283900168,-1.22881614630578,0.472908887055034,12.5178504703541,40.4821495296459,53,"Y"
"2387",2015,"TANNER","EBS","E166",102.5,0.239227918059771,0.0865835674056996,-1.2068386084695,0.448670440608501,11.0044842307495,34.9955157692505,46,"Y"
"2388",2015,"TANNER","EBS","E166",107.5,0.372194022358085,0.0574989439818484,-0.532168170882831,0.257273700388551,25.6813875427079,43.3186124572921,69,"Y"
"2389",2015,"TANNER","EBS","E166",112.5,0.439403909068247,0.0875143719406825,-0.253756104021594,0.366994399839786,25.9248306350266,33.0751693649734,59,"Y"
"2390",2015,"TANNER","EBS","E166",117.5,0.531121647720785,0.113929120495752,0.129115099118043,0.466665396554569,41.4274885222213,36.5725114777787,78,"Y"
"2391",2015,"TANNER","EBS","E166",122.5,0.575914074913383,0.118110475578151,0.320109236038768,0.487908442624978,42.0417274686769,30.9582725313231,73,"Y"
"2392",2015,"TANNER","EBS","E166",127.5,0.673735701335537,0.126628980005857,0.779247971873853,0.577279686560744,55.246327509514,26.753672490486,82,"Y"
"2393",2015,"TANNER","EBS","E166",132.5,0.697731411215839,0.132378730755918,0.909961826817036,0.626643745012525,58.6094385421304,25.3905614578696,84,"Y"
"2394",2015,"TANNER","EBS","E166",137.5,0.787640294470838,0.0902459775720865,1.40178078290954,0.570106496420704,58.285381790842,15.714618209158,74,"Y"
"2395",2015,"TANNER","EBS","E166",142.5,0.874260115182615,0.0641530024578496,2.26513441283808,0.972332900795991,39.3417051832177,5.65829481678233,45,"Y"
"2396",2015,"TANNER","EBS","E166",147.5,0.948169069196047,0.0264443524509963,3.38634877790505,1.15110954599416,34.1340864910577,1.8659135089423,36,"Y"
"2397",2015,"TANNER","EBS","E166",152.5,0.973288747631734,0.0136281899838094,4.17002722706625,1.33853534226969,29.198662428952,0.801337571047991,30,"Y"
"2398",2015,"TANNER","EBS","E166",157.5,0.994611310629073,0.00274933131169731,5.97934757769593,1.47009251816087,15.9137809700652,0.0862190299348278,16,"Y"
"2399",2015,"TANNER","EBS","E166",162.5,0.995086475016295,0.00250690050189031,6.1434854417343,1.6866931507274,4.97543237508147,0.0245676249185252,5,"Y"
"2400",2015,"TANNER","EBS","W166",7.5,4.7853075238386e-05,7.91677554084965e-05,-11.4396697139634,1.78703363152423,4.7853075238386e-05,0.999952146924762,1,"Y"
"2401",2015,"TANNER","EBS","W166",12.5,0.00026466847301332,0.000320416761852665,-9.852317249818,2.14274623791598,0.00105867389205328,3.99894132610795,4,"Y"
"2402",2015,"TANNER","EBS","W166",17.5,0.000412092708218747,0.00046986591259585,-8.76895019162466,1.65896070446934,0.0135990593712186,32.9864009406288,33,"Y"
"2403",2015,"TANNER","EBS","W166",22.5,0.000782813596426276,0.000676378154745585,-7.89050619964275,1.53390091785859,0.118204853060368,150.88179514694,151,"Y"
"2404",2015,"TANNER","EBS","W166",27.5,0.00134419010384625,0.00136990995370585,-7.49314946059734,1.56049693562295,0.180121473915397,133.819878526085,134,"Y"
"2405",2015,"TANNER","EBS","W166",32.5,0.00189526832682171,0.00180341390140223,-7.01539358529694,1.43130098920901,0.336201648494904,177.053798351505,177.39,"Y"
"2406",2015,"TANNER","EBS","W166",37.5,0.00398705722062172,0.00322937173209327,-6.05254567062522,1.17504088676653,0.403729414160156,100.85627058584,101.26,"Y"
"2407",2015,"TANNER","EBS","W166",42.5,0.00556401766807604,0.00404770207854463,-5.59695936446662,1.01233499096445,0.523740983095998,93.606259016904,94.13,"Y"
"2408",2015,"TANNER","EBS","W166",47.5,0.00746097079416661,0.00489196251413405,-5.17040718999937,0.810376303521316,0.94261905013501,125.397380949865,126.34,"Y"
"2409",2015,"TANNER","EBS","W166",52.5,0.0139837789917694,0.0069119192023463,-4.39918675913941,0.568000682802562,2.27289686814212,160.265203131858,162.5381,"Y"
"2410",2015,"TANNER","EBS","W166",57.5,0.0201182055019981,0.00975828694263216,-3.99199838377175,0.462663350927978,3.4159043131336,166.375795686866,169.7917,"Y"
"2411",2015,"TANNER","EBS","W166",62.5,0.020493448588718,0.00712321291745672,-3.92092281429488,0.329815106084984,3.28694421914448,157.103055780855,160.39,"Y"
"2412",2015,"TANNER","EBS","W166",67.5,0.0348875280398595,0.00736740173641172,-3.34394783151694,0.231911791673866,5.11723632658332,141.560863673417,146.6781,"Y"
"2413",2015,"TANNER","EBS","W166",72.5,0.0520079488914131,0.00763709143903961,-2.91319262202283,0.150613128645661,6.95232379270121,126.725776207299,133.6781,"Y"
"2414",2015,"TANNER","EBS","W166",77.5,0.0790741133788922,0.0224573544577344,-2.49348032316046,0.30248454246448,8.85630069843592,103.143699301564,112,"Y"
"2415",2015,"TANNER","EBS","W166",82.5,0.166758416166352,0.0356066069830486,-1.62919216419716,0.248021248089786,18.1766673621324,90.8233326378676,109,"Y"
"2416",2015,"TANNER","EBS","W166",87.5,0.318187247652623,0.0621128567918203,-0.777565625622729,0.292265874554715,27.0459160504729,57.9540839495271,85,"Y"
"2417",2015,"TANNER","EBS","W166",92.5,0.424405159709374,0.0620729645527209,-0.310379477867603,0.258932232232794,53.7983619740478,72.9634380259522,126.7618,"Y"
"2418",2015,"TANNER","EBS","W166",97.5,0.504791206372644,0.0655960343364914,0.0186265883626874,0.264704980358622,84.0473320280801,82.4518679719199,166.4992,"Y"
"2419",2015,"TANNER","EBS","W166",102.5,0.505536871358524,0.0797096661923313,0.0228688994527522,0.322487661089427,91.3246291666717,89.3241708333283,180.6488,"Y"
"2420",2015,"TANNER","EBS","W166",107.5,0.595051678426568,0.0651389702450902,0.392304832622005,0.274064662726586,111.362731514175,75.7852684858247,187.148,"Y"
"2421",2015,"TANNER","EBS","W166",112.5,0.696534483068008,0.0484870536256034,0.842003627969188,0.236314205478228,136.370725153677,59.4138748463233,195.7846,"Y"
"2422",2015,"TANNER","EBS","W166",117.5,0.787421835542196,0.0375374258567395,1.32460577149308,0.230660897346579,165.63969505915,44.7173049408503,210.357,"Y"
"2423",2015,"TANNER","EBS","W166",122.5,0.865699261083304,0.0205729395140372,1.87511560638165,0.17986106690838,180.579758236337,28.0143417636632,208.5941,"Y"
"2424",2015,"TANNER","EBS","W166",127.5,0.903963129136986,0.0153349086503676,2.25554860847359,0.185913151894684,136.369888942722,14.4879110572785,150.8578,"Y"
"2425",2015,"TANNER","EBS","W166",132.5,0.934664183779627,0.015990486769003,2.69167215612942,0.271643796494188,132.879431146,9.28866885399955,142.1681,"Y"
"2426",2015,"TANNER","EBS","W166",137.5,0.956663352523068,0.0167962131631777,3.1638366951055,0.388740888612224,99.6548561016459,4.51434389835407,104.1692,"Y"
"2427",2015,"TANNER","EBS","W166",142.5,0.985699553288545,0.0058802266086578,4.33867954623152,0.49565190914771,55.8627479234324,0.810452076567607,56.6732,"Y"
"2428",2015,"TANNER","EBS","W166",147.5,0.994003257466858,0.00287525222685213,5.33826451145533,0.812884482998665,37.7325624540934,0.227637545906596,37.9602,"Y"
"2429",2015,"TANNER","EBS","W166",152.5,0.99846756418163,0.000781855009372411,6.76254389059899,0.87556801976774,19.019608936583,0.0291910634169668,19.0488,"Y"
"2430",2015,"TANNER","EBS","W166",157.5,0.999469920272632,0.000270448840493801,8.05004807519911,1.18922930796194,2.9984097608179,0.00159023918210366,3,"Y"
"2431",2015,"TANNER","EBS","W166",162.5,0.999829186124318,8.71499365722603e-05,9.02292751827894,1.01536384966322,2.99948755837296,0.00051244162704478,3,"Y"
"2432",2015,"TANNER","EBS","W166",167.5,0.999988086929521,6.07809718315614e-06,11.8727955165362,0.956414831405585,0.999988086929521,1.1913070478986e-05,1,"Y"
"2433",2015,"TANNER","EBS","W166",182.5,0.999999934688908,3.33219855336637e-08,13.815509557935,0,0.999999934688908,6.53110916459809e-08,1,"Y"
"2434",2016,"TANNER","EBS","ALL",7.5,0.00136949730405182,0.00100076128290377,-7.47989278471558,2.02342437522609,0.00136949730405182,0.998630502695948,1,"N"
"2435",2016,"TANNER","EBS","ALL",12.5,0.0028762925494905,0.00180237001036002,-6.15267411808385,0.883487775185876,0.005752585098981,1.99424741490102,2,"N"
"2436",2016,"TANNER","EBS","ALL",17.5,0.000928337547999192,0.000902265795876506,-7.89679476290389,1.74034070074536,0.025907320186274,27.8813126798137,27.90722,"N"
"2437",2016,"TANNER","EBS","ALL",22.5,0.00109291142207881,0.0007962130617523,-7.3918906655823,1.36263538022066,0.112927455233193,103.214252544767,103.32718,"N"
"2438",2016,"TANNER","EBS","ALL",27.5,0.00202870536977213,0.00136120261403255,-6.68389920444075,1.2160511553231,0.425044448992453,209.090075551008,209.51512,"N"
"2439",2016,"TANNER","EBS","ALL",32.5,0.0031776854673491,0.00202328370260732,-6.08103410039716,0.939876233951959,0.658068027400093,206.4322919726,207.09036,"N"
"2440",2016,"TANNER","EBS","ALL",37.5,0.004936647325164,0.00354181507564407,-5.64411165628889,0.910332871670333,0.967552614084042,195.026317385916,195.99387,"N"
"2441",2016,"TANNER","EBS","ALL",42.5,0.0074918812271077,0.00504341737469284,-5.13271990095809,0.745162481496418,2.26202969240561,299.668770307594,301.9308,"N"
"2442",2016,"TANNER","EBS","ALL",47.5,0.0120229343470365,0.00785652961212763,-4.63405938078564,0.693578915316737,2.46855236678448,202.851737633216,205.32029,"N"
"2443",2016,"TANNER","EBS","ALL",52.5,0.0220741696823796,0.0116527580919355,-3.92960643739625,0.537033180314848,3.47328384803558,153.872786151964,157.34607,"N"
"2444",2016,"TANNER","EBS","ALL",57.5,0.032651168646803,0.0126319463087877,-3.46462699932432,0.405837433081927,5.96675912504357,176.775830874956,182.74259,"N"
"2445",2016,"TANNER","EBS","ALL",62.5,0.0396259987364545,0.00990684556957681,-3.22106918348682,0.274326629003373,4.88479989183947,118.387800108161,123.2726,"N"
"2446",2016,"TANNER","EBS","ALL",67.5,0.0846346807671394,0.01459638064465,-2.39675861546979,0.198212413105449,6.5632146775642,70.9843653224358,77.54758,"N"
"2447",2016,"TANNER","EBS","ALL",72.5,0.0772763019740777,0.0245847064013175,-2.52276808650789,0.311111204957661,7.15103307022819,85.3874669297718,92.5385,"N"
"2448",2016,"TANNER","EBS","ALL",77.5,0.110267495248552,0.0232211976389059,-2.11171776688625,0.25112418122562,14.9378019523022,120.530968047698,135.46877,"N"
"2449",2016,"TANNER","EBS","ALL",82.5,0.18092105562776,0.0252666370147375,-1.51948099401034,0.172170768512612,30.9068886697348,139.923911330265,170.8308,"N"
"2450",2016,"TANNER","EBS","ALL",87.5,0.32084874153784,0.0237351240841357,-0.751865122832321,0.107373903479177,50.6472091194029,107.206640880597,157.85385,"N"
"2451",2016,"TANNER","EBS","ALL",92.5,0.45392848157906,0.0375359816047886,-0.186097301639672,0.152939088892897,71.7207000894914,86.2792999105086,158,"N"
"2452",2016,"TANNER","EBS","ALL",97.5,0.452320718270395,0.0283522586840396,-0.192019628538042,0.115204814032824,85.8748297983998,103.9790202016,189.85385,"N"
"2453",2016,"TANNER","EBS","ALL",102.5,0.491144151311481,0.0260133558426286,-0.0355282609812816,0.104234889304684,83.9856498742633,87.0143501257367,171,"N"
"2454",2016,"TANNER","EBS","ALL",107.5,0.55037106785903,0.00837167458167237,0.202223978923774,0.0337804977939185,80.3541759074184,65.6458240925816,146,"N"
"2455",2016,"TANNER","EBS","ALL",112.5,0.651004071793644,0.019547589480648,0.624564434727499,0.0860939717100816,96.3486026254593,51.6513973745407,148,"N"
"2456",2016,"TANNER","EBS","ALL",117.5,0.808499173091925,0.0155992256566505,1.44342228617014,0.101254449172664,101.870895809583,24.1291041904175,126,"N"
"2457",2016,"TANNER","EBS","ALL",122.5,0.892054920646975,0.0121409213795077,2.1181780578713,0.127313975186371,127.563853652517,15.4361463474826,143,"N"
"2458",2016,"TANNER","EBS","ALL",127.5,0.923111269861077,0.0107468658076279,2.49499376413101,0.151150075008699,103.388462224441,8.61153777555934,112,"N"
"2459",2016,"TANNER","EBS","ALL",132.5,0.962245837109851,0.00913399862228311,3.27068915483575,0.272632818983087,93.3378461996556,3.66215380034441,97,"N"
"2460",2016,"TANNER","EBS","ALL",137.5,0.979111880815073,0.00461387024850661,3.87203182270268,0.228069136456141,96.9320762006923,2.06792379930774,99,"N"
"2461",2016,"TANNER","EBS","ALL",142.5,0.990113419017974,0.00445038481842549,4.69116003437375,0.398886811511018,65.3474856551863,0.65251434481371,66,"N"
"2462",2016,"TANNER","EBS","ALL",147.5,0.99584503985486,0.00211987762507163,5.6459595278164,0.57138012439534,30.8711962355006,0.128803764499352,31,"N"
"2463",2016,"TANNER","EBS","ALL",152.5,0.998690852844531,0.000667932222177967,6.97235898396364,0.744832164581614,29.9607255853359,0.0392744146640638,30,"N"
"2464",2016,"TANNER","EBS","ALL",157.5,0.999621226548502,0.000193251760968511,8.56920626015622,1.13286350017892,10.9958334920335,0.00416650796648099,11,"N"
"2465",2016,"TANNER","EBS","ALL",162.5,0.999207976100782,0.000404093826131722,8.01997037244915,1.3621460454979,8.99287178490704,0.00712821509296369,9,"N"
"2466",2016,"TANNER","EBS","ALL",167.5,0.999942132780338,2.95240916643141e-05,10.5040676577918,1.49380102747285,0.999942132780338,5.78672196620555e-05,1,"N"
"2467",2016,"TANNER","EBS","E166",12.5,0.00188414926791752,0.00205784731790327,-7.61530850209149,2.09552049382472,0.00188414926791752,0.998115850732083,1,"N"
"2468",2016,"TANNER","EBS","E166",17.5,0.00118561649681336,0.00126186388116152,-7.84046118158337,2.12482123536613,0.00474246598725346,3.99525753401275,4,"N"
"2469",2016,"TANNER","EBS","E166",22.5,0.000367653408744982,0.000318562020158483,-8.45194371682616,1.17288734051717,0.000367653408744982,0.999632346591255,1,"N"
"2470",2016,"TANNER","EBS","E166",27.5,0.00298843791321723,0.00514177877818144,-7.14421149383662,1.48345749151843,0.0209190653925206,6.97908093460748,7,"N"
"2471",2016,"TANNER","EBS","E166",32.5,0.00161376389069876,0.0018059613200103,-7.07491145482363,1.21976628728257,0.0225926944697826,13.9774073055302,14,"N"
"2472",2016,"TANNER","EBS","E166",37.5,0.00260971112076037,0.0029098838429817,-6.61326447461663,1.23842755518249,0.0313165334491244,11.9686834665509,12,"N"
"2473",2016,"TANNER","EBS","E166",42.5,0.00493979808862659,0.00390500727756603,-5.83311787007169,1.22341818154104,0.0493979808862659,9.95060201911373,10,"N"
"2474",2016,"TANNER","EBS","E166",47.5,0.00854918873704085,0.00805060778252237,-5.28240169514024,1.08812566899329,0.0341967549481634,3.96580324505184,4,"N"
"2475",2016,"TANNER","EBS","E166",52.5,0.0107373174258934,0.0083575034693576,-4.90295477177105,0.943725661847464,0.0644239045553607,5.93557609544464,6,"N"
"2476",2016,"TANNER","EBS","E166",57.5,0.018952550548641,0.0117874267342868,-4.15958814639772,0.685357344040225,0.0947627527432049,4.9052372472568,5,"N"
"2477",2016,"TANNER","EBS","E166",62.5,0.0338185299631921,0.0447651553245772,-4.18487973479346,1.31746487701399,0.0338185299631921,0.966181470036808,1,"N"
"2478",2016,"TANNER","EBS","E166",67.5,0.059296039603617,0.042074860939305,-3.02583816295266,0.769978545447959,0.355776237621702,5.6442237623783,6,"N"
"2479",2016,"TANNER","EBS","E166",72.5,0.0263975005512256,0.0137361837059217,-3.72992175594249,0.496626247080831,0.0527950011024511,1.94720499889755,2,"N"
"2480",2016,"TANNER","EBS","E166",77.5,0.06457962950161,0.0298411876778344,-2.75962010192025,0.43216848518508,0.6457962950161,9.3542037049839,10,"N"
"2481",2016,"TANNER","EBS","E166",82.5,0.128876834854037,0.0343815224521178,-1.93949787830604,0.27263259142711,2.70641353193478,18.2935864680652,21,"N"
"2482",2016,"TANNER","EBS","E166",87.5,0.163992885125205,0.0290733954406703,-1.64261802284024,0.202612618014401,4.42780789838053,22.5721921016195,27,"N"
"2483",2016,"TANNER","EBS","E166",92.5,0.195124056658833,0.0201554344815036,-1.42256364055836,0.135538296504511,7.41471415303567,30.5852858469643,38,"N"
"2484",2016,"TANNER","EBS","E166",97.5,0.226754103249409,0.0307688231434741,-1.23552967271839,0.180161879489174,13.1517379884657,44.8482620115343,58,"N"
"2485",2016,"TANNER","EBS","E166",102.5,0.263234500914194,0.0335415428358041,-1.03639302917215,0.174657384025547,13.6881940475381,38.3118059524619,52,"N"
"2486",2016,"TANNER","EBS","E166",107.5,0.356697082727134,0.0331774355830001,-0.59272609853533,0.14519771199368,20.3317337154466,36.6682662845534,57,"N"
"2487",2016,"TANNER","EBS","E166",112.5,0.493107142336068,0.0515468773062074,-0.0273191664895906,0.207853201641868,29.093321397828,29.906678602172,59,"N"
"2488",2016,"TANNER","EBS","E166",117.5,0.628257818429821,0.0535179177642817,0.531852525129214,0.23339275109882,26.3868283740525,15.6131716259475,42,"N"
"2489",2016,"TANNER","EBS","E166",122.5,0.788192959535147,0.040124561953452,1.33218436782429,0.25273190080249,27.5867535837301,7.41324641626986,35,"N"
"2490",2016,"TANNER","EBS","E166",127.5,0.861173005641691,0.025680469232539,1.84388168618378,0.233002224056904,23.2516711523257,3.74832884767434,27,"N"
"2491",2016,"TANNER","EBS","E166",132.5,0.94634563745545,0.0107336368490926,2.88844567911686,0.200731462543336,20.8196040240199,1.18039597598011,22,"N"
"2492",2016,"TANNER","EBS","E166",137.5,0.969972598455841,0.00316681616689079,3.48087961674072,0.111736061237742,25.2192875598519,0.78071244014814,26,"N"
"2493",2016,"TANNER","EBS","E166",142.5,0.985297051693606,0.00559889549577421,4.27063142753701,0.362362683572656,17.7353469304849,0.264653069515084,18,"N"
"2494",2016,"TANNER","EBS","E166",147.5,0.990640264961355,0.00477537501971676,4.89264226733975,0.713986286308363,5.94384158976813,0.0561584102318688,6,"N"
"2495",2016,"TANNER","EBS","E166",152.5,0.996868841456854,0.00159752986895184,6.11591802872557,0.772167843264825,5.98121304874113,0.0187869512588739,6,"N"
"2496",2016,"TANNER","EBS","E166",157.5,0.999674068080792,0.000166291795514308,8.71686152998979,1.27311159936893,1.99934813616158,0.000651863838416089,2,"N"
"2497",2016,"TANNER","EBS","E166",162.5,0.99865096615734,0.000688282572785854,7.42973627306202,1.33509107294029,3.99460386462936,0.0053961353706411,4,"N"
"2498",2016,"TANNER","EBS","E166",167.5,0.999942132780338,2.95240916643141e-05,10.5040676577918,1.49380102747285,0.999942132780338,5.78672196620555e-05,1,"N"
"2499",2016,"TANNER","EBS","W166",7.5,0.00136949730405182,0.00100076128290377,-7.47989278471558,2.02342437522609,0.00136949730405182,0.998630502695948,1,"N"
"2500",2016,"TANNER","EBS","W166",12.5,0.00386843583106348,0.00233579684317066,-5.77815884286388,0.72303943179595,0.00386843583106348,0.996131564168937,1,"N"
"2501",2016,"TANNER","EBS","W166",17.5,0.000883593382988031,0.000851627795366178,-7.96094443326486,1.72551202974034,0.0211242613976391,23.8860957386024,23.90722,"N"
"2502",2016,"TANNER","EBS","W166",22.5,0.0011003120140516,0.000801182333840255,-7.3856113711347,1.36395805916218,0.112591825518021,102.214588174482,102.32718,"N"
"2503",2016,"TANNER","EBS","W166",27.5,0.00199477543136751,0.00138132665615393,-6.70998566401686,1.22518691263803,0.403972185856443,202.111147814144,202.51512,"N"
"2504",2016,"TANNER","EBS","W166",32.5,0.00332078940246743,0.00220041958864249,-6.07336755761632,1.005952958947,0.641212421206621,192.449147578793,193.09036,"N"
"2505",2016,"TANNER","EBS","W166",37.5,0.00513055867553097,0.00387939693031513,-5.65204921359285,0.986940832056217,0.943991345973018,183.049878654027,183.99387,"N"
"2506",2016,"TANNER","EBS","W166",42.5,0.00760381469809372,0.00532958831688648,-5.14802249442072,0.801895729998077,2.21978770786626,289.711012292134,291.9308,"N"
"2507",2016,"TANNER","EBS","W166",47.5,0.012120102056407,0.00817435363364906,-4.64380103637449,0.723574171021919,2.44002246082545,198.880267539175,201.32029,"N"
"2508",2016,"TANNER","EBS","W166",52.5,0.0227754182755643,0.012668364168491,-3.91671794122133,0.577163074590269,3.44697004861284,147.899099951387,151.34607,"N"
"2509",2016,"TANNER","EBS","W166",57.5,0.0331740166658168,0.0133170563871248,-3.45430920593457,0.422431632655063,5.89643564288544,171.846154357115,177.74259,"N"
"2510",2016,"TANNER","EBS","W166",62.5,0.0396968215263724,0.0101601808334968,-3.22050916128432,0.279133797871206,4.85383357976552,117.418766420234,122.2726,"N"
"2511",2016,"TANNER","EBS","W166",67.5,0.0871270061274858,0.0172800511047491,-2.3697743547201,0.226117712010714,6.23372644106678,65.3138535589332,71.54758,"N"
"2512",2016,"TANNER","EBS","W166",72.5,0.0785172483502448,0.0248948971943653,-2.50521323125297,0.310642845296312,7.10883388975864,83.4296661102414,90.5385,"N"
"2513",2016,"TANNER","EBS","W166",77.5,0.11401240227699,0.0244072837129995,-2.07436788946907,0.252945971326145,14.3049958784392,111.163774121561,125.46877,"N"
"2514",2016,"TANNER","EBS","W166",82.5,0.188563913223901,0.0259231308339101,-1.46857053334312,0.172858937468181,28.2526819694677,121.578118030532,149.8308,"N"
"2515",2016,"TANNER","EBS","W166",87.5,0.353426496331233,0.0242831367469023,-0.60559178983812,0.105585806708648,46.2472177369527,84.6066322630472,130.85385,"N"
"2516",2016,"TANNER","EBS","W166",92.5,0.535883216137131,0.0516582199460125,0.144863595571315,0.208302529285458,64.3059859364558,55.6940140635442,120,"N"
"2517",2016,"TANNER","EBS","W166",97.5,0.552189906600297,0.0503742608588322,0.211189487852547,0.203686785732786,72.8083651163895,59.0454848836105,131.85385,"N"
"2518",2016,"TANNER","EBS","W166",102.5,0.590734922913657,0.0467280420192267,0.370234688138013,0.193428220581692,70.2974558267251,48.7025441732749,119,"N"
"2519",2016,"TANNER","EBS","W166",107.5,0.674409462831143,0.0338444469539274,0.732130629635562,0.152726395624709,60.0224421919717,28.9775578080283,89,"N"
"2520",2016,"TANNER","EBS","W166",112.5,0.755677317164397,0.0222168742504265,1.13309014585388,0.124632595420912,67.2552812276313,21.7447187723687,89,"N"
"2521",2016,"TANNER","EBS","W166",117.5,0.898619850422977,0.0152744245358131,2.1942307896038,0.178733886861689,75.4840674355301,8.51593256446992,84,"N"
"2522",2016,"TANNER","EBS","W166",122.5,0.925713889525808,0.0151886168103704,2.54294103507557,0.21863291762554,99.9771000687873,8.02289993121269,108,"N"
"2523",2016,"TANNER","EBS","W166",127.5,0.942785777319,0.0132952572366972,2.8294439108124,0.250993367919065,80.136791072115,4.863208927885,85,"N"
"2524",2016,"TANNER","EBS","W166",132.5,0.966909895675143,0.00999497529462478,3.42739750309496,0.347782402381495,72.5182421756357,2.48175782436431,75,"N"
"2525",2016,"TANNER","EBS","W166",137.5,0.982366967682745,0.00616434276622889,4.07990613471896,0.351067752104746,71.7127886408404,1.2872113591596,73,"N"
"2526",2016,"TANNER","EBS","W166",142.5,0.991919556764612,0.00408532059748613,4.91582810556718,0.443769027464793,47.6121387247014,0.387861275298626,48,"N"
"2527",2016,"TANNER","EBS","W166",147.5,0.997094185829301,0.00148255825035681,6.06242950717957,0.649319803286164,24.9273546457325,0.0726453542674825,25,"N"
"2528",2016,"TANNER","EBS","W166",152.5,0.99914635569145,0.000435532810484442,7.44765023895688,0.846954675262744,23.9795125365948,0.020487463405189,24,"N"
"2529",2016,"TANNER","EBS","W166",157.5,0.99960948398577,0.000199242864402842,8.60445547772655,1.18259516925047,8.99648535587193,0.00351464412806557,9,"N"
"2530",2016,"TANNER","EBS","W166",162.5,0.999653584055536,0.000176742828808359,9.08378996742313,1.4689485066909,4.99826792027768,0.0017320797223217,5,"N"
"2531",2017,"TANNER","EBS","ALL",12.5,0.0019191932372842,0.00165316377755412,-7.08345679021803,1.76560734668789,0.0368096848766664,19.1429603151233,19.17977,"N"
"2532",2017,"TANNER","EBS","ALL",17.5,0.00274137237884195,0.00204551064473507,-6.538761378743,1.50471497585615,0.312629011937857,113.728430988062,114.04106,"N"
"2533",2017,"TANNER","EBS","ALL",22.5,0.00236187711986258,0.00161223923674902,-6.5772245889345,1.35264753131138,1.4309362382937,604.416093761706,605.84703,"N"
"2534",2017,"TANNER","EBS","ALL",27.5,0.0035971886829439,0.00231774279314416,-6.05385314242365,1.16744225477937,2.30342362137686,638.036526378623,640.33995,"N"
"2535",2017,"TANNER","EBS","ALL",32.5,0.00326126214657568,0.00202523623939343,-6.09008290128056,1.065785288587,2.61068333176892,797.902496668231,800.51318,"N"
"2536",2017,"TANNER","EBS","ALL",37.5,0.00423292370415918,0.00208375741259309,-5.69550403540853,0.826930708953435,1.02093514323329,240.168184856767,241.18912,"N"
"2537",2017,"TANNER","EBS","ALL",42.5,0.00743366670841289,0.00380206271296606,-5.09814088846745,0.733141505507354,1.42999283272727,190.937097167273,192.36709,"N"
"2538",2017,"TANNER","EBS","ALL",47.5,0.00874615387542711,0.00350905357578049,-4.84410111190642,0.531401082561418,1.5937376282573,180.627802371743,182.22154,"N"
"2539",2017,"TANNER","EBS","ALL",52.5,0.0254957151967445,0.00586020012480739,-3.67646462335957,0.279665821399326,2.0526345347747,78.4563654652253,80.509,"N"
"2540",2017,"TANNER","EBS","ALL",57.5,0.0332238964668013,0.00579950020918773,-3.38629677673004,0.18478513950783,2.6331433025281,76.6213566974719,79.2545,"N"
"2541",2017,"TANNER","EBS","ALL",62.5,0.0376808818127539,0.00652292856782106,-3.2548297090042,0.178003692617032,2.7603506780751,70.4956493219249,73.256,"N"
"2542",2017,"TANNER","EBS","ALL",67.5,0.0871019027047045,0.0148842857434341,-2.36309802083908,0.180293374724066,4.96042026030989,51.9891997396901,56.94962,"N"
"2543",2017,"TANNER","EBS","ALL",72.5,0.0488627915128067,0.00433841157088541,-2.97246606045136,0.0920348592943365,3.81129773799892,74.1887022620011,78,"N"
"2544",2017,"TANNER","EBS","ALL",77.5,0.103333805081529,0.0100383547352392,-2.16536798469801,0.108788062041093,7.95670299127771,69.0432970087223,77,"N"
"2545",2017,"TANNER","EBS","ALL",82.5,0.178660481038755,0.0121149666363783,-1.52764844548309,0.0831300837236611,13.3995360779066,61.6004639220934,75,"N"
"2546",2017,"TANNER","EBS","ALL",87.5,0.28589583216142,0.0213348312147186,-0.917785822736618,0.105592897301607,20.570096483598,51.379523516402,71.94962,"N"
"2547",2017,"TANNER","EBS","ALL",92.5,0.334046790219517,0.0205031737617209,-0.691421485233181,0.0936423743517668,23.3832753153662,46.6167246846338,70,"N"
"2548",2017,"TANNER","EBS","ALL",97.5,0.472726394633256,0.017841556598538,-0.109357844182863,0.0717121104703935,36.872658781394,41.127341218606,78,"N"
"2549",2017,"TANNER","EBS","ALL",102.5,0.504510905952232,0.0140285407192477,0.0180687374484073,0.0561673132577958,33.2977197928473,32.7022802071527,66,"N"
"2550",2017,"TANNER","EBS","ALL",107.5,0.559396463281427,0.0185732057310275,0.239042887132758,0.0753616269503598,28.5292196273528,22.4707803726472,51,"N"
"2551",2017,"TANNER","EBS","ALL",112.5,0.543236919736625,0.0222841396195459,0.173746874319016,0.090011385982407,25.5321352276214,21.4678647723786,47,"N"
"2552",2017,"TANNER","EBS","ALL",117.5,0.699087742918051,0.0100028868116371,0.843416835419555,0.0479973447307008,32.1580361742304,13.8419638257696,46,"N"
"2553",2017,"TANNER","EBS","ALL",122.5,0.736496005230107,0.0150258400043663,1.02928712157592,0.0784533552507101,25.7773601830538,9.22263981694624,35,"N"
"2554",2017,"TANNER","EBS","ALL",127.5,0.776863759615684,0.011398537047542,1.24867881779438,0.0660022775064941,29.520822865396,8.47917713460402,38,"N"
"2555",2017,"TANNER","EBS","ALL",132.5,0.781503030567953,0.0205358036814697,1.27890476348542,0.126371444199819,26.5711030393104,7.42889696068958,34,"N"
"2556",2017,"TANNER","EBS","ALL",137.5,0.820890649138782,0.0268511984441282,1.5334740923216,0.187126616700233,13.1342503862205,2.86574961377949,16,"N"
"2557",2017,"TANNER","EBS","ALL",142.5,0.940423921732604,0.0116056941504508,2.77745907452335,0.204483211804749,10.3446631390586,0.655336860941356,11,"N"
"2558",2017,"TANNER","EBS","ALL",147.5,0.965482139235834,0.0142491231844111,3.42720915274514,0.470872837167195,10.6203035315942,0.379696468405822,11,"N"
"2559",2017,"TANNER","EBS","ALL",152.5,0.995223658426644,0.00243690896599776,5.53807565571224,0.666506714065591,3.98089463370658,0.0191053662934224,4,"N"
"2560",2017,"TANNER","EBS","ALL",157.5,0.995071061562257,0.00251476450905261,5.60305120785133,0.811264878056771,3.98028424624903,0.0197157537509725,4,"N"
"2561",2017,"TANNER","EBS","ALL",162.5,0.999780562722585,0.000111957794599389,8.78705700429518,0.925326883150592,2.99934168816776,0.000658311832244518,3,"N"
"2562",2017,"TANNER","EBS","ALL",167.5,0.999933779359339,3.37860411534451e-05,10.7677358503342,1.82151241795789,0.999933779359339,6.62206406607524e-05,1,"N"
"2563",2017,"TANNER","EBS","E166",17.5,8.86867193430239e-05,9.24586922455966e-05,-10.0013352481631,1.35275500880194,0.000177373438686048,1.99982262656131,2,"N"
"2564",2017,"TANNER","EBS","E166",22.5,0.00193956903052217,0.002648809121252,-7.42378339217561,1.80116340578293,0.0271539664273104,13.9728460335727,14,"N"
"2565",2017,"TANNER","EBS","E166",27.5,0.00102939416844112,0.00102595479314594,-7.604109294628,1.42580226761941,0.0349994017269982,33.965000598273,34,"N"
"2566",2017,"TANNER","EBS","E166",32.5,0.00127536408044267,0.00107076004901239,-7.25868782083551,1.31351137274366,0.073971116665675,57.9260288833343,58,"N"
"2567",2017,"TANNER","EBS","E166",37.5,0.00328880406144516,0.00296618172122892,-6.23465210095686,1.12636147127408,0.062487277167458,18.9375127228325,19,"N"
"2568",2017,"TANNER","EBS","E166",42.5,0.00394624411853136,0.00201539091958808,-5.66434668015469,0.53495880793987,0.0631399058965018,15.9368600941035,16,"N"
"2569",2017,"TANNER","EBS","E166",47.5,0.00285582728948687,0.00166919678045061,-6.03202831153684,0.619708217878142,0.0771073368161456,26.9228926631839,27,"N"
"2570",2017,"TANNER","EBS","E166",52.5,0.0160081599184129,0.0123542165547369,-4.47884530006798,0.918724530112165,0.128065279347303,7.8719347206527,8,"N"
"2571",2017,"TANNER","EBS","E166",57.5,0.0070319938585537,0.00608952815688359,-5.26468435244667,0.764929574550452,0.0140639877171074,1.98593601228289,2,"N"
"2572",2017,"TANNER","EBS","E166",62.5,0.0111260451645456,0.00629867514582173,-4.61210817389035,0.478491219650809,0.133512541974547,11.8664874580255,12,"N"
"2573",2017,"TANNER","EBS","E166",67.5,0.0113566517352806,0.00267512138193112,-4.50139038595516,0.284212998419552,0.0567832586764031,4.9432167413236,5,"N"
"2574",2017,"TANNER","EBS","E166",72.5,0.0167932584275666,0.00303086440725109,-4.08542251872084,0.178883511279032,0.319071910123766,18.6809280898762,19,"N"
"2575",2017,"TANNER","EBS","E166",77.5,0.0225526710490003,0.00428091696556602,-3.78900428461144,0.2105418243667,0.428500749931005,18.571499250069,19,"N"
"2576",2017,"TANNER","EBS","E166",82.5,0.0847849965840647,0.0104119289314949,-2.38598359438003,0.128406884400021,2.03483991801755,21.9651600819824,24,"N"
"2577",2017,"TANNER","EBS","E166",87.5,0.141010616947714,0.0221389678109805,-1.81805600578791,0.175687194184039,3.52526542369285,21.4747345763071,25,"N"
"2578",2017,"TANNER","EBS","E166",92.5,0.123201829293538,0.00949766706186443,-1.96552661774666,0.0914344680161209,2.83364207375138,20.1663579262486,23,"N"
"2579",2017,"TANNER","EBS","E166",97.5,0.205197746690981,0.0115725089356253,-1.35557909576772,0.0706545517547452,3.89875718712864,15.1012428128714,19,"N"
"2580",2017,"TANNER","EBS","E166",102.5,0.246724672645337,0.0278635389896449,-1.12226097012166,0.155381647924582,2.22052205380803,6.77947794619197,9,"N"
"2581",2017,"TANNER","EBS","E166",107.5,0.281048421173832,0.0284076434320446,-0.943509415132126,0.140115776111043,2.81048421173832,7.18951578826168,10,"N"
"2582",2017,"TANNER","EBS","E166",112.5,0.307645717728994,0.0173152990040951,-0.81245840965827,0.0822999584810858,5.84526863685088,13.1547313631491,19,"N"
"2583",2017,"TANNER","EBS","E166",117.5,0.406295499339287,0.0391075908875775,-0.38181364764978,0.162959545802622,6.0944324900893,8.9055675099107,15,"N"
"2584",2017,"TANNER","EBS","E166",122.5,0.507006897024679,0.0326207833476805,0.0281017994806754,0.130840415352101,8.11211035239486,7.88788964760514,16,"N"
"2585",2017,"TANNER","EBS","E166",127.5,0.532051322720683,0.0329307028374161,0.128927461365826,0.132589655310929,8.51282116353093,7.48717883646907,16,"N"
"2586",2017,"TANNER","EBS","E166",132.5,0.598348793283152,0.0403277007306275,0.401935278719829,0.17256799533897,10.1719294858136,6.82807051418642,17,"N"
"2587",2017,"TANNER","EBS","E166",137.5,0.767501465647827,0.0360220289855676,1.20562448511541,0.206925110110748,9.21001758777392,2.78998241222608,12,"N"
"2588",2017,"TANNER","EBS","E166",142.5,0.893612215936813,0.0206935970926168,2.14647629500167,0.216283279374715,5.36167329562088,0.63832670437912,6,"N"
"2589",2017,"TANNER","EBS","E166",147.5,0.953342335541972,0.0194592295050696,3.11480379807986,0.479875649785923,7.62673868433578,0.373261315664224,8,"N"
"2590",2017,"TANNER","EBS","E166",152.5,0.993653754309909,0.00323788045412784,5.25223750422933,0.667024516379825,2.98096126292973,0.0190387370702716,3,"N"
"2591",2017,"TANNER","EBS","E166",157.5,0.993458156971875,0.00333767501434926,5.31919977565835,0.8134176799981,2.98037447091563,0.0196255290843736,3,"N"
"2592",2017,"TANNER","EBS","E166",162.5,0.999775485755306,0.000114548084027634,8.8266118629031,0.928314320169441,0.999775485755306,0.000224514244694163,1,"N"
"2593",2017,"TANNER","EBS","E166",167.5,0.999933779359339,3.37860411534451e-05,10.7677358503342,1.82151241795789,0.999933779359339,6.62206406607524e-05,1,"N"
"2594",2017,"TANNER","EBS","W166",12.5,0.0019191932372842,0.00165316377755412,-7.08345679021803,1.76560734668789,0.0368096848766664,19.1429603151233,19.17977,"N"
"2595",2017,"TANNER","EBS","W166",17.5,0.00282055702539415,0.00210562583972227,-6.5103994510098,1.5049383378014,0.316018198915608,111.725041801084,112.04106,"N"
"2596",2017,"TANNER","EBS","W166",22.5,0.00237626231025374,0.00163304745609138,-6.5671121761469,1.34461668007072,1.40638379082461,590.440646209175,591.84703,"N"
"2597",2017,"TANNER","EBS","W166",27.5,0.00381933884450394,0.0024804736513105,-5.9924346567797,1.16335098912052,2.31581772400957,604.02413227599,606.33995,"N"
"2598",2017,"TANNER","EBS","W166",32.5,0.00348107529130032,0.00220547098625278,-6.02489677565125,1.06041900737065,2.58474428436283,739.928435715637,742.51318,"N"
"2599",2017,"TANNER","EBS","W166",37.5,0.00435495277362562,0.00217937175407595,-5.66443014743798,0.815487575176977,0.967623124413435,221.221496875587,222.18912,"N"
"2600",2017,"TANNER","EBS","W166",42.5,0.00780076382313726,0.00403041422272714,-5.05651074886105,0.74874167779666,1.37579801526399,174.991291984736,176.36709,"N"
"2601",2017,"TANNER","EBS","W166",47.5,0.00996952939712239,0.00419838432282025,-4.71824808841587,0.540995347033347,1.54748570609661,153.674054293903,155.22154,"N"
"2602",2017,"TANNER","EBS","W166",52.5,0.0266118981706659,0.00594931632026089,-3.6292098267451,0.263111818526598,1.92960212445681,70.5793978755432,72.509,"N"
"2603",2017,"TANNER","EBS","W166",57.5,0.0339223472030212,0.00591968550050385,-3.3646902185251,0.184271156583515,2.6206539719958,74.6338460280042,77.2545,"N"
"2604",2017,"TANNER","EBS","W166",62.5,0.0429918491423955,0.00833079076417591,-3.1213948115896,0.202423294976908,2.63350871106658,58.6224912889334,61.256,"N"
"2605",2017,"TANNER","EBS","W166",67.5,0.0946764278016469,0.0163651787193293,-2.27170809541042,0.184353554233684,4.91840444725299,47.031215552747,51.94962,"N"
"2606",2017,"TANNER","EBS","W166",72.5,0.0591902682690704,0.00562241239608612,-2.77033382435274,0.0992419324746816,3.49222582787516,55.5077741721248,59,"N"
"2607",2017,"TANNER","EBS","W166",77.5,0.129796590368047,0.0136220529711611,-1.9081007368305,0.120600342377334,7.5282022413467,50.4717977586533,58,"N"
"2608",2017,"TANNER","EBS","W166",82.5,0.222837179605668,0.0172148760432207,-1.25196872822686,0.100223519939676,11.3646961598891,39.6353038401109,51,"N"
"2609",2017,"TANNER","EBS","W166",87.5,0.366387618391257,0.0258416995735496,-0.549422669405114,0.111891913877457,17.2017594561745,29.7478605438255,46.94962,"N"
"2610",2017,"TANNER","EBS","W166",92.5,0.437226239183293,0.0326176599897592,-0.25370853654484,0.134026612848819,20.5496332416148,26.4503667583852,47,"N"
"2611",2017,"TANNER","EBS","W166",97.5,0.558879688038395,0.0211274116782555,0.237002748995763,0.0854653215956297,32.9739015942653,26.0260984057347,59,"N"
"2612",2017,"TANNER","EBS","W166",102.5,0.545213995421741,0.0170413726297419,0.181580736875632,0.0689196947830738,31.0771977390393,25.9228022609607,57,"N"
"2613",2017,"TANNER","EBS","W166",107.5,0.627286229649133,0.0192344815081107,0.521470362256455,0.0827091984205245,25.7187354156144,15.2812645843856,41,"N"
"2614",2017,"TANNER","EBS","W166",112.5,0.703102378241803,0.0303183839205121,0.866660904431862,0.148812125393051,19.6868665907705,8.31313340922951,28,"N"
"2615",2017,"TANNER","EBS","W166",117.5,0.840761409165841,0.0114964590296087,1.66644973729017,0.086942579149469,26.0636036841411,4.93639631585894,31,"N"
"2616",2017,"TANNER","EBS","W166",122.5,0.92974999108731,0.0099385246776244,2.59319548218072,0.157050376595027,17.6652498306589,1.3347501693411,19,"N"
"2617",2017,"TANNER","EBS","W166",127.5,0.954909168266593,0.00570489959610195,3.06108352322357,0.135146678184848,21.008001701865,0.991998298134952,22,"N"
"2618",2017,"TANNER","EBS","W166",132.5,0.964657267852755,0.00547592444800456,3.31810746508422,0.156246080003544,16.3991735534968,0.600826446503163,17,"N"
"2619",2017,"TANNER","EBS","W166",137.5,0.981058199611647,0.00523090354928823,3.98858736686941,0.300275334678364,3.92423279844659,0.0757672015534108,4,"N"
"2620",2017,"TANNER","EBS","W166",142.5,0.996597968687553,0.00119195523242291,5.74038381472284,0.350442317503386,4.98298984343776,0.017010156562236,5,"N"
"2621",2017,"TANNER","EBS","W166",147.5,0.997854949086134,0.00101793747852518,6.29945255203078,0.611049887238068,2.9935648472584,0.00643515274159778,3,"N"
"2622",2017,"TANNER","EBS","W166",152.5,0.999933370776849,3.39945016074458e-05,10.4565580865993,1.34862025210911,0.999933370776849,6.66292231505938e-05,1,"N"
"2623",2017,"TANNER","EBS","W166",157.5,0.999909775333401,4.60329931625984e-05,9.87295691174458,1.27952638835186,0.999909775333401,9.02246665986928e-05,1,"N"
"2624",2017,"TANNER","EBS","W166",162.5,0.999783101206225,0.000110662649885295,9.01903762119083,1.42346512086908,1.99956620241245,0.000433797587550355,2,"N"
"2625",2018,"TANNER","EBS","ALL",7.5,0.00134449522487557,0.0013997890001071,-7.69228802500594,1.82404132197803,0.0618467803442763,45.9381532196557,46,"N"
"2626",2018,"TANNER","EBS","ALL",12.5,0.00185011153975385,0.00192399677493188,-6.99894610602707,1.37839391136271,0.127657696243016,68.872342303757,69,"N"
"2627",2018,"TANNER","EBS","ALL",17.5,0.00198973226636016,0.00184093822542946,-6.79564807915015,1.25508514278755,0.107371166191332,53.8552488338087,53.96262,"N"
"2628",2018,"TANNER","EBS","ALL",22.5,0.00388929001261285,0.00241973405641382,-5.89207727582745,1.01105872788302,1.24129238237497,317.915257617625,319.15655,"N"
"2629",2018,"TANNER","EBS","ALL",27.5,0.00548130374804728,0.00275571556840677,-5.43903496043749,0.824283611617397,3.96578443306203,719.545375566938,723.51116,"N"
"2630",2018,"TANNER","EBS","ALL",32.5,0.00469372318179625,0.00248335603347865,-5.59943531173622,0.815891279597467,4.46242002368972,946.25832997631,950.72075,"N"
"2631",2018,"TANNER","EBS","ALL",37.5,0.00716387037834933,0.00334825196233133,-5.10750997928666,0.679577009571485,8.44475113118687,1170.35255886881,1178.79731,"N"
"2632",2018,"TANNER","EBS","ALL",42.5,0.00753877731399871,0.00319294669935707,-5.00734244648851,0.559885476795372,11.7218103141744,1543.14707968583,1554.86889,"N"
"2633",2018,"TANNER","EBS","ALL",47.5,0.0139270925429219,0.00514149017662385,-4.34101739363279,0.429822992043248,9.65073045060664,683.295799549393,692.94653,"N"
"2634",2018,"TANNER","EBS","ALL",52.5,0.0214671254292041,0.00511196050009298,-3.84872628635052,0.251161805913721,8.55599354026094,390.006616459739,398.56261,"N"
"2635",2018,"TANNER","EBS","ALL",57.5,0.0280086639683432,0.00652158374571003,-3.57009659478225,0.215689917351628,10.9089365601652,378.575423439835,389.48436,"N"
"2636",2018,"TANNER","EBS","ALL",62.5,0.0407054460084886,0.00484739761673335,-3.1668734677744,0.124402057656058,8.35655615316338,196.936763846837,205.29332,"N"
"2637",2018,"TANNER","EBS","ALL",67.5,0.0559249521909133,0.00750838650087724,-2.83472460099734,0.13791206290384,7.184598635285,121.283971364715,128.46857,"N"
"2638",2018,"TANNER","EBS","ALL",72.5,0.066783089100204,0.00476831529548022,-2.63966961364697,0.0758093949686377,8.15043659195362,113.892983408046,122.04342,"N"
"2639",2018,"TANNER","EBS","ALL",77.5,0.121275645809884,0.0145279501182743,-1.98835342253962,0.148059720224061,14.3490615420223,103.968688457978,118.31775,"N"
"2640",2018,"TANNER","EBS","ALL",82.5,0.254793471087721,0.0265738768965159,-1.07859160734335,0.147702919513194,22.600382172323,66.100407827677,88.70079,"N"
"2641",2018,"TANNER","EBS","ALL",87.5,0.343049097352543,0.0310297543958855,-0.652888257601068,0.140121778683056,39.0503902307154,74.7828497692846,113.83324,"N"
"2642",2018,"TANNER","EBS","ALL",92.5,0.421296487938159,0.0316941526368326,-0.318667168460568,0.129617138501615,49.6427301743743,68.1905098256258,117.83324,"N"
"2643",2018,"TANNER","EBS","ALL",97.5,0.412491078345927,0.0245754994562578,-0.354464349725738,0.100603166797527,42.8990721479764,61.1009278520236,104,"N"
"2644",2018,"TANNER","EBS","ALL",102.5,0.521737778428357,0.0333256403489376,0.0876272098675898,0.134570215936166,48.887242011582,44.813547988418,93.70079,"N"
"2645",2018,"TANNER","EBS","ALL",107.5,0.579320744073997,0.0465658911537617,0.322899658550888,0.192388407689939,37.6558483648098,27.3441516351902,65,"N"
"2646",2018,"TANNER","EBS","ALL",112.5,0.765760157387403,0.0232378562846073,1.18904458194389,0.130947440552712,30.6304062954961,9.36959370450386,40,"N"
"2647",2018,"TANNER","EBS","ALL",117.5,0.829350828867728,0.0298241579773319,1.59370656692534,0.195583822481814,38.1501381279155,7.84986187208449,46,"N"
"2648",2018,"TANNER","EBS","ALL",122.5,0.903970715463643,0.0238901938648741,2.27106392649829,0.266594366948322,39.7747114804003,4.2252885195997,44,"N"
"2649",2018,"TANNER","EBS","ALL",127.5,0.939203639105182,0.00956701063884814,2.75121112519371,0.1815899656221,24.4192946167347,1.58070538326526,26,"N"
"2650",2018,"TANNER","EBS","ALL",132.5,0.956195912837904,0.00936256220210647,3.10792185121278,0.238419153932424,24.8610937337855,1.1389062662145,26,"N"
"2651",2018,"TANNER","EBS","ALL",137.5,0.961626808332946,0.0120745637699241,3.26526919515626,0.303092047521986,8.65464127499651,0.345358725003488,9,"N"
"2652",2018,"TANNER","EBS","ALL",142.5,0.995954149843447,0.00191530818475703,5.65073890537403,0.589561482488748,4.97977074921723,0.0202292507827657,5,"N"
"2653",2018,"TANNER","EBS","ALL",152.5,0.998065089200594,0.000762589558425561,6.34759820066208,0.491290119211998,0.998065089200594,0.00193491079940622,1,"N"
"2654",2018,"TANNER","EBS","ALL",157.5,0.999935798374517,3.27559313688981e-05,10.0204711939154,1.10398942107993,1.99987159674903,0.00012840325096608,2,"N"
"2655",2018,"TANNER","EBS","E166",7.5,6.71945101405612e-05,7.42002609176016e-05,-10.8939226662371,1.98005478977187,0.000134389020281122,1.99986561097972,2,"N"
"2656",2018,"TANNER","EBS","E166",12.5,7.63298501994114e-05,9.69003922063953e-05,-10.9168288220914,2.03579725753526,0.000915958202392937,11.9990840417976,12,"N"
"2657",2018,"TANNER","EBS","E166",17.5,0.000165527836807806,0.00015017534599195,-9.79357453572946,1.98085598276817,0.00198633404169367,11.9980136659583,12,"N"
"2658",2018,"TANNER","EBS","E166",22.5,0.00039674080484642,0.00033872196244181,-8.75733053763125,1.78961621509484,0.0257881523150173,64.974211847685,65,"N"
"2659",2018,"TANNER","EBS","E166",27.5,0.00104496071753451,0.00113464292498326,-7.71980911621495,1.53807259376193,0.188092929156212,179.811907070844,180,"N"
"2660",2018,"TANNER","EBS","E166",32.5,0.00208285796535456,0.00246390619884796,-7.03464521894972,1.48489585555529,0.231197234154356,110.768802765846,111,"N"
"2661",2018,"TANNER","EBS","E166",37.5,0.0021178777958607,0.00238119950165055,-6.90633671547513,1.39793756774953,0.283795624645334,133.716204375355,134,"N"
"2662",2018,"TANNER","EBS","E166",42.5,0.00173399121636374,0.00184606196569076,-6.92647481035998,1.1215743111966,0.41268990949457,237.587310090505,238,"N"
"2663",2018,"TANNER","EBS","E166",47.5,0.00338656415463167,0.00253916261233272,-6.02777922102695,0.893524574899226,0.416547391019695,122.58345260898,123,"N"
"2664",2018,"TANNER","EBS","E166",52.5,0.00653114689131346,0.00428974567943839,-5.26613611121872,0.727003124319869,0.770675333174988,117.229324666825,118,"N"
"2665",2018,"TANNER","EBS","E166",57.5,0.0104928987095884,0.00631457056720173,-4.71651711494568,0.580381099221649,1.07027566837802,100.929724331622,102,"N"
"2666",2018,"TANNER","EBS","E166",62.5,0.0143687242439822,0.00854517615742173,-4.40187875453582,0.60383211045152,0.83338600615097,57.166613993849,58,"N"
"2667",2018,"TANNER","EBS","E166",67.5,0.015248522464497,0.00516383691579312,-4.2303621502258,0.369570110846343,0.335467494218935,21.6645325057811,22,"N"
"2668",2018,"TANNER","EBS","E166",72.5,0.0324082278133048,0.0158970871032009,-3.50959383956202,0.486380079119206,0.550939872826182,16.4490601271738,17,"N"
"2669",2018,"TANNER","EBS","E166",77.5,0.0261020404696056,0.012171149220882,-3.73126511756784,0.494674590916963,0.261020404696056,9.73897959530394,10,"N"
"2670",2018,"TANNER","EBS","E166",82.5,0.0517730754295561,0.0121390706084265,-2.93808566918497,0.267788867443484,0.207092301718224,3.79290769828178,4,"N"
"2671",2018,"TANNER","EBS","E166",87.5,0.140721933625129,0.0257159719873509,-1.82565699227305,0.214597499571405,1.54794126987642,9.45205873012358,11,"N"
"2672",2018,"TANNER","EBS","E166",92.5,0.167364493440829,0.0376797347284593,-1.63265805427477,0.296924914261884,1.33891594752663,6.66108405247336,8,"N"
"2673",2018,"TANNER","EBS","E166",97.5,0.294027307687282,0.0851833410312634,-0.913679560937268,0.428123048516468,3.2343003845601,7.7656996154399,11,"N"
"2674",2018,"TANNER","EBS","E166",102.5,0.398204062336665,0.108019952697789,-0.442984410831355,0.488276799914387,3.58383656102999,5.41616343897001,9,"N"
"2675",2018,"TANNER","EBS","E166",107.5,0.260261760851345,0.0377357955533863,-1.05391433409617,0.197862171429814,1.56157056510807,4.43842943489193,6,"N"
"2676",2018,"TANNER","EBS","E166",112.5,0.842485638626467,0.0803644700885374,1.83819127191237,0.689121421594543,2.5274569158794,0.4725430841206,3,"N"
"2677",2018,"TANNER","EBS","E166",117.5,0.744108828876592,0.0501048119064892,1.083771965356,0.260789157341729,3.72054414438296,1.27945585561704,5,"N"
"2678",2018,"TANNER","EBS","E166",122.5,0.779722974657599,0.047436443267284,1.28775077712321,0.292829488375118,1.5594459493152,0.440554050684802,2,"N"
"2679",2018,"TANNER","EBS","E166",127.5,0.861662652666713,0.0412863725242096,1.88144607670353,0.392714678377283,0.861662652666713,0.138337347333287,1,"N"
"2680",2018,"TANNER","EBS","E166",132.5,0.980409213261442,0.00999529935640718,4.17698467810966,0.768593589961753,1.96081842652288,0.0391815734771161,2,"N"
"2681",2018,"TANNER","EBS","E166",137.5,0.811315459362452,0.0962676227742592,2.01282246720122,1.54431404828446,0.811315459362452,0.188684540637548,1,"N"
"2682",2018,"TANNER","EBS","W166",7.5,0.00140255434827262,0.00146028520880205,-7.64936273104404,1.82335832359526,0.0617123913239951,43.938287608676,44,"N"
"2683",2018,"TANNER","EBS","W166",12.5,0.00222353926387057,0.00232111751521263,-6.81398707289818,1.37555820696139,0.126741738040623,56.8732582619594,57,"N"
"2684",2018,"TANNER","EBS","W166",17.5,0.00255102593699165,0.0023901934112022,-6.54639272574077,1.2487210886324,0.107047732004125,41.8555722679959,41.96262,"N"
"2685",2018,"TANNER","EBS","W166",22.5,0.00485122093848072,0.0030230742413627,-5.66671946466646,1.0040473930161,1.23296957701202,252.923580422988,254.15655,"N"
"2686",2018,"TANNER","EBS","W166",27.5,0.00709126694460433,0.00357011977808924,-5.17254089537501,0.807563024629273,3.85418272293156,539.656977277068,543.51116,"N"
"2687",2018,"TANNER","EBS","W166",32.5,0.00514303487020715,0.0026619003208438,-5.49360044649342,0.790264870362338,4.3187130984865,835.402036901513,839.72075,"N"
"2688",2018,"TANNER","EBS","W166",37.5,0.0082187268620521,0.00372924350638941,-4.95850509686032,0.658501545004919,8.58690371709677,1036.2104062829,1044.79731,"N"
"2689",2018,"TANNER","EBS","W166",42.5,0.00968069838568417,0.00387277895598882,-4.74337442645827,0.535499148447478,12.7482105375807,1304.12067946242,1316.86889,"N"
"2690",2018,"TANNER","EBS","W166",47.5,0.0181639716009602,0.00635128666698371,-4.06244064321027,0.407139462313315,10.3524925849858,559.594037415014,569.94653,"N"
"2691",2018,"TANNER","EBS","W166",52.5,0.0316546714839502,0.00591840203751633,-3.43917190964799,0.202799686898817,8.88111725022965,271.68149274977,280.56261,"N"
"2692",2018,"TANNER","EBS","W166",57.5,0.0376140836263701,0.00736235382624151,-3.25925342476106,0.189696018431609,10.8134607583135,276.670899241687,287.48436,"N"
"2693",2018,"TANNER","EBS","W166",62.5,0.0537612567977311,0.00384323229122865,-2.87051902115132,0.0766157684148621,7.91867400111038,139.37464599889,147.29332,"N"
"2694",2018,"TANNER","EBS","W166",67.5,0.0662109459148347,0.00845017627722661,-2.65418080297683,0.133565217781437,7.04938472989979,99.4191852701002,106.46857,"N"
"2695",2018,"TANNER","EBS","W166",72.5,0.072746075241809,0.00555362929668649,-2.54812331280677,0.0822834890618587,7.64149653497694,97.4019234650231,105.04342,"N"
"2696",2018,"TANNER","EBS","W166",77.5,0.131189563032829,0.0160060035216797,-1.89876796513621,0.153136498003445,14.2101582911992,94.1075917088008,108.31775,"N"
"2697",2018,"TANNER","EBS","W166",82.5,0.264461108976205,0.0282130044798529,-1.02848892074203,0.153048716033605,22.4000648545606,62.3007251454394,84.70079,"N"
"2698",2018,"TANNER","EBS","W166",87.5,0.365529893322256,0.0351814711229291,-0.554733297158299,0.15411764985021,37.588623247182,65.244616752818,102.83324,"N"
"2699",2018,"TANNER","EBS","W166",92.5,0.440461166768147,0.0368240684091663,-0.24044476673926,0.149201523600634,48.3772770403259,61.4559629596741,109.83324,"N"
"2700",2018,"TANNER","EBS","W166",97.5,0.426502922187272,0.0343862308017941,-0.297275492047993,0.139406633949091,39.6647717634163,53.3352282365837,93,"N"
"2701",2018,"TANNER","EBS","W166",102.5,0.534973533723895,0.0350327774162814,0.141046552523674,0.142151531362378,45.3126809355055,39.3881090644945,84.70079,"N"
"2702",2018,"TANNER","EBS","W166",107.5,0.611767420333927,0.0522346246439907,0.460178478981721,0.221807906773017,36.0942777997017,22.9057222002983,59,"N"
"2703",2018,"TANNER","EBS","W166",112.5,0.759539172422074,0.0259004771968271,1.15517834491252,0.14006577433461,28.1029493796167,8.89705062038326,37,"N"
"2704",2018,"TANNER","EBS","W166",117.5,0.839746194720306,0.0372460332144503,1.67836878742669,0.25306912765392,34.4295939835325,6.57040601646745,41,"N"
"2705",2018,"TANNER","EBS","W166",122.5,0.909887274549645,0.0241342257309594,2.34635431475244,0.288006044388119,38.2152655310851,3.7847344689149,42,"N"
"2706",2018,"TANNER","EBS","W166",127.5,0.942305278562721,0.010564370195737,2.81145405857159,0.208649302836553,23.557631964068,1.44236803593197,25,"N"
"2707",2018,"TANNER","EBS","W166",132.5,0.954178137802609,0.0107296997177004,3.06669898645093,0.268066394437298,22.9002753072626,1.09972469273739,24,"N"
"2708",2018,"TANNER","EBS","W166",137.5,0.980415726954258,0.00903591453097485,4.07745746441848,0.65529259314695,7.84332581563406,0.156674184365938,8,"N"
"2709",2018,"TANNER","EBS","W166",142.5,0.995954149843447,0.00191530818475703,5.65073890537403,0.589561482488743,4.97977074921723,0.0202292507827657,5,"N"
"2710",2018,"TANNER","EBS","W166",152.5,0.998065089200594,0.000762589558425561,6.34759820066208,0.491290119211998,0.998065089200594,0.00193491079940622,1,"N"
"2711",2018,"TANNER","EBS","W166",157.5,0.999935798374517,3.27559313688981e-05,10.0204711939154,1.10398942107993,1.99987159674903,0.00012840325096608,2,"N"
"2712",2019,"TANNER","EBS","ALL",12.5,0.00198668679948506,0.00144592074899094,-6.71537900665295,1.23165230968103,0.00596006039845517,2.99403993960154,3,"N"
"2713",2019,"TANNER","EBS","ALL",17.5,0.000753363925225045,0.000625438422138629,-7.87286466884877,1.53463373769868,0.0132909819743268,17.6288890180257,17.64218,"N"
"2714",2019,"TANNER","EBS","ALL",22.5,0.00183811346069257,0.00128110478425477,-6.85829222220341,1.37782489040779,0.455072465665136,247.120757534335,247.57583,"N"
"2715",2019,"TANNER","EBS","ALL",27.5,0.00420211996624401,0.00271619260691655,-5.94725322492019,1.24452208352231,2.60100653376669,616.373833466233,618.97484,"N"
"2716",2019,"TANNER","EBS","ALL",32.5,0.00426504490796563,0.00268235024841693,-5.83806265568943,1.07425081723778,5.15408460508721,1203.29382539491,1208.44791,"N"
"2717",2019,"TANNER","EBS","ALL",37.5,0.00559015701725895,0.00301906602107466,-5.45280458149314,0.875467014826576,3.61653391430537,643.330216085695,646.94675,"N"
"2718",2019,"TANNER","EBS","ALL",42.5,0.00531868655916281,0.00233044247443165,-5.37861985545999,0.613356828583448,3.95496543263647,739.643174567364,743.59814,"N"
"2719",2019,"TANNER","EBS","ALL",47.5,0.00654659516536675,0.00237361227666989,-5.10304957827927,0.430586443583818,3.79789576213781,576.335084237862,580.13298,"N"
"2720",2019,"TANNER","EBS","ALL",52.5,0.0160056930132899,0.00513792335554843,-4.17002607515809,0.327294593735439,5.92602588902236,364.318854110978,370.24488,"N"
"2721",2019,"TANNER","EBS","ALL",57.5,0.0278690093616313,0.00475901896442265,-3.56624169217983,0.174082039020452,11.0105668091997,384.0722531908,395.08282,"N"
"2722",2019,"TANNER","EBS","ALL",62.5,0.0399357967580187,0.00663932587276867,-3.1937482235322,0.176244875076177,12.5140053157371,300.839084684263,313.35309,"N"
"2723",2019,"TANNER","EBS","ALL",67.5,0.0525903924231347,0.00877001058168165,-2.90495227279049,0.176328959125478,12.5496448180287,226.080345181971,238.62999,"N"
"2724",2019,"TANNER","EBS","ALL",72.5,0.0740237562789922,0.00774124576520558,-2.53187724585949,0.113276277635518,16.4556853263873,205.847074673613,222.30276,"N"
"2725",2019,"TANNER","EBS","ALL",77.5,0.115636666630494,0.0116715502218266,-2.03943471921755,0.114907774837418,27.186950465029,207.919709534971,235.10666,"N"
"2726",2019,"TANNER","EBS","ALL",82.5,0.164422031395972,0.0154280349892907,-1.62994733498706,0.113270681972453,34.441109678503,175.026620321497,209.46773,"N"
"2727",2019,"TANNER","EBS","ALL",87.5,0.287499781595629,0.0286237496103955,-0.912052886982943,0.144436429569596,45.2860800976162,112.230839902384,157.51692,"N"
"2728",2019,"TANNER","EBS","ALL",92.5,0.3887491392552,0.0265749408836296,-0.454079066956576,0.113348943222017,59.0584504613558,92.8607295386442,151.91918,"N"
"2729",2019,"TANNER","EBS","ALL",97.5,0.39612872428308,0.0377378525508998,-0.424447889178054,0.160217556959961,64.4827329510039,98.2995370489961,162.78227,"N"
"2730",2019,"TANNER","EBS","ALL",102.5,0.37644107776554,0.0453230338039383,-0.509719213616273,0.197202627169288,39.226044939702,64.976305060298,104.20235,"N"
"2731",2019,"TANNER","EBS","ALL",107.5,0.456851877730933,0.0474182500855529,-0.175083465866425,0.193896011028608,28.3224453580724,33.6723646419276,61.99481,"N"
"2732",2019,"TANNER","EBS","ALL",112.5,0.548119822414864,0.0585950799778915,0.195032853022057,0.237152993946809,18.0934243755182,14.9165556244818,33.00998,"N"
"2733",2019,"TANNER","EBS","ALL",117.5,0.794204455733556,0.0319156131500276,1.36128735557786,0.192859753684014,31.7011870835011,8.21446291649887,39.91565,"N"
"2734",2019,"TANNER","EBS","ALL",122.5,0.831524886897518,0.0381540420086572,1.61787694537928,0.253571866298464,18.152495945181,3.67787405481904,21.83037,"N"
"2735",2019,"TANNER","EBS","ALL",127.5,0.841123347748731,0.0300667117347509,1.68225282512481,0.213744290673174,16.8224669549746,3.17753304502537,20,"N"
"2736",2019,"TANNER","EBS","ALL",132.5,0.911803199701176,0.0449983674994001,2.49578054765912,0.632923268783448,6.38262239790823,0.617377602091769,7,"N"
"2737",2019,"TANNER","EBS","ALL",137.5,0.990678653422902,0.00430629822364522,4.75811231577353,0.421472876117246,0.990678653422902,0.00932134657709793,1,"N"
"2738",2019,"TANNER","EBS","ALL",142.5,0.998746224437669,0.000639681409352707,6.83384694564495,0.541899740010104,1.99749244887534,0.00250755112466261,2,"N"
"2739",2019,"TANNER","EBS","ALL",162.5,0.998162523589814,0.000937487964380471,8.23074562166023,2.29428367226148,0.998162523589814,0.00183747641018572,1,"N"
"2740",2019,"TANNER","EBS","E166",22.5,0.000512724897990936,0.0006260008068347,-8.56297487696416,1.48425135999745,0.00461452408191843,8.99538547591808,9,"N"
"2741",2019,"TANNER","EBS","E166",27.5,0.000500172238696866,0.000512191253364206,-8.31829629388843,1.28028142058988,0.00500172238696866,9.99499827761303,10,"N"
"2742",2019,"TANNER","EBS","E166",32.5,0.000433933538536181,0.000350468246613205,-8.27023913584442,1.19709998984229,0.0509998703159973,117.478220129684,117.52922,"N"
"2743",2019,"TANNER","EBS","E166",37.5,0.000738704688918645,0.000438270589960122,-7.49203736029254,0.848896968883033,0.0465111962952287,62.9166688037048,62.96318,"N"
"2744",2019,"TANNER","EBS","E166",42.5,0.00115839849658431,0.00061813270875836,-6.93295558783941,0.621136405986234,0.150569957160315,129.83057004284,129.98114,"N"
"2745",2019,"TANNER","EBS","E166",47.5,0.00166804761910544,0.000953909346653984,-6.53805697362805,0.526072221848232,0.316464613131446,189.405105386869,189.72157,"N"
"2746",2019,"TANNER","EBS","E166",52.5,0.00445040611827162,0.00201854428021938,-5.51196248324234,0.457835804658149,0.388541549050113,86.9161984509499,87.30474,"N"
"2747",2019,"TANNER","EBS","E166",57.5,0.00388433084026172,0.00115220250541786,-5.58976373769163,0.294441402760509,0.173060805994759,44.3805091940052,44.55357,"N"
"2748",2019,"TANNER","EBS","E166",62.5,0.0114175520839175,0.00696042849581822,-4.66647064510428,0.682830619265286,0.460673678849091,39.8871763211509,40.34785,"N"
"2749",2019,"TANNER","EBS","E166",67.5,0.0158889262695718,0.00879906703262625,-4.27424872823419,0.552741391107413,0.48022341200776,29.7435565879922,30.22378,"N"
"2750",2019,"TANNER","EBS","E166",72.5,0.0166801385517655,0.00582261506019814,-4.1471690404614,0.399044184469842,0.654122642198928,38.5615373578011,39.21566,"N"
"2751",2019,"TANNER","EBS","E166",77.5,0.0247033865512712,0.00957870627764698,-3.75715082621022,0.427249408866909,1.69199373895656,66.8003862610434,68.49238,"N"
"2752",2019,"TANNER","EBS","E166",82.5,0.0411046933037791,0.0143793038009196,-3.20935174191694,0.362782079743212,4.28279253611535,99.9095074638846,104.1923,"N"
"2753",2019,"TANNER","EBS","E166",87.5,0.0897259977330599,0.0288647138758791,-2.37078684359823,0.369709521569807,6.22906588582176,63.1941341141782,69.4232,"N"
"2754",2019,"TANNER","EBS","E166",92.5,0.103096016229017,0.0370028778496772,-2.22939867880245,0.416480991747065,5.68936705808041,49.4957629419196,55.18513,"N"
"2755",2019,"TANNER","EBS","E166",97.5,0.129175650267552,0.0471098267748963,-1.96657010177611,0.395339420979993,8.67763394977985,58.4993760502201,67.17701,"N"
"2756",2019,"TANNER","EBS","E166",102.5,0.1326529041994,0.0499451846859892,-1.94544417543107,0.433680224791796,7.46527034681647,48.8114496531835,56.27672,"N"
"2757",2019,"TANNER","EBS","E166",107.5,0.214152465295561,0.0518784099653665,-1.32890966608513,0.320718020022806,7.29599888759823,26.7731811124018,34.06918,"N"
"2758",2019,"TANNER","EBS","E166",112.5,0.284715375047403,0.0845127117568169,-0.966140976168425,0.453576615279596,4.55544600075845,11.4445539992415,16,"N"
"2759",2019,"TANNER","EBS","E166",117.5,0.433178851432197,0.0834184011687864,-0.276839107696986,0.347653304525932,3.89860966288977,5.10139033711023,9,"N"
"2760",2019,"TANNER","EBS","E166",122.5,0.678226977228004,0.0608619459166282,0.757644526556812,0.271398852362362,5.42581581782403,2.57418418217597,8,"N"
"2761",2019,"TANNER","EBS","E166",127.5,0.744631450184518,0.0458497947679728,1.08246990605123,0.228875394669709,7.44631450184518,2.55368549815482,10,"N"
"2762",2019,"TANNER","EBS","E166",132.5,0.890319677515798,0.0559593482062253,2.31064105596429,0.776560518091303,4.45159838757899,0.548401612421008,5,"N"
"2763",2019,"TANNER","EBS","E166",162.5,0.998162523589814,0.000937487964380471,8.23074562166023,2.29428367226148,0.998162523589814,0.00183747641018572,1,"N"
"2764",2019,"TANNER","EBS","W166",12.5,0.00198668679948506,0.00144592074899094,-6.71537900665295,1.23165230968103,0.00596006039845517,2.99403993960154,3,"N"
"2765",2019,"TANNER","EBS","W166",17.5,0.000753363925225045,0.000625438422138629,-7.87286466884877,1.53463373769868,0.0132909819743268,17.6288890180257,17.64218,"N"
"2766",2019,"TANNER","EBS","W166",22.5,0.00190224516533942,0.00132952904140219,-6.82641345357705,1.38278186760813,0.45382971918434,238.122000280816,238.57583,"N"
"2767",2019,"TANNER","EBS","W166",27.5,0.00431780583272986,0.00278791890171425,-5.91992089994953,1.24504266038247,2.62943511613773,606.345404883862,608.97484,"N"
"2768",2019,"TANNER","EBS","W166",32.5,0.00480448300308644,0.00302437212553857,-5.71808311212194,1.07361010859139,5.24130030385433,1085.67738969615,1090.91869,"N"
"2769",2019,"TANNER","EBS","W166",37.5,0.00631585902759241,0.003408547960114,-5.33021941320738,0.876826881971889,3.68835790255014,580.29521209745,583.98357,"N"
"2770",2019,"TANNER","EBS","W166",42.5,0.00634224949519403,0.00276868861136233,-5.2035808670674,0.621190666409295,3.89171210849248,609.725287891507,613.617,"N"
"2771",2019,"TANNER","EBS","W166",47.5,0.00831418485604114,0.00295639407297614,-4.86291115183242,0.437667775997839,3.24595263264767,387.165457367352,390.41141,"N"
"2772",2019,"TANNER","EBS","W166",52.5,0.019992604865957,0.00667959504447927,-3.94879877330065,0.347129398376162,5.65671041973856,277.283429580261,282.94014,"N"
"2773",2019,"TANNER","EBS","W166",57.5,0.0308209697950306,0.00520559522847074,-3.46221290463626,0.172751906111258,10.8036514265247,339.725598573475,350.52925,"N"
"2774",2019,"TANNER","EBS","W166",62.5,0.0436818373719896,0.00664804879357688,-3.09793874117397,0.162273056940584,11.925370495381,261.079869504619,273.00524,"N"
"2775",2019,"TANNER","EBS","W166",67.5,0.0573775401822951,0.00901234805218616,-2.81131618900982,0.167901749313511,11.9578356885148,196.448374311485,208.40621,"N"
"2776",2019,"TANNER","EBS","W166",72.5,0.0852876811896975,0.00860232835195815,-2.37756837016068,0.110049233906807,15.6150742147463,167.472025785254,183.0871,"N"
"2777",2019,"TANNER","EBS","W166",77.5,0.147730765481985,0.0150240641261956,-1.75741004649395,0.118239063211256,24.6140551246298,142.00022487537,166.61428,"N"
"2778",2019,"TANNER","EBS","W166",82.5,0.250370479157198,0.0228040925350898,-1.10022844352112,0.120647262728986,26.35785985258,78.91757014742,105.27543,"N"
"2779",2019,"TANNER","EBS","W166",87.5,0.418582405783611,0.0343464748725038,-0.330359638282139,0.142550185150309,36.8744812520278,51.2192387479722,88.09372,"N"
"2780",2019,"TANNER","EBS","W166",92.5,0.542326087118739,0.0322782570467129,0.170433782143591,0.130351741043969,52.4613988276485,44.2726511723515,96.73405,"N"
"2781",2019,"TANNER","EBS","W166",97.5,0.58637114484587,0.0390227410295982,0.350826260557966,0.159425542310122,56.0601657594871,39.5450942405129,95.60526,"N"
"2782",2019,"TANNER","EBS","W166",102.5,0.642391812564965,0.0476837815779502,0.590867792779309,0.202325374288836,30.7870323240179,17.1385976759821,47.92563,"N"
"2783",2019,"TANNER","EBS","W166",107.5,0.780451094311428,0.0475064947844648,1.28639199525607,0.257049287998577,21.794588492836,6.13104150716397,27.92563,"N"
"2784",2019,"TANNER","EBS","W166",112.5,0.811524269782326,0.0385272745203268,1.47877988795398,0.247260254208054,13.804011598512,3.20596840148804,17.00998,"N"
"2785",2019,"TANNER","EBS","W166",117.5,0.910248399973279,0.0176829261683155,2.3354295959804,0.214368465045783,28.1409209466339,2.7747290533661,30.91565,"N"
"2786",2019,"TANNER","EBS","W166",122.5,0.925862062078757,0.0255079706286849,2.57433663586359,0.332358349278148,12.8050148875122,1.02535511248782,13.83037,"N"
"2787",2019,"TANNER","EBS","W166",127.5,0.937615245312944,0.0160136357289364,2.74328865646912,0.277997319107469,9.37615245312944,0.623847546870556,10,"N"
"2788",2019,"TANNER","EBS","W166",132.5,0.96551200516462,0.0112054213712909,3.38912115031449,0.359287103327984,1.93102401032924,0.0689759896707607,2,"N"
"2789",2019,"TANNER","EBS","W166",137.5,0.990678653422902,0.00430629822364522,4.75811231577353,0.421472876117246,0.990678653422902,0.00932134657709793,1,"N"
"2790",2019,"TANNER","EBS","W166",142.5,0.998746224437669,0.000639681409352707,6.83384694564495,0.541899740010104,1.99749244887534,0.00250755112466261,2,"N"
"2791",2021,"TANNER","EBS","ALL",7.5,0.000140252154319063,0.000128274903865262,-9.98305045629856,2.03314046598424,0.000561008617276251,3.99943899138272,4,"N"
"2792",2021,"TANNER","EBS","ALL",12.5,0.000362824753463276,0.000268919559969126,-8.37678238153619,1.14747126734369,0.0272661205798737,75.1222938794201,75.14956,"N"
"2793",2021,"TANNER","EBS","ALL",17.5,0.000517430065863119,0.000468756401722347,-8.25137130533975,1.44105985614054,0.0279495852264728,53.9882104147735,54.01616,"N"
"2794",2021,"TANNER","EBS","ALL",22.5,0.00218144705338638,0.00177707406751525,-6.81513386336334,1.55057477141505,0.599855925011006,274.380884074989,274.98074,"N"
"2795",2021,"TANNER","EBS","ALL",27.5,0.00383836630164473,0.00283159948083584,-6.12917204273101,1.38308566616935,2.20427427658003,572.06980572342,574.27408,"N"
"2796",2021,"TANNER","EBS","ALL",32.5,0.00329845305098007,0.00212758353812418,-6.06812857737082,1.00356391182643,2.96797896177696,896.841391038223,899.80937,"N"
"2797",2021,"TANNER","EBS","ALL",37.5,0.00422179118325874,0.00231257277063102,-5.69802236678379,0.781828701591587,1.07838305637894,254.354206943621,255.43259,"N"
"2798",2021,"TANNER","EBS","ALL",42.5,0.00599216908356149,0.0029802895316126,-5.28772650991974,0.656385555266867,2.87380648188917,476.719883518111,479.59369,"N"
"2799",2021,"TANNER","EBS","ALL",47.5,0.0100246692164877,0.00377280123560334,-4.68854928292255,0.480122406000231,3.2695798485861,322.883810151414,326.15339,"N"
"2800",2021,"TANNER","EBS","ALL",52.5,0.0144281257062975,0.0038851583581368,-4.26826316403941,0.318411097530166,4.12015242350561,281.443787576494,285.56394,"N"
"2801",2021,"TANNER","EBS","ALL",57.5,0.0258628387066446,0.00609363620353961,-3.6574537338134,0.249897592398437,9.05490259942334,341.057577400577,350.11248,"N"
"2802",2021,"TANNER","EBS","ALL",62.5,0.0380315102906149,0.00464323781336875,-3.23746896727134,0.1209491531549,12.6256448799582,319.352885120042,331.97853,"N"
"2803",2021,"TANNER","EBS","ALL",67.5,0.050227521037838,0.00533809262725019,-2.94569047066991,0.118160963865565,14.7805179115819,279.490782088418,294.2713,"N"
"2804",2021,"TANNER","EBS","ALL",72.5,0.060637799712259,0.0082401727489501,-2.74928498999055,0.143434340829339,18.8419459091544,291.887434090846,310.72938,"N"
"2805",2021,"TANNER","EBS","ALL",77.5,0.0773307555867188,0.00859505751828665,-2.48542370621418,0.122605636117944,24.360095872887,290.651644127113,315.01174,"N"
"2806",2021,"TANNER","EBS","ALL",82.5,0.150042109533094,0.0112176674154807,-1.73701114571155,0.0890128658120813,44.8202248603474,253.897415139653,298.71764,"N"
"2807",2021,"TANNER","EBS","ALL",87.5,0.242552022809347,0.00667536159872799,-1.13907892419467,0.0364856074928669,72.765606842804,227.234393157196,300,"N"
"2808",2021,"TANNER","EBS","ALL",92.5,0.350886768160479,0.00937216703637963,-0.615393348544084,0.0411331587748498,101.757162766539,188.242837233461,290,"N"
"2809",2021,"TANNER","EBS","ALL",97.5,0.368336282679681,0.013566785711378,-0.539812351156896,0.0584996586832093,98.3457874754748,168.654212524525,267,"N"
"2810",2021,"TANNER","EBS","ALL",102.5,0.42569268611591,0.01046583935543,-0.299575110622369,0.0426870574585085,100.037781237239,134.962218762761,235,"N"
"2811",2021,"TANNER","EBS","ALL",107.5,0.512741709558555,0.0136412329461659,0.0510119597875319,0.0546227325752599,97.9336665256841,93.0663334743159,191,"N"
"2812",2021,"TANNER","EBS","ALL",112.5,0.594692628768115,0.0160303680310328,0.383792253621954,0.0662079109929709,79.0941196261593,53.9058803738407,133,"N"
"2813",2021,"TANNER","EBS","ALL",117.5,0.706717182815443,0.0239318955658056,0.882283874700885,0.116339728316947,51.5903543455274,21.4096456544726,73,"N"
"2814",2021,"TANNER","EBS","ALL",122.5,0.796149777902672,0.016525424696825,1.36546414359963,0.102127386617638,61.3035328985058,15.6964671014942,77,"N"
"2815",2021,"TANNER","EBS","ALL",127.5,0.880105089013478,0.0167547649165383,2.00199449669205,0.148732373902381,31.6837832044852,4.3162167955148,36,"N"
"2816",2021,"TANNER","EBS","ALL",132.5,0.888326203291924,0.0100523139455145,2.07756793729979,0.0989465244636043,15.9898716592546,2.01012834074536,18,"N"
"2817",2021,"TANNER","EBS","ALL",137.5,0.95225815760899,0.01042511333378,3.01586650267173,0.224422557427039,9.5225815760899,0.477418423910102,10,"N"
"2818",2021,"TANNER","EBS","ALL",142.5,0.979880635498084,0.00649296992136188,3.94027255523846,0.343652348380684,4.89940317749042,0.100596822509579,5,"N"
"2819",2021,"TANNER","EBS","ALL",147.5,0.992700898308142,0.00372403147543769,5.20593506899312,0.815635581329261,4.96350449154071,0.0364955084592893,5,"N"
"2820",2021,"TANNER","EBS","ALL",152.5,0.997227118004252,0.00141473571211609,6.12673206598186,0.721738017221705,0.997227118004252,0.00277288199574754,1,"N"
"2821",2021,"TANNER","EBS","ALL",162.5,0.999564054188146,0.000222421332578639,8.62772906046896,1.60714937915557,0.999564054188146,0.000435945811854133,1,"N"
"2822",2021,"TANNER","EBS","E166",7.5,3.37887559506539e-05,5.65985450196943e-05,-11.7891791816399,1.72845458429705,6.75775119013078e-05,1.9999324224881,2,"N"
"2823",2021,"TANNER","EBS","E166",12.5,3.69143771199493e-05,4.9775996081179e-05,-11.2771679910566,1.61759125688808,0.000184571885599747,4.9998154281144,5,"N"
"2824",2021,"TANNER","EBS","E166",17.5,0.000138494563793931,0.000141509489476735,-9.77884504415758,1.56756638634257,0.00318537496726041,22.9968146250327,23,"N"
"2825",2021,"TANNER","EBS","E166",22.5,0.000239965457769927,0.000187378813479832,-8.94392901030288,1.31578812204899,0.00311955095100905,12.996880449049,13,"N"
"2826",2021,"TANNER","EBS","E166",27.5,0.00059489184155724,0.000563884490890165,-8.04441229400764,1.24140856922563,0.0163201319050762,27.4174598680949,27.43378,"N"
"2827",2021,"TANNER","EBS","E166",32.5,0.000844910894937394,0.000707963869645225,-7.54287968812849,1.06824522889974,0.0483764463264771,57.2078935536735,57.25627,"N"
"2828",2021,"TANNER","EBS","E166",37.5,0.00196252602428595,0.00180317184236194,-6.65463980661916,0.926841664810781,0.110995781496415,56.4466142185036,56.55761,"N"
"2829",2021,"TANNER","EBS","E166",42.5,0.0019731955039874,0.0011086457190994,-6.4267590531835,0.67702603796018,0.444695065146766,224.923274934853,225.36797,"N"
"2830",2021,"TANNER","EBS","E166",47.5,0.00276567810566558,0.00123560709744283,-6.0145902388098,0.537754905088583,0.328397199059133,118.411812800941,118.74021,"N"
"2831",2021,"TANNER","EBS","E166",52.5,0.00848240096454918,0.0033301648080598,-4.85255890186078,0.452541949263741,0.462397221876026,54.050142778124,54.51254,"N"
"2832",2021,"TANNER","EBS","E166",57.5,0.0112274248820353,0.00265540257958947,-4.5049479751105,0.233470565992544,0.589580598214875,51.9229594017851,52.51254,"N"
"2833",2021,"TANNER","EBS","E166",62.5,0.0159263239603293,0.00244722728572449,-4.13548594354757,0.156634917887126,0.807733620400387,49.9091563795996,50.71689,"N"
"2834",2021,"TANNER","EBS","E166",67.5,0.024123861329684,0.00196390901441108,-3.70342794736466,0.0835874197349629,1.85753732238567,75.1424626776143,77,"N"
"2835",2021,"TANNER","EBS","E166",72.5,0.026331929467377,0.00562433915607656,-3.6304358429443,0.20172601842386,2.47520136993344,91.5247986300666,94,"N"
"2836",2021,"TANNER","EBS","E166",77.5,0.0402480424754213,0.00726435172373772,-3.1876300175439,0.187469748815964,4.58827684219803,109.411723157802,114,"N"
"2837",2021,"TANNER","EBS","E166",82.5,0.0700170202173064,0.00818431801336626,-2.5931332182151,0.125328093434955,6.30153181955758,83.6984681804424,90,"N"
"2838",2021,"TANNER","EBS","E166",87.5,0.134121253307863,0.0088798914893977,-1.86725649787571,0.0794166549055817,12.2050340510155,78.7949659489845,91,"N"
"2839",2021,"TANNER","EBS","E166",92.5,0.176043938640197,0.0116186144365302,-1.54548520574217,0.0809676028074032,15.3158226616972,71.6841773383028,87,"N"
"2840",2021,"TANNER","EBS","E166",97.5,0.208795172401973,0.0128482003268279,-1.33387832196568,0.0761650960797543,19.8355413781875,75.1644586218125,95,"N"
"2841",2021,"TANNER","EBS","E166",102.5,0.282782236364191,0.0223056408806194,-0.933252833125464,0.109193500215125,24.3192723273204,61.6807276726796,86,"N"
"2842",2021,"TANNER","EBS","E166",107.5,0.36692775660617,0.0333524213026921,-0.548213777039859,0.144470332074407,29.3542205284936,50.6457794715064,80,"N"
"2843",2021,"TANNER","EBS","E166",112.5,0.472730148770863,0.0346667693375306,-0.109752427148709,0.139569786050115,33.0911104139604,36.9088895860396,70,"N"
"2844",2021,"TANNER","EBS","E166",117.5,0.606347233486697,0.0409141330063929,0.435115317476237,0.172118331605283,25.4665838064413,16.5334161935587,42,"N"
"2845",2021,"TANNER","EBS","E166",122.5,0.744609906299428,0.0256967700118621,1.07446648503723,0.134797795144123,37.2304953149714,12.7695046850286,50,"N"
"2846",2021,"TANNER","EBS","E166",127.5,0.827126664485581,0.0288889507528697,1.57759005526572,0.193147716176212,17.3696599541972,3.63034004580279,21,"N"
"2847",2021,"TANNER","EBS","E166",132.5,0.850659492624221,0.0124044239092532,1.74298602557065,0.0956630827013956,10.2079139114906,1.79208608850935,12,"N"
"2848",2021,"TANNER","EBS","E166",137.5,0.933231643147643,0.0151922062662071,2.66198370029926,0.237560790751011,5.59938985888586,0.400610141114143,6,"N"
"2849",2021,"TANNER","EBS","E166",142.5,0.975102627030944,0.0080710280356605,3.72305247770441,0.348048990128422,3.90041050812377,0.0995894918762255,4,"N"
"2850",2021,"TANNER","EBS","E166",147.5,0.992700898308142,0.00372403147543769,5.20593506899312,0.815635581329261,4.96350449154071,0.0364955084592893,5,"N"
"2851",2021,"TANNER","EBS","E166",152.5,0.997227118004252,0.00141473571211609,6.12673206598186,0.721738017221705,0.997227118004252,0.00277288199574754,1,"N"
"2852",2021,"TANNER","EBS","E166",162.5,0.999564054188146,0.000222421332578639,8.62772906046896,1.60714937915557,0.999564054188146,0.000435945811854133,1,"N"
"2853",2021,"TANNER","EBS","W166",7.5,0.000246715552687472,0.000252615823975739,-9.45465638120846,2.02230935328206,0.000493431105374943,1.99950656889462,2,"N"
"2854",2021,"TANNER","EBS","W166",12.5,0.000394162289650135,0.000290480136319849,-8.29106981696399,1.14478776439826,0.0276503111875495,70.1219096888125,70.14956,"N"
"2855",2021,"TANNER","EBS","W166",17.5,0.00100162542961819,0.000888654229328932,-7.59273689939862,1.4777784113181,0.0310665745851066,30.9850934254149,31.01616,"N"
"2856",2021,"TANNER","EBS","W166",22.5,0.00236044890262761,0.00192432136666981,-6.73892368182559,1.55649770549183,0.61839215024257,261.362347849757,261.98074,"N"
"2857",2021,"TANNER","EBS","W166",27.5,0.00405604915131504,0.00298477644189321,-6.07485630731338,1.38714648718122,2.21801113471986,544.62228886528,546.8403,"N"
"2858",2021,"TANNER","EBS","W166",32.5,0.00350795090338437,0.00225065165928476,-6.0049233471574,1.0031952919512,2.9556349082943,839.597465091706,842.5531,"N"
"2859",2021,"TANNER","EBS","W166",37.5,0.00457594626223285,0.00246008959732154,-5.61429323093336,0.781808961183461,0.910041221382633,197.964938778617,198.87498,"N"
"2860",2021,"TANNER","EBS","W166",42.5,0.00770758463581872,0.00381592293097866,-5.03367001885666,0.657742971683312,1.95946625350195,252.266253746498,254.22572,"N"
"2861",2021,"TANNER","EBS","W166",47.5,0.0123710097775615,0.00460615970181078,-4.47442824887567,0.478200242425182,2.56591047777512,204.847269522225,207.41318,"N"
"2862",2021,"TANNER","EBS","W166",52.5,0.0155857004347795,0.00402898006366342,-4.18649676777296,0.306255648250782,3.60109790543642,227.450302094564,231.0514,"N"
"2863",2021,"TANNER","EBS","W166",57.5,0.0280348789208976,0.00678643679138837,-3.57601858521735,0.256404770816366,8.34317828476639,289.256761715234,297.59994,"N"
"2864",2021,"TANNER","EBS","W166",62.5,0.0420428761497786,0.00516183840990522,-3.1331018217332,0.122316462863044,11.8250482962036,269.436591703796,281.26164,"N"
"2865",2021,"TANNER","EBS","W166",67.5,0.0601289092029999,0.00726190413771011,-2.75708448194685,0.136253214183455,13.0642862701178,204.207013729882,217.2713,"N"
"2866",2021,"TANNER","EBS","W166",72.5,0.0760672341764644,0.0101567819792484,-2.50608968735344,0.147810722951097,16.4860045013799,200.24337549862,216.72938,"N"
"2867",2021,"TANNER","EBS","W166",77.5,0.0990098801748619,0.0104355719916592,-2.21389194011294,0.119394887563376,19.9021482911405,181.10959170886,201.01174,"N"
"2868",2021,"TANNER","EBS","W166",82.5,0.184835626626915,0.0161652273831088,-1.48754256947459,0.107640566315794,38.5784557774908,170.139184222509,208.71764,"N"
"2869",2021,"TANNER","EBS","W166",87.5,0.289763506180806,0.0113959910010462,-0.897180136190702,0.0556150582466748,60.5605727917885,148.439427208211,209,"N"
"2870",2021,"TANNER","EBS","W166",92.5,0.425819409383457,0.0169271847581548,-0.299284673517347,0.0693237253948813,86.4413401048417,116.558659895158,203,"N"
"2871",2021,"TANNER","EBS","W166",97.5,0.456454919170275,0.0196188365686733,-0.174902553210285,0.0792256555682067,78.5102460972873,93.4897539027127,172,"N"
"2872",2021,"TANNER","EBS","W166",102.5,0.508177912147103,0.014768681873316,0.0327340887513317,0.0591110587328635,75.7185089099183,73.2814910900817,149,"N"
"2873",2021,"TANNER","EBS","W166",107.5,0.617832846821536,0.0175401763610571,0.481012157500957,0.0744427048101018,68.5794459971905,42.4205540028095,111,"N"
"2874",2021,"TANNER","EBS","W166",112.5,0.730206495431729,0.0146480432196141,0.99694036768319,0.0745359463172743,46.0030092121989,16.9969907878011,63,"N"
"2875",2021,"TANNER","EBS","W166",117.5,0.842702275454389,0.00716953452237841,1.67946032872371,0.053847651164415,26.1237705390861,4.87622946091393,31,"N"
"2876",2021,"TANNER","EBS","W166",122.5,0.891593984575348,0.00732361926771625,2.10930922336634,0.0747030315231011,24.0730375835344,2.9269624164656,27,"N"
"2877",2021,"TANNER","EBS","W166",127.5,0.954274883352533,0.00705625515282875,3.04959814762643,0.156936321102748,14.314123250288,0.68587674971201,15,"N"
"2878",2021,"TANNER","EBS","W166",132.5,0.963659624627332,0.00754864993597654,3.3000014777866,0.221318376148484,5.78195774776399,0.21804225223601,6,"N"
"2879",2021,"TANNER","EBS","W166",137.5,0.98079792930101,0.00422217553780457,3.95893964912836,0.23494307110634,3.92319171720404,0.0768082827959584,4,"N"
"2880",2021,"TANNER","EBS","W166",142.5,0.998992669366646,0.000293146596126471,6.93996270413363,0.285056918121984,0.998992669366646,0.00100733063335379,1,"N"
"2881",2022,"TANNER","EBS","ALL",7.5,2.28376701393761e-05,2.15188110101362e-05,-11.1926838474982,1.11617981057758,2.28376701393761e-05,0.999977162329861,1,"N"
"2882",2022,"TANNER","EBS","ALL",12.5,0.00020399951718979,0.000212250711844902,-9.56144582506159,1.84558593563969,0.00319574423656079,15.6622542557634,15.66545,"N"
"2883",2022,"TANNER","EBS","ALL",17.5,0.00137377242607885,0.00111041214391825,-7.21008815081593,1.39543103719344,0.0736137740418507,53.5115162259581,53.58513,"N"
"2884",2022,"TANNER","EBS","ALL",22.5,0.00205357121200453,0.00146984846356007,-6.6752210642824,1.21543355982596,0.84002199087668,408.214208009123,409.05423,"N"
"2885",2022,"TANNER","EBS","ALL",27.5,0.00247440663395896,0.00166484657442316,-6.39436963090893,1.03952151782848,1.39274432003761,561.467175679962,562.85992,"N"
"2886",2022,"TANNER","EBS","ALL",32.5,0.00324867387203319,0.00195750307975134,-6.01255299148695,0.858599869918334,4.46787778575537,1370.82492221424,1375.2928,"N"
"2887",2022,"TANNER","EBS","ALL",37.5,0.00601982400493047,0.00311512797865419,-5.28193937311822,0.642486341599849,4.66152849434406,769.701391505656,774.36292,"N"
"2888",2022,"TANNER","EBS","ALL",42.5,0.00858290898845748,0.00477092934211074,-4.91698433918152,0.597604535303711,5.25264031004626,606.735709689954,611.98835,"N"
"2889",2022,"TANNER","EBS","ALL",47.5,0.00897780501004355,0.0046564840388705,-4.85069959001944,0.560648891963582,3.63678922520591,401.449890774794,405.08668,"N"
"2890",2022,"TANNER","EBS","ALL",52.5,0.0263801772851823,0.0111576505908204,-3.702270877702,0.453259368558254,5.59294369238463,206.420176307615,212.01312,"N"
"2891",2022,"TANNER","EBS","ALL",57.5,0.0312314060611915,0.00932431552506499,-3.48412078094812,0.335059314541868,8.58466278272043,266.28809721728,274.87276,"N"
"2892",2022,"TANNER","EBS","ALL",62.5,0.0531964736245299,0.0134606671870238,-2.91302576885131,0.280446143097372,11.4296895259135,203.428340474087,214.85803,"N"
"2893",2022,"TANNER","EBS","ALL",67.5,0.0875184356347881,0.0162016559766637,-2.36215451791663,0.210972471419687,10.6332186224763,110.863681377524,121.4969,"N"
"2894",2022,"TANNER","EBS","ALL",72.5,0.108882736915668,0.0236106915977093,-2.12544643436318,0.245282973051415,14.978678002242,122.588381997758,137.56706,"N"
"2895",2022,"TANNER","EBS","ALL",77.5,0.190808702340002,0.0167104808363103,-1.44836051793337,0.108313393568725,25.176618674873,106.770291325127,131.94691,"N"
"2896",2022,"TANNER","EBS","ALL",82.5,0.260506470278711,0.0253023179679637,-1.04750167330178,0.132287659719777,40.0996854231257,113.830024576874,153.92971,"N"
"2897",2022,"TANNER","EBS","ALL",87.5,0.380026247250089,0.0235035304540394,-0.490574993490418,0.0992803367121625,63.5980081198229,103.753611880177,167.35162,"N"
"2898",2022,"TANNER","EBS","ALL",92.5,0.413216430497204,0.0203442744064197,-0.35127514794181,0.0837804951666514,75.6186067809883,107.381393219012,183,"N"
"2899",2022,"TANNER","EBS","ALL",97.5,0.387853605756003,0.0172582125827186,-0.456920887137236,0.0725697759162545,70.5008907186557,111.271019281344,181.77191,"N"
"2900",2022,"TANNER","EBS","ALL",102.5,0.411215192563985,0.0197674626085594,-0.359490339547248,0.0812429074986137,78.4087899264438,112.267020073556,190.67581,"N"
"2901",2022,"TANNER","EBS","ALL",107.5,0.487373877945871,0.0156810270732083,-0.0505479727458493,0.0627708416863422,73.5934555698265,77.4065444301735,151,"N"
"2902",2022,"TANNER","EBS","ALL",112.5,0.570900693051732,0.0277539766745862,0.286401661036451,0.113259926957891,74.2170900967252,55.7829099032748,130,"N"
"2903",2022,"TANNER","EBS","ALL",117.5,0.697460104932328,0.0204478481748276,0.837093958306701,0.09733593740206,90.6698136412026,39.3301863587974,130,"N"
"2904",2022,"TANNER","EBS","ALL",122.5,0.763051155261269,0.0186396518364671,1.1723964349686,0.105530679160601,77.8312178366494,24.1687821633506,102,"N"
"2905",2022,"TANNER","EBS","ALL",127.5,0.85336499873417,0.0179151886114269,1.76825955663896,0.141221865562181,53.7619949202527,9.23800507974727,63,"N"
"2906",2022,"TANNER","EBS","ALL",132.5,0.876375398431621,0.012179673121079,1.96340525132351,0.114566000954633,49.9533977106024,7.04660228939758,57,"N"
"2907",2022,"TANNER","EBS","ALL",137.5,0.924974620322681,0.00829406348044212,2.51779113500992,0.117213258301923,33.2990863316165,2.70091366838347,36,"N"
"2908",2022,"TANNER","EBS","ALL",142.5,0.971078974729763,0.00755245776159333,3.54865267029923,0.274699555973336,24.2769743682441,0.723025631755934,25,"N"
"2909",2022,"TANNER","EBS","ALL",147.5,0.991506014033505,0.00406424205709993,4.88482755168656,0.524880905180773,20.8216262947036,0.178373705296398,21,"N"
"2910",2022,"TANNER","EBS","ALL",152.5,0.994432994242683,0.00284030905985564,5.4800749259909,0.867440644074825,5.9665979654561,0.0334020345439026,6,"N"
"2911",2022,"TANNER","EBS","ALL",157.5,0.997839887186885,0.00110209837403833,6.95639602899826,1.34855875995888,0.997839887186885,0.00216011281311512,1,"N"
"2912",2022,"TANNER","EBS","ALL",162.5,0.999504623703285,0.000252743008528022,8.33525554010675,1.2899914957409,1.99900924740657,0.000990752593429844,2,"N"
"2913",2022,"TANNER","EBS","E166",7.5,2.28376701393761e-05,2.15188110101362e-05,-11.1926838474982,1.11617981057758,2.28376701393761e-05,0.999977162329861,1,"N"
"2914",2022,"TANNER","EBS","E166",12.5,0.000192089268137009,0.000241567861596284,-9.64596955772713,1.71291224495724,0.0013241750534732,6.89221582494653,6.89354,"N"
"2915",2022,"TANNER","EBS","E166",17.5,0.00181952769179785,0.00230613073043826,-7.39734967118129,1.68447192378255,0.0254733876851699,13.9745266123148,14,"N"
"2916",2022,"TANNER","EBS","E166",22.5,0.00193288417965525,0.00231812601970977,-7.19493385591768,1.54533554078556,0.273388858637359,141.167501141363,141.44089,"N"
"2917",2022,"TANNER","EBS","E166",27.5,0.00251014431258213,0.00276513498416668,-6.73649110384126,1.34068395840263,0.495467596297767,196.890632403702,197.3861,"N"
"2918",2022,"TANNER","EBS","E166",32.5,0.00249224341214952,0.00278494896661844,-6.64406095775698,1.18836040153892,1.50268443309435,601.441805566906,602.94449,"N"
"2919",2022,"TANNER","EBS","E166",37.5,0.00339549578279092,0.00312823251461934,-6.14546933846512,1.01596974389586,0.379894112161141,111.501885887839,111.88178,"N"
"2920",2022,"TANNER","EBS","E166",42.5,0.00661246412027479,0.0064790197574221,-5.45539977992598,0.943488779172543,0.457994870385556,68.8043651296144,69.26236,"N"
"2921",2022,"TANNER","EBS","E166",47.5,0.00838020212802379,0.00916131340806019,-5.21938225476142,0.879195248218863,0.477193682172016,56.465786317828,56.94298,"N"
"2922",2022,"TANNER","EBS","E166",52.5,0.0239560676295535,0.0148908719309919,-3.926186534421,0.716471154458066,1.65397146743016,67.3878885325698,69.04186,"N"
"2923",2022,"TANNER","EBS","E166",57.5,0.0307270346106748,0.0132196414238082,-3.57230130601304,0.543844522650326,2.7843615828216,87.8316584171784,90.61602,"N"
"2924",2022,"TANNER","EBS","E166",62.5,0.0456948787741053,0.018393034893084,-3.1449934463453,0.514661657501457,2.95036204595857,61.6162179540414,64.56658,"N"
"2925",2022,"TANNER","EBS","E166",67.5,0.0875131143570601,0.0260580755277567,-2.40317607664628,0.400184191410237,2.6849566066055,27.9956633933945,30.68062,"N"
"2926",2022,"TANNER","EBS","E166",72.5,0.0875545552703288,0.0275902370595948,-2.40502098763001,0.403030900826308,3.40963529480131,35.5333447051987,38.94298,"N"
"2927",2022,"TANNER","EBS","E166",77.5,0.130821300415167,0.0281251530753849,-1.9219974943178,0.286661312385285,3.22228299836006,21.4088970016399,24.63118,"N"
"2928",2022,"TANNER","EBS","E166",82.5,0.134353089684287,0.024368723038869,-1.87882558229004,0.208873212887473,4.60325392587532,29.6591060741247,34.26236,"N"
"2929",2022,"TANNER","EBS","E166",87.5,0.238442809108562,0.0329475365667233,-1.16966286969721,0.180446600986556,9.77615517345103,31.223844826549,41,"N"
"2930",2022,"TANNER","EBS","E166",92.5,0.331945728973296,0.0225436661869936,-0.701175453509375,0.102551440122375,23.568146757104,47.431853242896,71,"N"
"2931",2022,"TANNER","EBS","E166",97.5,0.341246577117397,0.0235826591070602,-0.659438012784774,0.104484683570382,28.6647124778613,55.3352875221387,84,"N"
"2932",2022,"TANNER","EBS","E166",102.5,0.346340878061311,0.0307640659297034,-0.637899366254925,0.135388566420813,33.9414060500085,64.0585939499915,98,"N"
"2933",2022,"TANNER","EBS","E166",107.5,0.426235677750994,0.0212639498861204,-0.297782594620381,0.0870490376459162,36.2300326088345,48.7699673911655,85,"N"
"2934",2022,"TANNER","EBS","E166",112.5,0.537067816872129,0.0362207548543237,0.149283714795639,0.145960513625474,42.9654253497703,37.0345746502297,80,"N"
"2935",2022,"TANNER","EBS","E166",117.5,0.642476108363334,0.0292265071310448,0.588424074823137,0.127540628179095,54.6104692108834,30.3895307891166,85,"N"
"2936",2022,"TANNER","EBS","E166",122.5,0.726242014660412,0.0263256333098948,0.979790610623871,0.135330274076376,55.1943931141913,20.8056068858087,76,"N"
"2937",2022,"TANNER","EBS","E166",127.5,0.83250232551803,0.0239694692366971,1.61299034977507,0.169755164951327,39.9601116248655,8.03988837513454,48,"N"
"2938",2022,"TANNER","EBS","E166",132.5,0.870505798994833,0.0157066518132239,1.91262557495999,0.139984652009085,35.6907377587882,5.30926224121184,41,"N"
"2939",2022,"TANNER","EBS","E166",137.5,0.923571877984486,0.00800343828698881,2.49711317074271,0.110737823967404,28.6307282175191,2.36927178248092,31,"N"
"2940",2022,"TANNER","EBS","E166",142.5,0.969796182682948,0.00760131594951513,3.50260075244712,0.271598066464706,20.3657198363419,0.63428016365809,21,"N"
"2941",2022,"TANNER","EBS","E166",147.5,0.991000544028934,0.00429105994033957,4.82818254511514,0.531815236402502,18.8290103365497,0.170989663450253,19,"N"
"2942",2022,"TANNER","EBS","E166",152.5,0.994432994242683,0.00284030905985564,5.48007492599089,0.867440644074821,5.9665979654561,0.0334020345439026,6,"N"
"2943",2022,"TANNER","EBS","E166",157.5,0.997839887186885,0.00110209837403833,6.95639602899826,1.34855875995888,0.997839887186885,0.00216011281311512,1,"N"
"2944",2022,"TANNER","EBS","E166",162.5,0.999504623703285,0.000252743008528022,8.33525554010675,1.2899914957409,1.99900924740657,0.000990752593429844,2,"N"
"2945",2022,"TANNER","EBS","W166",12.5,0.000215909766242571,0.000202879059821154,-9.60328275582223,2.082178101622,0.00189394103760087,8.7700160589624,8.77191,"N"
"2946",2022,"TANNER","EBS","W166",17.5,0.0011585802288352,0.000719744273007672,-7.24518030315518,1.29130223053761,0.0458625489738711,39.5392674510261,39.58513,"N"
"2947",2022,"TANNER","EBS","W166",22.5,0.00213849912365773,0.00127400376947976,-6.54118413646198,1.12585377976813,0.572290893069117,267.041049106931,267.61334,"N"
"2948",2022,"TANNER","EBS","W166",27.5,0.00245530546090176,0.00145631175889485,-6.32604918615358,0.943274749557365,0.897349866062625,364.576470133937,365.47382,"N"
"2949",2022,"TANNER","EBS","W166",32.5,0.00369679618239081,0.00199883869082979,-5.82807535721482,0.773858765706196,2.85521428388399,769.493095716116,772.34831,"N"
"2950",2022,"TANNER","EBS","W166",37.5,0.00651188554658164,0.00329442498409006,-5.19155979118109,0.618662088301267,4.31400136044893,658.167138639551,662.48114,"N"
"2951",2022,"TANNER","EBS","W166",42.5,0.00906316078428695,0.00469018133273316,-4.84036327971108,0.557025072407762,4.91881290918131,537.807177090819,542.72599,"N"
"2952",2022,"TANNER","EBS","W166",47.5,0.0091475785560719,0.00418403306634576,-4.8000335358684,0.497903031442318,3.18467184455153,344.959028155448,348.1437,"N"
"2953",2022,"TANNER","EBS","W166",52.5,0.0275922321129967,0.0116191651661714,-3.64143837292411,0.402478030098903,3.9448961914076,139.026363808592,142.97126,"N"
"2954",2022,"TANNER","EBS","W166",57.5,0.0315313025993365,0.00786370210722735,-3.45490843669448,0.254030298241739,5.80985502490728,178.446884975093,184.25674,"N"
"2955",2022,"TANNER","EBS","W166",62.5,0.0569472710497423,0.0118425353200745,-2.82800630041101,0.217984173813403,8.55868793960879,141.732762060391,150.29145,"N"
"2956",2022,"TANNER","EBS","W166",67.5,0.0875202579901744,0.0138196337675176,-2.35643522773992,0.171935032217716,7.94826425530792,82.8680157446921,90.81628,"N"
"2957",2022,"TANNER","EBS","W166",72.5,0.116727585336943,0.0238502551278586,-2.04309885432669,0.223790003832496,11.5121507144775,87.1119292855225,98.62408,"N"
"2958",2022,"TANNER","EBS","W166",77.5,0.20580555282121,0.0168794945545477,-1.35345639538399,0.102384725453821,22.0861731390617,85.2295568609383,107.31573,"N"
"2959",2022,"TANNER","EBS","W166",82.5,0.2994135876583,0.0313432839689452,-0.854800968115499,0.152596232454948,35.8300305890615,83.8373194109385,119.66735,"N"
"2960",2022,"TANNER","EBS","W166",87.5,0.42646561496051,0.0288113374598766,-0.297337598324028,0.118289847279147,53.8846213245566,72.4669986754434,126.35162,"N"
"2961",2022,"TANNER","EBS","W166",92.5,0.464736250213253,0.0318664608192457,-0.141975476055198,0.128822398130809,52.0504600238843,59.9495399761157,112,"N"
"2962",2022,"TANNER","EBS","W166",97.5,0.429502439858588,0.0235478555724735,-0.284581847719944,0.0966946699210382,41.9932738946342,55.7786361053658,97.77191,"N"
"2963",2022,"TANNER","EBS","W166",102.5,0.48032044062118,0.0228571409660291,-0.0789790354343398,0.0918592168833601,44.5140858941248,48.1617241058752,92.67581,"N"
"2964",2022,"TANNER","EBS","W166",107.5,0.566112469105939,0.016181355239002,0.266296230808738,0.0659765417663971,37.363422960992,28.636577039008,66,"N"
"2965",2022,"TANNER","EBS","W166",112.5,0.625033294939097,0.0154478503055368,0.511498838263383,0.0657864391754106,31.2516647469548,18.7483352530452,50,"N"
"2966",2022,"TANNER","EBS","W166",117.5,0.801318765118206,0.00960973176255344,1.39561569857543,0.0594826175499847,36.0593444303193,8.94065556968073,45,"N"
"2967",2022,"TANNER","EBS","W166",122.5,0.870647104709927,0.0133704563633457,1.9116725759797,0.115866425647294,22.6368247224581,3.3631752775419,26,"N"
"2968",2022,"TANNER","EBS","W166",127.5,0.920125553025818,0.00947393325833165,2.45093093735862,0.12836486674758,13.8018832953873,1.19811670461273,15,"N"
"2969",2022,"TANNER","EBS","W166",132.5,0.891416246988392,0.0160758891812496,2.11583965011617,0.164425707061508,14.2626599518143,1.73734004818574,16,"N"
"2970",2022,"TANNER","EBS","W166",137.5,0.933671622819489,0.0237218515254663,2.75147715754563,0.554129512160853,4.66835811409745,0.331641885902554,5,"N"
"2971",2022,"TANNER","EBS","W166",142.5,0.97781363297554,0.0109031980551453,3.87878573489437,0.416128672934581,3.91125453190216,0.0887454680978408,4,"N"
"2972",2022,"TANNER","EBS","W166",147.5,0.996307979076927,0.00188368414442481,5.75870209500951,0.580830720815973,1.99261595815385,0.00738404184614527,2,"N"
"2973",2023,"TANNER","EBS","ALL",7.5,0.000869154070728808,0.00110169210354256,-8.85523648963372,2.72449094392937,0.000869154070728808,0.999130845929271,1,"N"
"2974",2023,"TANNER","EBS","ALL",12.5,0.000326442583483279,0.000261951034217061,-8.6094053863451,1.29210544810249,0.00235018747110369,7.1970398125289,7.19939,"N"
"2975",2023,"TANNER","EBS","ALL",17.5,0.00112547342827233,0.000993354059861516,-7.45351811404179,1.34098643400402,0.11381836247925,101.015501637521,101.12932,"N"
"2976",2023,"TANNER","EBS","ALL",22.5,0.00113426429579524,0.00092725400723932,-7.32036297796511,1.19166540109551,0.816740662729487,719.245299337271,720.06204,"N"
"2977",2023,"TANNER","EBS","ALL",27.5,0.00166513347816162,0.00130833323423562,-6.84274445893668,1.04917716613971,1.59400934975612,955.692220650244,957.28623,"N"
"2978",2023,"TANNER","EBS","ALL",32.5,0.0021374911667544,0.00147982643304223,-6.48522221845418,0.911118891747225,4.01967455320077,1876.5375954468,1880.55727,"N"
"2979",2023,"TANNER","EBS","ALL",37.5,0.00424965081224045,0.00250712282917832,-5.67772759885932,0.720400970924023,6.86607510188001,1608.81375489812,1615.67983,"N"
"2980",2023,"TANNER","EBS","ALL",42.5,0.00818409388920768,0.00483946458837437,-4.96979163163851,0.597145765597014,19.6489458231458,2381.22109417685,2400.87004,"N"
"2981",2023,"TANNER","EBS","ALL",47.5,0.0107220193237507,0.00474887829894896,-4.6224475178282,0.448669994024873,18.4177622031172,1699.33349779688,1717.75126,"N"
"2982",2023,"TANNER","EBS","ALL",52.5,0.0216259427697303,0.00514429602467425,-3.83816372065181,0.231257580018033,21.4193419205928,969.027278079407,990.44662,"N"
"2983",2023,"TANNER","EBS","ALL",57.5,0.0340013171446219,0.00448903468152298,-3.35470195996403,0.128626484063971,32.7134597955434,929.409850204457,962.12331,"N"
"2984",2023,"TANNER","EBS","ALL",62.5,0.048587326955845,0.00656633461277259,-2.9832134783018,0.137485152056608,31.5421133190102,617.64184668099,649.18396,"N"
"2985",2023,"TANNER","EBS","ALL",67.5,0.0660308008893675,0.00904722944651492,-2.65803330309304,0.140644206040146,20.9275788497691,296.009041150231,316.93662,"N"
"2986",2023,"TANNER","EBS","ALL",72.5,0.0850701281520097,0.0063885047269713,-2.37816529060201,0.0825093585487728,25.2605026711246,271.676897328875,296.9374,"N"
"2987",2023,"TANNER","EBS","ALL",77.5,0.143818285711649,0.00616010442982588,-1.78482707776391,0.0503958335212711,42.0870075797655,250.553162420235,292.64017,"N"
"2988",2023,"TANNER","EBS","ALL",82.5,0.279268915109817,0.0119263211430314,-0.948863249183554,0.0593624811691569,61.3914175104326,158.437622489567,219.82904,"N"
"2989",2023,"TANNER","EBS","ALL",87.5,0.426502018741274,0.014571382800081,-0.2964140884404,0.0598665440257947,92.0730852050588,123.806514794941,215.8796,"N"
"2990",2023,"TANNER","EBS","ALL",92.5,0.507113208113509,0.0101322252346709,0.0284682129755372,0.0405530180658816,97.6261081633676,94.8873318366324,192.51344,"N"
"2991",2023,"TANNER","EBS","ALL",97.5,0.533127940742113,0.0158895161513743,0.132848484208276,0.0639302626499322,92.0941411927325,80.6488988072675,172.74304,"N"
"2992",2023,"TANNER","EBS","ALL",102.5,0.570146061356914,0.0120097946488586,0.282620986761587,0.0491306920249626,96.9248304306754,73.0751695693246,170,"N"
"2993",2023,"TANNER","EBS","ALL",107.5,0.641047158020311,0.0108774524924811,0.580236175646343,0.0476217072394049,79.4898475945185,44.5101524054815,124,"N"
"2994",2023,"TANNER","EBS","ALL",112.5,0.711351712929014,0.00979261496834543,0.902433957638133,0.0476650436722984,86.0735572644107,34.9264427355893,121,"N"
"2995",2023,"TANNER","EBS","ALL",117.5,0.796886542020076,0.015226010040915,1.36960170453909,0.0949660034870554,83.673086912108,21.326913087892,105,"N"
"2996",2023,"TANNER","EBS","ALL",122.5,0.87613208144533,0.0173872789662439,1.96568468016418,0.158137737334647,70.0905665156264,9.90943348437361,80,"N"
"2997",2023,"TANNER","EBS","ALL",127.5,0.916421247516532,0.0037226446110277,2.39565341257164,0.0482925798351976,48.5703261183762,4.42967388162379,53,"N"
"2998",2023,"TANNER","EBS","ALL",132.5,0.938400501464441,0.00460849320350524,2.72620728632343,0.0781163953974718,41.2896220644354,2.71037793556459,44,"N"
"2999",2023,"TANNER","EBS","ALL",137.5,0.960420750727365,0.00736560072768114,3.20820981029724,0.209825903647197,31.693884774003,1.30611522599697,33,"N"
"3000",2023,"TANNER","EBS","ALL",142.5,0.992005158380579,0.0020344813723002,4.84955611797852,0.235578357610741,23.8081238011339,0.191876198866115,24,"N"
"3001",2023,"TANNER","EBS","ALL",147.5,0.989071826610595,0.00557559866806372,4.77054367768408,0.834666112141678,15.8251492257695,0.174850774230478,16,"N"
"3002",2023,"TANNER","EBS","ALL",152.5,0.999148259688732,0.000432992251126089,7.23248750918508,0.624114405692371,6.99403781782113,0.0059621821788749,7,"N"
"3003",2023,"TANNER","EBS","ALL",157.5,0.999800967425959,0.000101547231653782,8.82957131838304,0.901136518503195,3.99920386970383,0.000796130296165654,4,"N"
"3004",2023,"TANNER","EBS","E166",7.5,0.000869154070728808,0.00110169210354256,-8.85523648963372,2.72449094392937,0.000869154070728808,0.999130845929271,1,"N"
"3005",2023,"TANNER","EBS","E166",17.5,0.000223850119005855,0.000152936580158337,-8.89822551313883,1.26771106779211,0.00111925059502927,4.99888074940497,5,"N"
"3006",2023,"TANNER","EBS","E166",22.5,0.000458955535439375,0.000275818869510525,-8.13645028084072,1.23953926561665,0.0105915234213254,23.0668584765787,23.07745,"N"
"3007",2023,"TANNER","EBS","E166",27.5,0.000588468809849805,0.000305492676971116,-7.7118877039689,0.905916176130013,0.0253405556194308,43.0365094443806,43.06185,"N"
"3008",2023,"TANNER","EBS","E166",32.5,0.00144717385794045,0.000878604346426248,-6.91766461123671,1.06503386945832,0.192115455537128,132.560044544463,132.75216,"N"
"3009",2023,"TANNER","EBS","E166",37.5,0.00194199640507305,0.000916541985077108,-6.45768900568974,0.787944762197559,0.276545123653451,142.125944876347,142.40249,"N"
"3010",2023,"TANNER","EBS","E166",42.5,0.00339853904290221,0.00149242124996372,-5.82553022496276,0.60687394643444,1.06709724839069,312.919952751609,313.98705,"N"
"3011",2023,"TANNER","EBS","E166",47.5,0.00420060231726694,0.00175511397880387,-5.5630499201527,0.454013614935996,0.958311550673634,227.178388449326,228.1367,"N"
"3012",2023,"TANNER","EBS","E166",52.5,0.0134173287697615,0.00553102689683371,-4.40390346731079,0.502499589427229,1.09935017448329,80.8357498255167,81.9351,"N"
"3013",2023,"TANNER","EBS","E166",57.5,0.0221066058167317,0.00667691588676731,-3.84628683716421,0.366565599111095,1.9631917199147,86.8424682800853,88.80566,"N"
"3014",2023,"TANNER","EBS","E166",62.5,0.0287671939511344,0.00614036701363642,-3.53900553472529,0.198822185520765,1.12976192582144,38.1428180741786,39.27258,"N"
"3015",2023,"TANNER","EBS","E166",67.5,0.0493689143363094,0.0102864984750841,-2.9808444938709,0.230709035047233,0.448143851442132,8.62930614855787,9.07745,"N"
"3016",2023,"TANNER","EBS","E166",72.5,0.0580134381972844,0.0140634684849464,-2.81710565243449,0.262437052794673,1.16026876394569,18.8397312360543,20,"N"
"3017",2023,"TANNER","EBS","E166",77.5,0.123438387846202,0.01890079872362,-1.97290018413753,0.186577708219967,1.85157581769302,13.148424182307,15,"N"
"3018",2023,"TANNER","EBS","E166",82.5,0.230869564163029,0.041200614170527,-1.21807257322134,0.234469128872164,4.61739128326057,15.3826087167394,20,"N"
"3019",2023,"TANNER","EBS","E166",87.5,0.294873327602362,0.0864665495725138,-0.908620547455535,0.425979146677775,4.42309991403543,10.5769000859646,15,"N"
"3020",2023,"TANNER","EBS","E166",92.5,0.256603010528425,0.01995809390976,-1.06647447062129,0.106829833639893,4.87545720004008,14.1245427999599,19,"N"
"3021",2023,"TANNER","EBS","E166",97.5,0.319782675871861,0.0267452703004522,-0.757653151495653,0.125447322202846,6.71543619330909,14.2845638066909,21,"N"
"3022",2023,"TANNER","EBS","E166",102.5,0.317896923337188,0.0287552527355167,-0.766697491821063,0.133648541039936,8.58321693010407,18.4167830698959,27,"N"
"3023",2023,"TANNER","EBS","E166",107.5,0.52777077474202,0.0246900408262969,0.111428526127029,0.0991133777266596,23.2219140886489,20.7780859113511,44,"N"
"3024",2023,"TANNER","EBS","E166",112.5,0.615536784128665,0.0228619321911343,0.471624437912806,0.0956119872020736,31.3923759905619,19.6076240094381,51,"N"
"3025",2023,"TANNER","EBS","E166",117.5,0.749437185485969,0.024333656638839,1.09976215803144,0.129571497062516,36.7224220888125,12.2775779111875,49,"N"
"3026",2023,"TANNER","EBS","E166",122.5,0.848096638926698,0.0199407266417919,1.72800764368679,0.154718441381169,33.0757689181412,5.92423108185879,39,"N"
"3027",2023,"TANNER","EBS","E166",127.5,0.895389388758256,0.00393702095319185,2.14772895284043,0.0429113625054257,25.0709028852312,2.92909711476883,28,"N"
"3028",2023,"TANNER","EBS","E166",132.5,0.924960980182699,0.00891949539259138,2.51929699149343,0.135968040635676,22.1990635243848,1.80093647561522,24,"N"
"3029",2023,"TANNER","EBS","E166",137.5,0.96042324204627,0.00660159424349745,3.20523580577986,0.194341954597577,23.0501578091105,0.949842190889527,24,"N"
"3030",2023,"TANNER","EBS","E166",142.5,0.989436590445283,0.00214569851098799,4.55738813827933,0.183801501091541,13.852112266234,0.147887733766039,14,"N"
"3031",2023,"TANNER","EBS","E166",147.5,0.990174736761498,0.00501288940739891,5.00975273653074,0.967489960974904,12.8722715778995,0.127728422100525,13,"N"
"3032",2023,"TANNER","EBS","E166",152.5,0.999352716349015,0.000330246760706852,7.58173307807567,0.705070321478261,5.99611629809409,0.00388370190591303,6,"N"
"3033",2023,"TANNER","EBS","E166",157.5,0.999754379167192,0.000125316751432422,8.6222939168788,0.906791012154698,2.99926313750158,0.000736862498422752,3,"N"
"3034",2023,"TANNER","EBS","W166",12.5,0.000326442583483279,0.000261951034217061,-8.6094053863451,1.29210544810249,0.00235018747110369,7.1970398125289,7.19939,"N"
"3035",2023,"TANNER","EBS","W166",17.5,0.0011880861580825,0.00105672322629068,-7.40670414087274,1.3452248240742,0.114209914477884,96.0151100855221,96.12932,"N"
"3036",2023,"TANNER","EBS","W166",22.5,0.00116865501970226,0.000961363312760158,-7.29498280935895,1.19391530007393,0.814534539758619,696.170055460241,696.98459,"N"
"3037",2023,"TANNER","EBS","W166",27.5,0.00173313335194973,0.00138029136084235,-6.81169832656811,1.05629863296815,1.58447276414356,912.639907235856,914.22438,"N"
"3038",2023,"TANNER","EBS","W166",32.5,0.00221097427843982,0.00155530140914082,-6.45344812275918,0.906854087685411,3.86435214193568,1743.94075785806,1747.80511,"N"
"3039",2023,"TANNER","EBS","W166",37.5,0.00465579798790191,0.00279937311699578,-5.58987109631059,0.721893803071651,6.85928167519348,1466.41805832481,1473.27734,"N"
"3040",2023,"TANNER","EBS","W166",42.5,0.00973969608490499,0.00600995578478158,-4.80480006723859,0.610201572437731,20.3256060873578,2066.55738391264,2086.88299,"N"
"3041",2023,"TANNER","EBS","W166",47.5,0.0126583785272144,0.00572355089252951,-4.45839161048052,0.457623535541021,18.8561049601299,1470.75845503987,1489.61456,"N"
"3042",2023,"TANNER","EBS","W166",52.5,0.022798601912583,0.00519588725371401,-3.78213988827473,0.222779773407763,20.7127924774757,887.798727522524,908.51152,"N"
"3043",2023,"TANNER","EBS","W166",57.5,0.0356344025113609,0.00458210105249912,-3.30581577553532,0.127056559116902,31.1201526603758,842.197497339624,873.31765,"N"
"3044",2023,"TANNER","EBS","W166",62.5,0.0502348443088814,0.00712383562882294,-2.94888529536901,0.14325224007176,30.638803216515,579.272576783485,609.91138,"N"
"3045",2023,"TANNER","EBS","W166",67.5,0.0666536751530332,0.00970382123741079,-2.64908055361148,0.149359109500716,20.5199451100624,287.339224889938,307.85917,"N"
"3046",2023,"TANNER","EBS","W166",72.5,0.0881623212896926,0.0084504304067633,-2.34087419182419,0.106373302387226,24.4154440359321,252.521955964068,276.9374,"N"
"3047",2023,"TANNER","EBS","W166",77.5,0.145385970162837,0.00626403718435016,-1.77217240145767,0.0511076104864452,40.364985471625,237.275184528375,277.64017,"N"
"3048",2023,"TANNER","EBS","W166",82.5,0.284558461661378,0.0130458750080169,-0.92285515439237,0.0645188872307021,56.8630442176701,142.96599578233,199.82904,"N"
"3049",2023,"TANNER","EBS","W166",87.5,0.437174615320105,0.0154488539991308,-0.252886199046082,0.0628582500448444,87.8194618556565,113.060138144343,200.8796,"N"
"3050",2023,"TANNER","EBS","W166",92.5,0.53704838895701,0.0104856303732441,0.148532813526008,0.0422051097236311,93.1851134143888,80.3283265856112,173.51344,"N"
"3051",2023,"TANNER","EBS","W166",97.5,0.562996277823949,0.0154668767883626,0.253584031619508,0.0629710413909394,85.4307667056905,66.3122732943095,151.74304,"N"
"3052",2023,"TANNER","EBS","W166",102.5,0.617773520983016,0.0136902657891094,0.480508354959432,0.0581399590002913,88.3416135005713,54.6583864994287,143,"N"
"3053",2023,"TANNER","EBS","W166",107.5,0.70334916882337,0.0101119706730823,0.863772638126245,0.0485102819734063,56.2679335058696,23.7320664941304,80,"N"
"3054",2023,"TANNER","EBS","W166",112.5,0.781159732483555,0.00688988634090034,1.27288734841333,0.0401624555046441,54.6811812738488,15.3188187261512,70,"N"
"3055",2023,"TANNER","EBS","W166",117.5,0.838404728987419,0.0130622820362857,1.64946788331173,0.0953746898391865,46.9506648232955,9.04933517670452,56,"N"
"3056",2023,"TANNER","EBS","W166",122.5,0.902799941402077,0.0184716073650796,2.24590585062405,0.206150863919245,37.0147975974852,3.98520240251483,41,"N"
"3057",2023,"TANNER","EBS","W166",127.5,0.939976929325801,0.0103001128260967,2.76572249258444,0.182926102088523,23.499423233145,1.50057676685496,25,"N"
"3058",2023,"TANNER","EBS","W166",132.5,0.954527927002532,0.00890263617988097,3.06350460447472,0.208378143595673,19.0905585400506,0.909441459949363,20,"N"
"3059",2023,"TANNER","EBS","W166",137.5,0.960414107210285,0.0135914447838332,3.25408558654654,0.386715164924565,8.64372696489256,0.356273035107439,9,"N"
"3060",2023,"TANNER","EBS","W166",142.5,0.995601153489992,0.00206154338208312,5.54056281414221,0.503973715506785,9.95601153489993,0.0439884651000746,10,"N"
"3061",2023,"TANNER","EBS","W166",147.5,0.984292549290015,0.00801400546427791,4.41867789731368,0.791850082197156,2.95287764787005,0.047122352129954,3,"N"
"3062",2023,"TANNER","EBS","W166",152.5,0.997921519727038,0.00106044911885827,6.35193463500598,0.603459990754697,0.997921519727038,0.0020784802729622,1,"N"
"3063",2023,"TANNER","EBS","W166",157.5,0.999940732202257,3.02386723178634e-05,10.1396150584647,0.89221604172985,0.999940732202257,5.92677977430123e-05,1,"N"
"3064",2024,"TANNER","EBS","ALL",17.5,0.000848914227016252,0.000646799751568481,-7.65398929917415,1.37339815982922,0.0116188937748992,13.6751511062251,13.68677,"N"
"3065",2024,"TANNER","EBS","ALL",22.5,0.00115204851078356,0.000806053283484132,-7.17406320593406,1.07495457850289,0.321398044239479,278.658211955761,278.97961,"N"
"3066",2024,"TANNER","EBS","ALL",27.5,0.00249638919059701,0.00151121681439262,-6.30211984837358,0.92398071686599,0.732731617573002,292.783848382427,293.51658,"N"
"3067",2024,"TANNER","EBS","ALL",32.5,0.00327007226734949,0.0021194320339738,-5.96019367977615,0.74743626421452,2.92019637882584,890.086483621174,893.00668,"N"
"3068",2024,"TANNER","EBS","ALL",37.5,0.00746202410898219,0.00379199176509246,-5.01577324548415,0.506903400827207,5.86845714868197,780.574612851318,786.44307,"N"
"3069",2024,"TANNER","EBS","ALL",42.5,0.00572424869361902,0.00236805550152549,-5.24178686093473,0.419939628580539,9.39659270277619,1632.14506729722,1641.54166,"N"
"3070",2024,"TANNER","EBS","ALL",47.5,0.00717720983768059,0.00258155495332398,-5.00144408710812,0.396701113109514,15.905874349802,2200.2581656502,2216.16404,"N"
"3071",2024,"TANNER","EBS","ALL",52.5,0.0149961246096669,0.00375066358036206,-4.21460511314685,0.246355281897895,17.7524854940117,1166.05239450599,1183.80488,"N"
"3072",2024,"TANNER","EBS","ALL",57.5,0.0222480475526694,0.00318781435075509,-3.79284268237225,0.14293318505088,29.5498002494147,1298.64765975059,1328.19746,"N"
"3073",2024,"TANNER","EBS","ALL",62.5,0.0260978038760944,0.00243140985269484,-3.62360517920474,0.0931039029307485,41.0923017907092,1533.45787820929,1574.55018,"N"
"3074",2024,"TANNER","EBS","ALL",67.5,0.040356698226618,0.00546429506842119,-3.17765685756107,0.138508754339184,49.3428737748662,1173.32587622513,1222.66875,"N"
"3075",2024,"TANNER","EBS","ALL",72.5,0.0511120729771497,0.00410472347016696,-2.92451015412633,0.0855946013859946,72.3769662450463,1343.66746375495,1416.04443,"N"
"3076",2024,"TANNER","EBS","ALL",77.5,0.0797310264566471,0.0034323804358257,-2.44692066881669,0.0468218999020895,107.535845775886,1241.19689422411,1348.73274,"N"
"3077",2024,"TANNER","EBS","ALL",82.5,0.140036024639355,0.00816873100742654,-1.81659631832974,0.0668986574946578,209.50796087951,1286.59249912049,1496.10046,"N"
"3078",2024,"TANNER","EBS","ALL",87.5,0.234836700575195,0.0120624642966927,-1.18241540982163,0.0679477258251289,261.502957443388,852.049382556612,1113.55234,"N"
"3079",2024,"TANNER","EBS","ALL",92.5,0.335264676737848,0.0187319374634061,-0.685661033333147,0.0847698462024255,197.612728320086,391.810321679914,589.42305,"N"
"3080",2024,"TANNER","EBS","ALL",97.5,0.386749409744171,0.0202799325405729,-0.461797884650143,0.0852944231819493,168.345188067062,266.937151932938,435.28234,"N"
"3081",2024,"TANNER","EBS","ALL",102.5,0.471945365991225,0.017768624522355,-0.112491957083726,0.0714248221338543,132.483696114481,148.234593885519,280.71829,"N"
"3082",2024,"TANNER","EBS","ALL",107.5,0.537481879914566,0.019684686831418,0.150449817149832,0.0792879335385765,117.092980578318,100.761769421682,217.85475,"N"
"3083",2024,"TANNER","EBS","ALL",112.5,0.67971300335321,0.0129219573640473,0.753081660446987,0.0593768854992406,104.218681927379,49.1087980726208,153.32748,"N"
"3084",2024,"TANNER","EBS","ALL",117.5,0.780606483083267,0.00939647831128718,1.2700494030992,0.0551035909418346,102.997169246811,28.9478907531893,131.94506,"N"
"3085",2024,"TANNER","EBS","ALL",122.5,0.882540621655955,0.0114193103606176,2.02112496482147,0.107226363859517,94.4318465171872,12.5681534828128,107,"N"
"3086",2024,"TANNER","EBS","ALL",127.5,0.89580220930465,0.00582665801276195,2.15299434552611,0.0633740306985052,111.768748963726,13.0007010362739,124.76945,"N"
"3087",2024,"TANNER","EBS","ALL",132.5,0.91096095849855,0.0123465472292378,2.33457363278958,0.148968703850139,59.2124623024058,5.78753769759424,65,"N"
"3088",2024,"TANNER","EBS","ALL",137.5,0.955198245776873,0.00779612000811206,3.0751343790318,0.186201639776822,46.8047140430668,2.19528595693321,49,"N"
"3089",2024,"TANNER","EBS","ALL",142.5,0.985966902576986,0.00584629631779989,4.32868027321283,0.388731664691218,28.5930401747326,0.4069598252674,29,"N"
"3090",2024,"TANNER","EBS","ALL",147.5,0.992931441579877,0.00247900377424964,5.01430282617662,0.389768465080039,11.9151772989585,0.084822701041471,12,"N"
"3091",2024,"TANNER","EBS","ALL",152.5,0.999129188622573,0.000224524642712806,7.08198471413084,0.279326924020964,11.9895502634709,0.0104497365291252,12,"N"
"3092",2024,"TANNER","EBS","ALL",157.5,0.999873187309804,6.470035214098e-05,9.25504239787076,0.759107847668727,3.99949274923921,0.000507250760785283,4,"N"
"3093",2024,"TANNER","EBS","ALL",162.5,0.999955922531952,2.24885041060196e-05,10.5332916193624,1.0378495244744,1.9999118450639,8.81549360955969e-05,2,"N"
"3094",2024,"TANNER","EBS","E166",17.5,0.00296879468721422,0.00342404711655172,-6.6422547421751,1.35483298286887,0.00477509843875597,1.60365490156124,1.60843,"N"
"3095",2024,"TANNER","EBS","E166",22.5,0.00488644074558925,0.00506469865121324,-5.94390817957429,1.16649344635702,0.0962273582638878,19.5965026417361,19.69273,"N"
"3096",2024,"TANNER","EBS","E166",27.5,0.00434991609741215,0.0034589309590124,-5.8140340610082,0.930275614477586,0.170013425726086,38.9142865742739,39.0843,"N"
"3097",2024,"TANNER","EBS","E166",32.5,0.00524478169231219,0.00375088863495631,-5.51217115700414,0.752833840232733,0.604635006999897,114.678524993,115.28316,"N"
"3098",2024,"TANNER","EBS","E166",37.5,0.00862273591722426,0.00540730300635153,-4.93241159853444,0.614977931590724,0.498093547441488,57.2670464525585,57.76514,"N"
"3099",2024,"TANNER","EBS","E166",42.5,0.00826342361660528,0.00472679619475961,-4.94766865283322,0.579002836636237,1.40210797094057,168.274292029059,169.6764,"N"
"3100",2024,"TANNER","EBS","E166",47.5,0.0076240018314359,0.00363261389224683,-4.98099130769212,0.480245628021087,1.35262036636614,176.063439633634,177.41606,"N"
"3101",2024,"TANNER","EBS","E166",52.5,0.0165010595830229,0.00289106798203526,-4.10315371552118,0.180238001209263,1.8710261042541,111.517213895746,113.38824,"N"
"3102",2024,"TANNER","EBS","E166",57.5,0.0205112397514618,0.0048922798663876,-3.89297382172246,0.235974005698628,3.36729761712628,160.801112382874,164.16841,"N"
"3103",2024,"TANNER","EBS","E166",62.5,0.0278372099967641,0.00703161604268224,-3.58472186417783,0.260292836861591,8.00263639754404,279.477193602456,287.47983,"N"
"3104",2024,"TANNER","EBS","E166",67.5,0.0293034102517501,0.00660772695524385,-3.52459989682743,0.225904263214223,8.7761457341402,290.71615426586,299.4923,"N"
"3105",2024,"TANNER","EBS","E166",72.5,0.0405602703365049,0.00971496741157633,-3.19045698483656,0.240298837795447,11.1267935047105,263.200606495289,274.3274,"N"
"3106",2024,"TANNER","EBS","E166",77.5,0.0818216213007552,0.0110517626204752,-2.4264979431935,0.14350416555745,13.7431039827005,154.221106017299,167.96421,"N"
"3107",2024,"TANNER","EBS","E166",82.5,0.127048409582212,0.00555641009857517,-1.928269521396,0.051075681178703,15.6219855153133,107.338904484687,122.96089,"N"
"3108",2024,"TANNER","EBS","E166",87.5,0.223737130436821,0.00929837727028112,-1.24479297230408,0.0531513353234806,23.7124128404526,82.2709471595474,105.98336,"N"
"3109",2024,"TANNER","EBS","E166",92.5,0.231038689854814,0.0291387425514568,-1.20936889505052,0.161379920730929,10.1605109142508,33.8170190857492,43.97753,"N"
"3110",2024,"TANNER","EBS","E166",97.5,0.406531641524094,0.0299706295768132,-0.379688362671002,0.123889191513247,22.3145705870545,32.5755494129455,54.89012,"N"
"3111",2024,"TANNER","EBS","E166",102.5,0.418994990354022,0.0173842133825807,-0.327317252000658,0.0715431366883652,22.5796903095771,31.3104296904229,53.89012,"N"
"3112",2024,"TANNER","EBS","E166",107.5,0.395523774148136,0.0323889401393554,-0.426038057527321,0.135580340375392,26.0176487891702,39.7625912108298,65.78024,"N"
"3113",2024,"TANNER","EBS","E166",112.5,0.625771096759763,0.0174073319334181,0.514763526028088,0.073661667062943,31.5498705902841,18.8677194097159,50.41759,"N"
"3114",2024,"TANNER","EBS","E166",117.5,0.745899756592151,0.0362443996132519,1.08574207085539,0.191128753586574,35.0163088272039,11.9287511727961,46.94506,"N"
"3115",2024,"TANNER","EBS","E166",122.5,0.840835684772959,0.0199687080538263,1.67242181691008,0.154250427712727,26.9067419127347,5.0932580872653,32,"N"
"3116",2024,"TANNER","EBS","E166",127.5,0.86727424418357,0.0235587058184422,1.89171886569298,0.1996767768012,33.8236955231592,5.17630447684076,39,"N"
"3117",2024,"TANNER","EBS","E166",132.5,0.879265083443495,0.0327740273789519,2.02140991323591,0.309177932803485,27.2572175867484,3.74278241325165,31,"N"
"3118",2024,"TANNER","EBS","E166",137.5,0.943197666309875,0.0153191199178743,2.84385646670837,0.275647345742304,26.4095346566765,1.59046534332351,28,"N"
"3119",2024,"TANNER","EBS","E166",142.5,0.98424554160719,0.00803798897592323,4.27544658503256,0.541583901795694,15.747928665715,0.252071334284953,16,"N"
"3120",2024,"TANNER","EBS","E166",147.5,0.990376783625941,0.00352043663260099,4.70722825052321,0.400070766335023,7.92301426900753,0.0769857309924706,8,"N"
"3121",2024,"TANNER","EBS","E166",152.5,0.999104401775682,0.000239408075396837,7.05600703110728,0.286353248013684,10.9901484195325,0.00985158046749746,11,"N"
"3122",2024,"TANNER","EBS","E166",157.5,0.999842034511697,8.05946368894795e-05,9.0596999542022,0.767546507824835,2.99952610353509,0.000473896464910251,3,"N"
"3123",2024,"TANNER","EBS","E166",162.5,0.999955922531952,2.24885041060196e-05,10.5332916193624,1.0378495244744,1.9999118450639,8.81549360955969e-05,2,"N"
"3124",2024,"TANNER","EBS","W166",17.5,0.00065619782154371,0.000441836065927038,-7.97388172146372,1.58221863852433,0.00792578039586425,12.0704142196041,12.07834,"N"
"3125",2024,"TANNER","EBS","W166",22.5,0.000824027571239818,0.000521242145850045,-7.54930527302905,1.19811864991127,0.21365953798075,259.073220462019,259.28688,"N"
"3126",2024,"TANNER","EBS","W166",27.5,0.00203649153702633,0.00115800842572735,-6.50948362589695,0.954849856323745,0.518149184966315,253.914130815034,254.43228,"N"
"3127",2024,"TANNER","EBS","W166",32.5,0.00273254391384961,0.00174660821969743,-6.14865245744501,0.773754338952424,2.1251636712337,775.598356328766,777.72352,"N"
"3128",2024,"TANNER","EBS","W166",37.5,0.00728404829838507,0.00360544858447074,-5.03602502649103,0.500487081652718,5.30772523608726,723.370204763913,728.67793,"N"
"3129",2024,"TANNER","EBS","W166",42.5,0.0052556627851184,0.00197309723362827,-5.31389506632097,0.384651876739679,7.73562747169061,1464.12963252831,1471.86526,"N"
"3130",2024,"TANNER","EBS","W166",47.5,0.00712579329871668,0.00259441665091468,-5.01093817005152,0.402598411728132,14.5276966936562,2024.22028330634,2038.74798,"N"
"3131",2024,"TANNER","EBS","W166",52.5,0.0147348767292066,0.00415765631420149,-4.2411193990126,0.280844373591518,15.7724572392915,1054.64418276071,1070.41664,"N"
"3132",2024,"TANNER","EBS","W166",57.5,0.0226903980650413,0.00412512558249135,-3.77885924782166,0.182712563724547,26.4122825037719,1137.61676749623,1164.02905,"N"
"3133",2024,"TANNER","EBS","W166",62.5,0.0255648382123795,0.00397957757141425,-3.65240252714326,0.1574805618315,32.9037452657007,1254.1666047343,1287.07035,"N"
"3134",2024,"TANNER","EBS","W166",67.5,0.0440535749479421,0.0069991796766729,-3.08949936321752,0.16331461205051,40.6692229302501,882.50722706975,923.17645,"N"
"3135",2024,"TANNER","EBS","W166",72.5,0.0554399607789766,0.00482744869491012,-2.83918765309211,0.092556087647364,63.2967473638897,1078.42028263611,1141.71703,"N"
"3136",2024,"TANNER","EBS","W166",77.5,0.0792038329742198,0.00388181195103325,-2.45438802231053,0.0529654044142873,93.521393431335,1087.24713656867,1180.76853,"N"
"3137",2024,"TANNER","EBS","W166",82.5,0.141681838117671,0.00899599272395693,-1.80329948063244,0.073146832873189,194.548938269708,1178.59063173029,1373.13957,"N"
"3138",2024,"TANNER","EBS","W166",87.5,0.236661287447257,0.0128980157863361,-1.17244933306983,0.0725248156722818,238.452571998719,769.116408001281,1007.56898,"N"
"3139",2024,"TANNER","EBS","W166",92.5,0.348558807717827,0.0202427154756989,-0.626599467805218,0.0896090888404676,190.11984012623,355.32567987377,545.44552,"N"
"3140",2024,"TANNER","EBS","W166",97.5,0.38316145594095,0.0228446400691955,-0.477237067739677,0.09677282813074,145.75163684381,234.64058315619,380.39222,"N"
"3141",2024,"TANNER","EBS","W166",102.5,0.483859200509595,0.0200703716703272,-0.0647032553029888,0.0804673997094386,109.752896989255,117.075273010745,226.82817,"N"
"3142",2024,"TANNER","EBS","W166",107.5,0.569502505275415,0.0219212085986206,0.280342155899951,0.0892379325187401,86.6068144335312,65.4676955664688,152.07451,"N"
"3143",2024,"TANNER","EBS","W166",112.5,0.699473899828037,0.0183733653938721,0.846277794287733,0.0869102847548821,71.9827820891743,30.9271079108257,102.90989,"N"
"3144",2024,"TANNER","EBS","W166",117.5,0.796122431396943,0.00863439652339099,1.36306860434507,0.0533314231633255,67.6704066687401,17.3295933312599,85,"N"
"3145",2024,"TANNER","EBS","W166",122.5,0.900334728059367,0.0120718243305961,2.20765371297892,0.128575224051366,67.5251046044525,7.47489539554748,75,"N"
"3146",2024,"TANNER","EBS","W166",127.5,0.911472500004962,0.0119927937617112,2.34067535891851,0.147621084348653,78.1764950155506,7.59295498444945,85.76945,"N"
"3147",2024,"TANNER","EBS","W166",132.5,0.939860138695806,0.00711437026802164,2.75573096356891,0.122802650820164,31.9552447156574,2.04475528434259,34,"N"
"3148",2024,"TANNER","EBS","W166",137.5,0.971199018399538,0.00768981528500244,3.55446044006538,0.281209386000844,20.3951793863903,0.6048206136097,21,"N"
"3149",2024,"TANNER","EBS","W166",142.5,0.988085500693658,0.00370818645058082,4.46461267240068,0.30824670689493,12.8451115090176,0.154888490982447,13,"N"
"3150",2024,"TANNER","EBS","W166",147.5,0.99804075748775,0.000797637110690282,6.31579029806216,0.40937966563301,3.992163029951,0.0078369700490013,4,"N"
"3151",2024,"TANNER","EBS","W166",152.5,0.999401843938374,0.000305181664094869,7.85412647523186,1.00720604429885,0.999401843938374,0.000598156061625943,1,"N"
"3152",2024,"TANNER","EBS","W166",157.5,0.999966645704124,1.70174978957078e-05,11.218179618156,1.48304867511809,0.999966645704124,3.33542958755872e-05,1,"N"
"3153",2025,"TANNER","EBS","ALL",7.5,0.00028743298052561,0.000252938253727792,-9.30936772549144,2.04913325919126,0.00185579954144438,6.45460420045856,6.45646,"N"
"3154",2025,"TANNER","EBS","ALL",12.5,0.000170597450584641,0.000154350683069079,-9.63898652041504,1.83434310346571,0.000760260714632431,4.45569973928537,4.45646,"N"
"3155",2025,"TANNER","EBS","ALL",17.5,0.00308543177360994,0.00267133499604069,-7.05507847959495,2.18366857244388,0.0684316061809884,22.110508393819,22.17894,"N"
"3156",2025,"TANNER","EBS","ALL",22.5,0.00172300209221717,0.00125785975918464,-7.07930570204667,1.54706513188822,0.398154683323624,230.683795316676,231.08195,"N"
"3157",2025,"TANNER","EBS","ALL",27.5,0.00619208940113624,0.00524438326549554,-5.92947469595986,1.65895391565514,1.8709865009074,300.286553499093,302.15754,"N"
"3158",2025,"TANNER","EBS","ALL",32.5,0.00325026305100336,0.00226423108861815,-6.242069100505,1.24870850683318,2.33247184212359,715.293088157876,717.62556,"N"
"3159",2025,"TANNER","EBS","ALL",37.5,0.00477815825989069,0.00250741592226607,-5.61490598404575,0.906074284846342,2.70684457232155,563.796905427678,566.50375,"N"
"3160",2025,"TANNER","EBS","ALL",42.5,0.00629568805879213,0.00297391341243492,-5.24517224472851,0.705395362557848,10.2588865857255,1619.25110341427,1629.50999,"N"
"3161",2025,"TANNER","EBS","ALL",47.5,0.0122982027267266,0.00538153923574325,-4.51266422989738,0.554806704497915,14.760062728718,1185.42040727128,1200.18047,"N"
"3162",2025,"TANNER","EBS","ALL",52.5,0.0292428786620767,0.0102304293752543,-3.56766808042594,0.382075714028029,39.3970702819042,1307.8393197181,1347.23639,"N"
"3163",2025,"TANNER","EBS","ALL",57.5,0.028378307449114,0.00426024730783486,-3.54366753814024,0.145960092770003,48.7665162742331,1669.67692372577,1718.44344,"N"
"3164",2025,"TANNER","EBS","ALL",62.5,0.0341677546975033,0.00468372946389902,-3.35087901938091,0.140433712336969,42.0835330492274,1189.59040695077,1231.67394,"N"
"3165",2025,"TANNER","EBS","ALL",67.5,0.0486970766894542,0.0060602960025652,-2.97971227374214,0.128780621770198,43.3776042811173,847.386425718883,890.76403,"N"
"3166",2025,"TANNER","EBS","ALL",72.5,0.0670118060799378,0.00978421585060789,-2.64438541705968,0.159943694739454,51.0007737606132,710.070696239387,761.07147,"N"
"3167",2025,"TANNER","EBS","ALL",77.5,0.105207188817851,0.00792848824729081,-2.14339474243479,0.0833421338314472,85.8630754646292,730.270084535371,816.13316,"N"
"3168",2025,"TANNER","EBS","ALL",82.5,0.173361463219901,0.00417930900989164,-1.5622617582419,0.02901256063935,141.247798542666,673.511121457334,814.75892,"N"
"3169",2025,"TANNER","EBS","ALL",87.5,0.255622125933036,0.0102282017846394,-1.06955166916733,0.0538446945598124,189.038829982008,550.485690017992,739.52452,"N"
"3170",2025,"TANNER","EBS","ALL",92.5,0.312469638833945,0.0185091558252149,-0.790006359183875,0.0867003497438883,203.126663162932,446.941816837068,650.06848,"N"
"3171",2025,"TANNER","EBS","ALL",97.5,0.316206735316517,0.0166407284654814,-0.772311914865421,0.0764292143066881,185.726501886894,401.631328113106,587.35783,"N"
"3172",2025,"TANNER","EBS","ALL",102.5,0.30666945474102,0.0200907107786507,-0.817420694333508,0.094047379992326,241.633207866313,546.294002133687,787.92721,"N"
"3173",2025,"TANNER","EBS","ALL",107.5,0.321144576077664,0.0272264447621412,-0.751291552434414,0.125095849692134,286.99977823102,606.67802176898,893.6778,"N"
"3174",2025,"TANNER","EBS","ALL",112.5,0.398993090327246,0.0392533542419869,-0.412473139284915,0.164927016099687,279.801373742632,421.467346257368,701.26872,"N"
"3175",2025,"TANNER","EBS","ALL",117.5,0.552070068952506,0.0436477357939261,0.210416360244781,0.176390189506756,316.58582319847,256.86642680153,573.45225,"N"
"3176",2025,"TANNER","EBS","ALL",122.5,0.712530259272345,0.036624652978163,0.914243656827928,0.177137049156094,225.742539937593,91.0756400624074,316.81818,"N"
"3177",2025,"TANNER","EBS","ALL",127.5,0.839593675130388,0.0170207302430535,1.66047427592529,0.124887859939809,173.688607472182,33.1836125278178,206.87222,"N"
"3178",2025,"TANNER","EBS","ALL",132.5,0.906083914686755,0.0097265497745601,2.27222260196084,0.117584701696449,99.0290370256211,10.2644129743789,109.29345,"N"
"3179",2025,"TANNER","EBS","ALL",137.5,0.95008980384013,0.0110155614269425,2.97336249581079,0.251931159277417,62.0397145820978,3.25907541790219,65.29879,"N"
"3180",2025,"TANNER","EBS","ALL",142.5,0.975432181489973,0.00982224423243272,3.77872787927628,0.480306875396871,43.5388933825739,1.09659661742613,44.63549,"N"
"3181",2025,"TANNER","EBS","ALL",147.5,0.994257355873199,0.00228249040443355,5.24627034846668,0.45544169830263,17.7113525474506,0.102297452549383,17.81365,"N"
"3182",2025,"TANNER","EBS","ALL",152.5,0.999480094929472,0.00022911323593588,7.69755650657983,0.574206476937053,5.99688056957683,0.00311943042317075,6,"N"
"3183",2025,"TANNER","EBS","ALL",162.5,0.999689217016517,0.000158562746674872,8.89503789442386,1.52245800835085,1.99937843403303,0.000621565966965498,2,"N"
"3184",2025,"TANNER","EBS","E166",7.5,0.000355583165078404,0.000312693373384866,-9.17461362305223,2.12540400641726,0.00106674949523521,2.99893325050477,3,"N"
"3185",2025,"TANNER","EBS","E166",12.5,0.000245011879198355,0.000276653485299495,-9.49066297746906,1.91600357591583,0.000245011879198355,0.999754988120802,1,"N"
"3186",2025,"TANNER","EBS","E166",17.5,0.00462808879639732,0.00407857207789801,-6.78310917210035,2.33078022140786,0.0647932431495624,13.9352067568504,14,"N"
"3187",2025,"TANNER","EBS","E166",22.5,0.00521487667646091,0.00436021672912275,-6.39899697149414,2.01979888059316,0.146016546940906,27.8539834530591,28,"N"
"3188",2025,"TANNER","EBS","E166",27.5,0.0224607162493865,0.0216344551908315,-5.04003600044619,2.10717755581789,0.994026399690423,43.2621936003096,44.25622,"N"
"3189",2025,"TANNER","EBS","E166",32.5,0.019896077026065,0.0186813248691728,-5.0049028428756,1.9155884369424,0.656570541860146,32.3434294581399,33,"N"
"3190",2025,"TANNER","EBS","E166",37.5,0.010271801815683,0.00790913388727085,-5.24992908595215,1.43212792349263,0.225979639945026,21.774020360055,22,"N"
"3191",2025,"TANNER","EBS","E166",42.5,0.0085007459566318,0.00697434365725996,-5.228941284793,1.1101173014432,0.475058492286577,55.4092715077134,55.88433,"N"
"3192",2025,"TANNER","EBS","E166",47.5,0.0391173955441093,0.0288112298702109,-3.6508256927611,1.10585398059375,1.3851567555658,34.0250932444342,35.41025,"N"
"3193",2025,"TANNER","EBS","E166",52.5,0.0765341799052061,0.045735187251411,-2.79550644405962,0.957890116939619,5.20726008469518,62.8310999153048,68.03836,"N"
"3194",2025,"TANNER","EBS","E166",57.5,0.0504466073272572,0.0228251453678384,-3.08244790581374,0.628418471110175,5.68204756271273,106.952832437287,112.63488,"N"
"3195",2025,"TANNER","EBS","E166",62.5,0.0557039464080003,0.020293289642733,-2.92279116557611,0.493304133778385,4.99118779124697,84.610862208753,89.60205,"N"
"3196",2025,"TANNER","EBS","E166",67.5,0.0707539535081265,0.0247611677714919,-2.66898225751804,0.512312176471749,4.13713153738299,54.334958462617,58.47209,"N"
"3197",2025,"TANNER","EBS","E166",72.5,0.0908962913631084,0.0345795080409267,-2.38816864660446,0.475832452668415,8.54116818592916,85.4249118140709,93.96608,"N"
"3198",2025,"TANNER","EBS","E166",77.5,0.100963513501489,0.02874378753292,-2.22253766970112,0.29702257242935,8.71044943155723,77.5627905684428,86.27324,"N"
"3199",2025,"TANNER","EBS","E166",82.5,0.179889010073267,0.0344143816042187,-1.53291039163467,0.222592390874785,10.121199709378,46.142380290622,56.26358,"N"
"3200",2025,"TANNER","EBS","E166",87.5,0.241243928966625,0.0315452922926353,-1.1528110213634,0.165661489665846,12.9554093326481,40.7471206673519,53.70253,"N"
"3201",2025,"TANNER","EBS","E166",92.5,0.320486712028126,0.0380184164429471,-0.756266333778014,0.168906573516404,18.3542868173193,38.9157531826807,57.27004,"N"
"3202",2025,"TANNER","EBS","E166",97.5,0.341558893377292,0.0330184120560068,-0.659479724996011,0.14453606587904,27.7585049271282,53.5115350728718,81.27004,"N"
"3203",2025,"TANNER","EBS","E166",102.5,0.353620089656336,0.0409518796268922,-0.607193026836054,0.174992425385139,24.495277755298,44.774762244702,69.27004,"N"
"3204",2025,"TANNER","EBS","E166",107.5,0.366468788310206,0.0255605797276427,-0.549019163655507,0.110402725067491,20.8291880790207,36.0083619209793,56.83755,"N"
"3205",2025,"TANNER","EBS","E166",112.5,0.476773875869834,0.028395267530865,-0.0931745103075991,0.113871782734462,19.4059029858082,21.2966270141918,40.70253,"N"
"3206",2025,"TANNER","EBS","E166",117.5,0.673951687319523,0.0154734513379306,0.726968497651871,0.0704401859616578,24.6447350655735,11.9227749344265,36.56751,"N"
"3207",2025,"TANNER","EBS","E166",122.5,0.723858788375521,0.0114456945625316,0.964386999269855,0.0565334113587248,18.096469709388,6.90353029061197,25,"N"
"3208",2025,"TANNER","EBS","E166",127.5,0.889433167937508,0.00968256147308229,2.08855312500691,0.0957979455300012,30.2407277098753,3.75927229012473,34,"N"
"3209",2025,"TANNER","EBS","E166",132.5,0.909527981329918,0.0128194202899239,2.31725804256239,0.150716965479274,15.4619756826086,1.5380243173914,17,"N"
"3210",2025,"TANNER","EBS","E166",137.5,0.962880098680189,0.00991886228361257,3.28585040892311,0.246993813294768,16.3689616775632,0.631038322436794,17,"N"
"3211",2025,"TANNER","EBS","E166",142.5,0.981714591353542,0.00722260800186822,4.09095225438137,0.517235642347238,9.81714591353542,0.18285408646458,10,"N"
"3212",2025,"TANNER","EBS","E166",147.5,0.993505140194843,0.00187739779996084,5.0679656704935,0.272399182790803,5.96103084116906,0.038969158830942,6,"N"
"3213",2025,"TANNER","EBS","E166",152.5,0.999421997733032,0.000255908818522618,7.56667683646047,0.492858001712973,2.9982659931991,0.00173400680090285,3,"N"
"3214",2025,"TANNER","EBS","W166",7.5,8.29824268672269e-05,8.07517273403338e-05,-10.2919998055412,1.77542043898708,0.000286825439169495,3.45617317456083,3.45646,"N"
"3215",2025,"TANNER","EBS","W166",12.5,9.61830219709276e-05,9.13996503661006e-05,-10.1056372946221,1.72997012621689,0.000332452768121632,3.45612754723188,3.45646,"N"
"3216",2025,"TANNER","EBS","W166",17.5,0.000385781983732024,0.000267087625891459,-8.49318786237398,1.49656216385125,0.0031552876980252,8.17578471230198,8.17894,"N"
"3217",2025,"TANNER","EBS","W166",22.5,0.000921588253210412,0.000721400650781022,-7.54499633829134,1.3020947048944,0.187157939559064,202.894792060441,203.08195,"N"
"3218",2025,"TANNER","EBS","W166",27.5,0.00134875774402357,0.000952999253475136,-7.05580632963037,1.17701836000846,0.347846402543901,257.553473597456,257.90132,"N"
"3219",2025,"TANNER","EBS","W166",32.5,0.00164408801832197,0.000981164401961257,-6.74061472948412,0.986215631123976,1.12558468023297,683.499975319767,684.62556,"N"
"3220",2025,"TANNER","EBS","W166",37.5,0.00405008501755677,0.00202887958770417,-5.74121920440236,0.828978142333905,2.20528647987848,542.298463520121,544.50375,"N"
"3221",2025,"TANNER","EBS","W166",42.5,0.00603878810952926,0.00259279982663048,-5.26353170710558,0.661568518725182,9.50279192445813,1564.12286807554,1573.62566,"N"
"3222",2025,"TANNER","EBS","W166",47.5,0.00988748876561351,0.00365403380404885,-4.70142147622139,0.482981582281068,11.5166524647712,1153.25356753523,1164.77022,"N"
"3223",2025,"TANNER","EBS","W166",52.5,0.0217440022501227,0.00644278432165227,-3.85596579754459,0.33488889875024,27.8148848426725,1251.38314515733,1279.19803,"N"
"3224",2025,"TANNER","EBS","W166",57.5,0.0254102607882878,0.00331141829550865,-3.65473695744968,0.127362976410107,40.8040142856649,1565.00454571434,1605.80856,"N"
"3225",2025,"TANNER","EBS","W166",62.5,0.0321476094114265,0.00397314394981358,-3.41207024344993,0.124720152612392,36.7148810394896,1105.35700896051,1142.07189,"N"
"3226",2025,"TANNER","EBS","W166",67.5,0.0467997109416115,0.00537145153507096,-3.02040324311594,0.119547085609725,38.951022211033,793.340917788967,832.29194,"N"
"3227",2025,"TANNER","EBS","W166",72.5,0.062899618755241,0.00759529312526229,-2.70865385964541,0.131406075947843,41.9606747005663,625.144715299434,667.10539,"N"
"3228",2025,"TANNER","EBS","W166",77.5,0.105890079098645,0.00581424323496228,-2.13487312369891,0.0606404780929425,77.2849246597304,652.57499534027,729.85992,"N"
"3229",2025,"TANNER","EBS","W166",82.5,0.17257391696381,0.00208735486411626,-1.56756377854266,0.0146468195525306,130.896511822597,627.598828177403,758.49534,"N"
"3230",2025,"TANNER","EBS","W166",87.5,0.257574257113854,0.00990805019420338,-1.05926888965553,0.0520993631299905,176.650089586595,509.171900413405,685.82199,"N"
"3231",2025,"TANNER","EBS","W166",92.5,0.31118034343722,0.0203657651481265,-0.796336377321763,0.0957483300195555,184.467222148248,408.331217851752,592.79844,"N"
"3232",2025,"TANNER","EBS","W166",97.5,0.31013758232621,0.0172857920001817,-0.800703644680902,0.0807831014740217,156.956843635415,349.130946364585,506.08779,"N"
"3233",2025,"TANNER","EBS","W166",102.5,0.298541050246637,0.0211918199846932,-0.85627138961828,0.100760401878033,214.548666299076,504.108503700924,718.65717,"N"
"3234",2025,"TANNER","EBS","W166",107.5,0.315717730267116,0.0299575123881076,-0.777038338780178,0.138814460712496,264.205304326166,572.634945673834,836.84025,"N"
"3235",2025,"TANNER","EBS","W166",112.5,0.390496029721753,0.0426219898890623,-0.448895750804438,0.180748987622186,257.948474563425,402.617715436575,660.56619,"N"
"3236",2025,"TANNER","EBS","W166",117.5,0.537296539453473,0.0475847675064351,0.150543506457441,0.191666138256767,288.466312887378,248.418427112622,536.88474,"N"
"3237",2025,"TANNER","EBS","W166",122.5,0.710982646006884,0.0428555536035613,0.908996192745429,0.206769837169952,207.477661769313,84.3405182306867,291.81818,"N"
"3238",2025,"TANNER","EBS","W166",127.5,0.824047411318993,0.0209557088854549,1.55049766242689,0.141860713728232,142.454905379967,30.4173146200326,172.87222,"N"
"3239",2025,"TANNER","EBS","W166",132.5,0.905196806612,0.012630146309782,2.26531347364982,0.150077685381577,83.5437362112043,8.74971378879567,92.29345,"N"
"3240",2025,"TANNER","EBS","W166",137.5,0.944213181886589,0.0142130336693021,2.86676011100714,0.303920652747859,45.6043541871722,2.69443581282784,48.29879,"N"
"3241",2025,"TANNER","EBS","W166",142.5,0.972919217544545,0.0109294352785551,3.67719525251524,0.473593203172109,33.6975338300719,0.937956169928079,34.63549,"N"
"3242",2025,"TANNER","EBS","W166",147.5,0.994708685280213,0.00266045672916817,5.42103882679043,0.68516723449451,11.7511402598606,0.0625097401394097,11.81365,"N"
"3243",2025,"TANNER","EBS","W166",152.5,0.999538192125911,0.000235616262290535,7.90014951495814,0.761931531887531,2.99861457637773,0.00138542362226834,3,"N"
"3244",2025,"TANNER","EBS","W166",162.5,0.999689217016517,0.000158562746674872,8.89503789442386,1.52245800835085,1.99937843403303,0.000621565966965498,2,"N"
